{"type":"FeatureCollection","crs":{"type":"name","properties":{"name":"EPSG:4326"}},"features":[{"type":"Feature","id":235,"geometry":{"type":"Polygon","coordinates":[[[-104.998121811145,39.7910221794384],[-104.998175518856,39.7825648301854],[-104.998356821673,39.7826106344202],[-104.999342798666,39.7828752010949],[-105.000292002232,39.783134869673],[-105.001415524522,39.783473379809],[-105.002046628339,39.783599134217],[-105.002420570997,39.7836480553134],[-105.002837632156,39.7836734869137],[-105.002951437319,39.7836667579368],[-105.003172180166,39.7836535961312],[-105.003509845967,39.7836266163086],[-105.004259107186,39.7835303593799],[-105.005039145038,39.7834200247925],[-105.005693348719,39.783316257489],[-105.005969788645,39.7832700780321],[-105.006204613919,39.7832674398391],[-105.00627660621,39.7832666310191],[-105.006635043117,39.7832640666747],[-105.006693866664,39.7832636461138],[-105.007043634516,39.7832603768357],[-105.007681247679,39.7833340542666],[-105.008380252172,39.7834032511038],[-105.008873794504,39.783459751771],[-105.009732264175,39.783539073234],[-105.009893965098,39.7835504730024],[-105.010517272019,39.7835944133082],[-105.011081659529,39.7836109600044],[-105.014817888689,39.7836879565023],[-105.016228943834,39.7837174324715],[-105.018281460644,39.7837092782873],[-105.019266294558,39.783706202392],[-105.019481045029,39.7837070789652],[-105.019763224139,39.7837176982631],[-105.020100494906,39.7837474772066],[-105.020333426226,39.783781564304],[-105.020762604437,39.7838306518373],[-105.021847275118,39.7840338893828],[-105.022215497692,39.784093678397],[-105.023327468163,39.7842742239475],[-105.023603417864,39.7842990104102],[-105.023934524697,39.784333487526],[-105.024388412845,39.7843589916267],[-105.025012409821,39.784384846013],[-105.025084648972,39.7843878391929],[-105.025192461689,39.7843847395042],[-105.025196124115,39.7846483635988],[-105.025185190597,39.7856057133765],[-105.025223302762,39.7874647192303],[-105.025184566589,39.789243117196],[-105.025191453795,39.7911153777474],[-105.025239548848,39.7911073362044],[-105.025262053788,39.7939576381841],[-105.025188853703,39.7939940601002],[-105.025112130156,39.7940253206363],[-105.025031884442,39.7940510768733],[-105.024949005189,39.794071674453],[-105.024864385979,39.7940864313909],[-105.024778024629,39.7940956916961],[-105.024691705478,39.7940987747742],[-105.024604533671,39.7940963640524],[-105.024518293606,39.7940877800449],[-105.024433869627,39.7940737132641],[-105.024350375103,39.7940538163619],[-105.024270476681,39.7940284436321],[-105.024192395181,39.7939975878937],[-105.024119683311,39.7939619493913],[-105.024050563701,39.7939215214033],[-105.023985924623,39.793876307476],[-105.023926649108,39.7938273403908],[-105.023884230438,39.7937853046974],[-105.023846327505,39.7937333357591],[-105.023802176582,39.7936844295584],[-105.023753558412,39.7936382508739],[-105.023699576898,39.7935958250298],[-105.023640232107,39.7935571520192],[-105.023577300302,39.7935225825399],[-105.023510780059,39.7934924590466],[-105.023441560925,39.7934667857858],[-105.023369639774,39.7934459059587],[-105.023295017121,39.7934298187598],[-105.023218580235,39.7934188716978],[-105.023183015659,39.7934156392385],[-105.023121690663,39.7934064689914],[-105.023060335908,39.7934017596837],[-105.022998065781,39.7934008211901],[-105.022935765097,39.79340434318],[-105.022874325926,39.7934119869522],[-105.022813748653,39.7934237519072],[-105.022754924578,39.7934392982892],[-105.022697851743,39.7934589698635],[-105.022643422495,39.793482426479],[-105.022591638446,39.7935093256295],[-105.02254338974,39.7935396703251],[-105.022504943235,39.7935676531675],[-105.022392345047,39.7936409738065],[-105.02228859462,39.7937215364674],[-105.022194585021,39.7938086586598],[-105.022110321659,39.7939016537399],[-105.02203669665,39.7940001826316],[-105.021974605902,39.7941032185317],[-105.021925846464,39.794208367928],[-105.021846580529,39.7944815373375],[-105.021821199876,39.7945504075419],[-105.02105206082,39.7943564901571],[-105.021508639096,39.793288745201],[-105.020629120407,39.7931060436464],[-105.020556834095,39.7930086375439],[-105.020544169928,39.7910886560292],[-105.015847901624,39.7910701280926],[-105.006410792859,39.7910460500411],[-104.99812708057,39.7910221948699],[-104.998121811145,39.7910221794384]]]},"properties":{"OBJECTID":235,"NBHD_NAME":"Chaffee Park","NBHD_ID":11,"DIST_NUM":1,"Nmbr_Age25Plus_NoDiplomaOrGED":480,"Pct_Age25Plus_NoDiplomaOrGED":16.58031088,"Nmbr_Age25Plus_NoCollDegree":1566,"Pct_Age25Plus_NoCollDegree":54.09326425,"Nmbr_Age25Plus_LessThanBA":1680,"Pct_Age25Plus_LessThanBA":58.03108808,"Nmbr_PopulationUnder18":413,"Pct_PopulationUnder18":11.78652968,"Nmbr_PopulationOver70":450,"Pct_PopulationOver70":12.84246575,"Nmbr_Age25Plus":2895,"Pct_Age25Plus":82.61986301,"Nmbr_OccupiedUnitsWithRenters":671,"Pct_OccupiedUnitsWithRenters":40.32451923,"Nmbr_OccupiedUnitsWithOwners":993,"Pct_OccupiedUnitsWithOwners":59.67548077,"Nmbr_OccupiedUnits":1664,"Nmbr_HouseholdsCostBurdened":525,"Pct_HouseholdsCostBurdened":31.55048077,"Nmbr_PerCapitaIncome":44370,"Nmbr_PopulationPovDetermined":3426,"Nmbr_PopulationInPoverty":269,"Pct_PopulationInPoverty":7.85172212,"Nmbr_HouseholdsNoVehAccess":162,"Pct_HouseholdsNoVehAccess":9.73557692,"Nmbr_Households":1664,"Nmbr_PopulationWithDisability":519,"Pct_PopulationWithDisability":15.14886165,"Nmbr_PopCivilianNonInstitution":3426,"Nmbr_Population":3504,"Nmbr_Under18SingleParentFam":147,"Pct_Under18InSingleParentFam":35.59322034,"Nmbr_PopUnder18InHouseholds":413,"Nmbr_PopulationDensity":4457.36676741,"Nmbr_PopNonHispanicWhite":1561,"Pct_PopNonHispanicWhite":44.54908676,"Nmbr_PopulationMinority":1943,"Pct_PopulationMinority":55.45091324,"Pct_PopOver16Unemployed":4,"GlobalID":"96d2fe8e-a846-43a0-ab05-df6e00866077"}},{"type":"Feature","id":236,"geometry":{"type":"Polygon","coordinates":[[[-104.998175518856,39.7825648301854],[-104.99820236239,39.7783370219772],[-104.998194711237,39.7765481304009],[-104.998192510408,39.7754888061236],[-104.998191798563,39.7742215362471],[-104.998210483623,39.7729780261396],[-104.998209631472,39.771730314363],[-104.998197991935,39.7704986841549],[-104.998204327003,39.7693867426434],[-104.998203286901,39.7692973043426],[-104.998381209987,39.7692960201865],[-105.000435707267,39.7693200025075],[-105.000588374324,39.7692872192716],[-105.001174482728,39.7692845568534],[-105.001759701771,39.7692818879541],[-105.00235915002,39.7692792762966],[-105.002966602591,39.7692766951811],[-105.003557985641,39.7692826217685],[-105.003614011559,39.7692832011905],[-105.004137807999,39.7692884973429],[-105.0047052375,39.769286081589],[-105.005287788471,39.7692833839263],[-105.005861411853,39.7692854501675],[-105.006048172701,39.7692862339416],[-105.006458156055,39.7692879534685],[-105.00703713282,39.7692876339682],[-105.007438234902,39.7692875971814],[-105.008033216883,39.7692876828701],[-105.009618062837,39.7692870892391],[-105.010217492179,39.7692871824642],[-105.010614147348,39.7692871163052],[-105.011202017252,39.7692868134918],[-105.011801441034,39.7692875849225],[-105.012199870908,39.7692882069235],[-105.012368849297,39.7692882208919],[-105.01279486482,39.7692865532882],[-105.012965612565,39.7692879459087],[-105.013374694872,39.7692913533291],[-105.013535659893,39.7692927050854],[-105.013785568271,39.7692930510159],[-105.014108404115,39.769293354519],[-105.014399224101,39.7692935250274],[-105.014711385772,39.7692941259679],[-105.014951530405,39.7692916844006],[-105.015288621612,39.769288268611],[-105.015868522677,39.7692827625065],[-105.017422303839,39.769273013637],[-105.017995054688,39.7692726149245],[-105.0183943804,39.7692721901632],[-105.018975137637,39.7692714763146],[-105.020523550923,39.7692661257159],[-105.021122052818,39.7692716503393],[-105.022061158888,39.7692802709746],[-105.022906891544,39.7692874760769],[-105.023624639159,39.769282490134],[-105.024216937177,39.7692848854214],[-105.02460557689,39.7692864554836],[-105.025238785725,39.7692890100272],[-105.025238265321,39.7697594737028],[-105.025237798411,39.7702227288492],[-105.02529914182,39.7708409088822],[-105.025298854159,39.7711358096895],[-105.025293748118,39.772045432645],[-105.025291509092,39.7724340552874],[-105.02523008812,39.7729370433217],[-105.025287282688,39.7734409195425],[-105.025285969381,39.774713498282],[-105.025287038353,39.7757673210017],[-105.025222770688,39.7766437538929],[-105.025268284432,39.7778535473529],[-105.025257343875,39.7790438848325],[-105.025250386528,39.7798323522437],[-105.025188470007,39.7802628476941],[-105.025245024914,39.7809472953286],[-105.025242454299,39.7821454512755],[-105.0252409525,39.782571829877],[-105.025193178348,39.7829886101484],[-105.025185957712,39.7839167226079],[-105.025191418603,39.7843096956403],[-105.025192461689,39.7843847395042],[-105.025084648972,39.7843878391929],[-105.025012409821,39.784384846013],[-105.024388412845,39.7843589916267],[-105.023934524697,39.784333487526],[-105.023603417864,39.7842990104102],[-105.023327468163,39.7842742239475],[-105.022215497692,39.784093678397],[-105.021847275118,39.7840338893828],[-105.020762604437,39.7838306518373],[-105.020333426226,39.783781564304],[-105.020100494906,39.7837474772066],[-105.019763224139,39.7837176982631],[-105.019481045029,39.7837070789652],[-105.019266294558,39.783706202392],[-105.018281460644,39.7837092782873],[-105.016228943834,39.7837174324715],[-105.014817888689,39.7836879565023],[-105.011081659529,39.7836109600044],[-105.010517272019,39.7835944133082],[-105.009893965098,39.7835504730024],[-105.009732264175,39.783539073234],[-105.008873794504,39.783459751771],[-105.008380252172,39.7834032511038],[-105.007681247679,39.7833340542666],[-105.007043634516,39.7832603768357],[-105.006693866664,39.7832636461138],[-105.006635043117,39.7832640666747],[-105.00627660621,39.7832666310191],[-105.006204613919,39.7832674398391],[-105.005969788645,39.7832700780321],[-105.005693348719,39.783316257489],[-105.005039145038,39.7834200247925],[-105.004259107186,39.7835303593799],[-105.003509845967,39.7836266163086],[-105.003172180166,39.7836535961312],[-105.002951437319,39.7836667579368],[-105.002837632156,39.7836734869137],[-105.002420570997,39.7836480553134],[-105.002046628339,39.783599134217],[-105.001415524522,39.783473379809],[-105.000292002232,39.783134869673],[-104.999342798666,39.7828752010949],[-104.998356821673,39.7826106344202],[-104.998175518856,39.7825648301854]]]},"properties":{"OBJECTID":236,"NBHD_NAME":"Sunnyside","NBHD_ID":62,"DIST_NUM":1,"Nmbr_Age25Plus_NoDiplomaOrGED":1328,"Pct_Age25Plus_NoDiplomaOrGED":15.88896865,"Nmbr_Age25Plus_NoCollDegree":3771,"Pct_Age25Plus_NoCollDegree":45.11844939,"Nmbr_Age25Plus_LessThanBA":4130,"Pct_Age25Plus_LessThanBA":49.41373534,"Nmbr_PopulationUnder18":1684,"Pct_PopulationUnder18":16.1287233,"Nmbr_PopulationOver70":872,"Pct_PopulationOver70":8.35169045,"Nmbr_Age25Plus":8358,"Pct_Age25Plus":80.04980366,"Nmbr_OccupiedUnitsWithRenters":2047,"Pct_OccupiedUnitsWithRenters":43.49766256,"Nmbr_OccupiedUnitsWithOwners":2659,"Pct_OccupiedUnitsWithOwners":56.50233744,"Nmbr_OccupiedUnits":4706,"Nmbr_HouseholdsCostBurdened":1450,"Pct_HouseholdsCostBurdened":30.81172971,"Nmbr_PerCapitaIncome":139343,"Nmbr_PopulationPovDetermined":10323,"Nmbr_PopulationInPoverty":1758,"Pct_PopulationInPoverty":17.02993316,"Nmbr_HouseholdsNoVehAccess":331,"Pct_HouseholdsNoVehAccess":7.03357416,"Nmbr_Households":4706,"Nmbr_PopulationWithDisability":1246,"Pct_PopulationWithDisability":12.04795978,"Nmbr_PopCivilianNonInstitution":10342,"Nmbr_Population":10441,"Nmbr_Under18SingleParentFam":806,"Pct_Under18InSingleParentFam":47.86223278,"Nmbr_PopUnder18InHouseholds":1684,"Nmbr_PopulationDensity":7333.4138141,"Nmbr_PopNonHispanicWhite":4978,"Pct_PopNonHispanicWhite":47.67742553,"Nmbr_PopulationMinority":5463,"Pct_PopulationMinority":52.32257447,"Pct_PopOver16Unemployed":4.30507643,"GlobalID":"005b46dd-0579-4114-b023-aa91640fa22c"}},{"type":"Feature","id":237,"geometry":{"type":"Polygon","coordinates":[[[-104.998203286901,39.7692973043426],[-104.998205108362,39.7691530073544],[-104.998206650425,39.7680465389713],[-104.998246599334,39.7621195862809],[-104.998314126178,39.7621001209151],[-104.998440543461,39.762080413576],[-104.998558955203,39.7620610149207],[-104.998666737447,39.7620357371819],[-104.998707514934,39.7620236440866],[-104.99875228902,39.762010365083],[-104.998826299797,39.7619821983997],[-104.998971697125,39.7619196766559],[-104.999042212124,39.7618829160782],[-104.999198484186,39.7617919585123],[-104.999332460339,39.761709827758],[-104.999451157572,39.7616502806106],[-104.999596615402,39.7615791794701],[-104.999811633732,39.761480235105],[-105.000023906089,39.7613922598253],[-105.000462570587,39.7612311232849],[-105.000848482834,39.7611099108389],[-105.001030171773,39.7610705321454],[-105.001208159699,39.7610513835582],[-105.001353104185,39.7610519976719],[-105.001482084147,39.7610467101],[-105.001620036631,39.761030136512],[-105.001726905481,39.7610079408156],[-105.001857018086,39.7609683421068],[-105.001976521216,39.760920119837],[-105.002136158459,39.7608552520151],[-105.002269990786,39.7607926777287],[-105.002462570189,39.7607221156619],[-105.002518713172,39.7607051949449],[-105.002648703514,39.7606827530073],[-105.002785865635,39.7606521054633],[-105.002837562451,39.7606351658633],[-105.002882186693,39.7606123628766],[-105.002967977999,39.7605526732024],[-105.003019847392,39.7605113701502],[-105.003168867383,39.7604060402373],[-105.0034300667,39.7602214194219],[-105.003586348283,39.7601277107175],[-105.003716759837,39.7600455603254],[-105.003816910735,39.7599670566357],[-105.003917938465,39.7598902724718],[-105.004025229704,39.7598080240892],[-105.004114901042,39.7597023669923],[-105.004186804514,39.7595942326678],[-105.004249757876,39.7594942964113],[-105.004294713361,39.7594244820798],[-105.004422235169,39.7592476074206],[-105.004538012487,39.7590967635588],[-105.004728707582,39.7589143205533],[-105.004866531912,39.7587893054268],[-105.005074926835,39.7586186041],[-105.005157239198,39.758547230326],[-105.005496716794,39.7581982954237],[-105.005612308607,39.7580731857448],[-105.005653574161,39.7580218861391],[-105.0056985396,39.757950354915],[-105.005755383196,39.757833577897],[-105.005796061926,39.7577393807286],[-105.00581169342,39.7576663538925],[-105.0058273924,39.7575837194277],[-105.005838587403,39.7575093018151],[-105.00586924299,39.757449378038],[-105.005943770774,39.7573467442155],[-105.006033433657,39.7572414284224],[-105.006115944364,39.7571415731757],[-105.006175183678,39.7570632393238],[-105.006328523327,39.7568806372474],[-105.006440796582,39.7567521715383],[-105.006507808419,39.7566754954356],[-105.006597510384,39.7565643459056],[-105.006645936376,39.7565062123708],[-105.006747400183,39.7563662867804],[-105.0068371212,39.7562523919485],[-105.007023515865,39.756047279105],[-105.007154438928,39.7558906620662],[-105.007583783118,39.7554034615937],[-105.008186492835,39.7547920755573],[-105.008217839532,39.7547827026077],[-105.008270251521,39.7547670320051],[-105.008344130202,39.7547560163506],[-105.008436662233,39.7547478239482],[-105.008540752827,39.7547396797375],[-105.008578157208,39.7547312570202],[-105.008629930017,39.7547026479187],[-105.00871932583,39.7546343899222],[-105.009006163067,39.754432781586],[-105.009069623876,39.7543856907066],[-105.009154611656,39.7543119234054],[-105.009271142033,39.7541778920991],[-105.009330425744,39.75409235043],[-105.009356491976,39.7540523095932],[-105.009397712131,39.7540068419368],[-105.009489391761,39.7539270019333],[-105.010120304969,39.7542626124329],[-105.010406687124,39.7543974018663],[-105.011707715337,39.7550097322333],[-105.011765407552,39.7550307728281],[-105.013152386576,39.755536597665],[-105.014639455913,39.7560788986207],[-105.014880927544,39.7561450114517],[-105.015621536729,39.7563477799517],[-105.015835427918,39.7563038198804],[-105.016726835845,39.7566279909684],[-105.016916646375,39.7566974011048],[-105.017811739201,39.757004420991],[-105.018479623474,39.7572501094042],[-105.019296455693,39.7575605725476],[-105.020538077197,39.7580395346766],[-105.021368398434,39.7584608771968],[-105.022071761413,39.7584627058197],[-105.02262305311,39.758466658713],[-105.02308453554,39.7584702451688],[-105.023613597329,39.7584741036],[-105.024374763298,39.7584754658454],[-105.025233743069,39.7584768746224],[-105.025235912961,39.7602575146916],[-105.025223858506,39.7608559298289],[-105.025241748557,39.7620223852275],[-105.02524248668,39.7624386351435],[-105.025244445216,39.7631997621625],[-105.025278018549,39.7637791681486],[-105.025281305642,39.7646656790431],[-105.025282949815,39.7650873672994],[-105.025233456855,39.765610376542],[-105.025287591584,39.7660788472278],[-105.025286861255,39.7665121193107],[-105.025287546241,39.767437738901],[-105.025288118776,39.7681569127869],[-105.025250470221,39.7683515621883],[-105.025238785725,39.7692890100272],[-105.02460557689,39.7692864554836],[-105.024216937177,39.7692848854214],[-105.023624639159,39.769282490134],[-105.022906891544,39.7692874760769],[-105.022061158888,39.7692802709746],[-105.021122052818,39.7692716503393],[-105.020523550923,39.7692661257159],[-105.018975137637,39.7692714763146],[-105.0183943804,39.7692721901632],[-105.017995054688,39.7692726149245],[-105.017422303839,39.769273013637],[-105.015868522677,39.7692827625065],[-105.015288621612,39.769288268611],[-105.014951530405,39.7692916844006],[-105.014711385772,39.7692941259679],[-105.014399224101,39.7692935250274],[-105.014108404115,39.769293354519],[-105.013785568271,39.7692930510159],[-105.013535659893,39.7692927050854],[-105.013374694872,39.7692913533291],[-105.012965612565,39.7692879459087],[-105.01279486482,39.7692865532882],[-105.012368849297,39.7692882208919],[-105.012199870908,39.7692882069235],[-105.011801441034,39.7692875849225],[-105.011202017252,39.7692868134918],[-105.010614147348,39.7692871163052],[-105.010217492179,39.7692871824642],[-105.009618062837,39.7692870892391],[-105.008033216883,39.7692876828701],[-105.007438234902,39.7692875971814],[-105.00703713282,39.7692876339682],[-105.006458156055,39.7692879534685],[-105.006048172701,39.7692862339416],[-105.005861411853,39.7692854501675],[-105.005287788471,39.7692833839263],[-105.0047052375,39.769286081589],[-105.004137807999,39.7692884973429],[-105.003614011559,39.7692832011905],[-105.003557985641,39.7692826217685],[-105.002966602591,39.7692766951811],[-105.00235915002,39.7692792762966],[-105.001759701771,39.7692818879541],[-105.001174482728,39.7692845568534],[-105.000588374324,39.7692872192716],[-105.000435707267,39.7693200025075],[-104.998381209987,39.7692960201865],[-104.998203286901,39.7692973043426]]]},"properties":{"OBJECTID":237,"NBHD_NAME":"Highland","NBHD_ID":36,"DIST_NUM":1,"Nmbr_Age25Plus_NoDiplomaOrGED":585,"Pct_Age25Plus_NoDiplomaOrGED":6.48846495,"Nmbr_Age25Plus_NoCollDegree":1966,"Pct_Age25Plus_NoCollDegree":21.80567879,"Nmbr_Age25Plus_LessThanBA":2246,"Pct_Age25Plus_LessThanBA":24.91126886,"Nmbr_PopulationUnder18":1267,"Pct_PopulationUnder18":11.26422475,"Nmbr_PopulationOver70":517,"Pct_PopulationOver70":4.59637269,"Nmbr_Age25Plus":9016,"Pct_Age25Plus":80.15647226,"Nmbr_OccupiedUnitsWithRenters":3763,"Pct_OccupiedUnitsWithRenters":62.67488341,"Nmbr_OccupiedUnitsWithOwners":2241,"Pct_OccupiedUnitsWithOwners":37.32511659,"Nmbr_OccupiedUnits":6004,"Nmbr_HouseholdsCostBurdened":1720,"Pct_HouseholdsCostBurdened":28.64756829,"Nmbr_PerCapitaIncome":227711,"Nmbr_PopulationPovDetermined":11179,"Nmbr_PopulationInPoverty":793,"Pct_PopulationInPoverty":7.09365775,"Nmbr_HouseholdsNoVehAccess":585,"Pct_HouseholdsNoVehAccess":9.74350433,"Nmbr_Households":6004,"Nmbr_PopulationWithDisability":751,"Pct_PopulationWithDisability":6.71555039,"Nmbr_PopCivilianNonInstitution":11183,"Nmbr_Population":11248,"Nmbr_Under18SingleParentFam":361,"Pct_Under18InSingleParentFam":28.58273951,"Nmbr_PopUnder18InHouseholds":1263,"Nmbr_PopulationDensity":9756.99905451,"Nmbr_PopNonHispanicWhite":8223,"Pct_PopNonHispanicWhite":73.10633001,"Nmbr_PopulationMinority":3025,"Pct_PopulationMinority":26.89366999,"Pct_PopOver16Unemployed":3.7234437,"GlobalID":"e5ffb39e-f1b9-4719-976a-cf7707a2af48"}},{"type":"Feature","id":238,"geometry":{"type":"Polygon","coordinates":[[[-104.968754161076,39.7910397741655],[-104.968823900892,39.7910015805381],[-104.969181628743,39.7907544083118],[-104.969345335746,39.7906350426616],[-104.969520542561,39.7905243074373],[-104.969751077463,39.7903908300007],[-104.970015577665,39.7902362296332],[-104.970187267425,39.7901196443398],[-104.97034752003,39.7899861924148],[-104.970567550101,39.7898296748693],[-104.970768799817,39.7896861126229],[-104.971689244296,39.7890197255914],[-104.972259387076,39.7885603986935],[-104.97275152556,39.7881810179544],[-104.973690507207,39.7875287676051],[-104.973810190411,39.7874651328653],[-104.974092278604,39.787334965546],[-104.974155674747,39.7873036787911],[-104.974274565672,39.7872270003148],[-104.974363992671,39.7871646027056],[-104.974494640385,39.787062239904],[-104.974606565724,39.7869652838978],[-104.974737382182,39.7868402738278],[-104.974861020442,39.7867234670364],[-104.974961486242,39.7866123902395],[-104.975054898932,39.7864927031492],[-104.975156446342,39.7863558951666],[-104.975208746641,39.7862617607288],[-104.975265643639,39.7861477447125],[-104.975325340111,39.7860162397894],[-104.975370618753,39.7859093782257],[-104.975409264245,39.7857379738726],[-104.975426034906,39.785517744725],[-104.97542654856,39.7854491162931],[-104.975412369367,39.7853231160103],[-104.97539828467,39.7851844193765],[-104.975385144065,39.7850385209568],[-104.975375184908,39.7848240057142],[-104.975376618118,39.7846325331015],[-104.975381257473,39.7844880863986],[-104.975394126592,39.7843138217979],[-104.975421422556,39.7841135419796],[-104.975445201453,39.7839077559893],[-104.97548229984,39.7837451684229],[-104.975502222998,39.7836578515736],[-104.975556694867,39.7833921506922],[-104.975613361639,39.7831895995803],[-104.975707615956,39.7829566751378],[-104.975816785855,39.7827512691799],[-104.975914917499,39.7825945419552],[-104.975955596563,39.7825075619832],[-104.975990210839,39.7823989366333],[-104.976046770581,39.7822104539804],[-104.97610029719,39.782070685529],[-104.9761561617,39.7819751944134],[-104.976209178138,39.7819037109209],[-104.97626828969,39.7818497559406],[-104.976361201861,39.7817959506523],[-104.976405912333,39.7817645795452],[-104.976469417676,39.7817178500426],[-104.976525863347,39.7816635395047],[-104.976589698031,39.7815725446812],[-104.976645722636,39.7814554350514],[-104.976698166381,39.7813413984178],[-104.976751414308,39.7812386888757],[-104.976796552263,39.7811500128869],[-104.97689001882,39.7810217459],[-104.9769950485,39.7808935295949],[-104.97706608519,39.7807908989618],[-104.977114659921,39.7807183662984],[-104.977208189567,39.7805815200917],[-104.97737763987,39.7802833856224],[-104.977452573621,39.7801351328601],[-104.977523801162,39.7800067662796],[-104.977561649806,39.7799410486921],[-104.977655241468,39.7797956239428],[-104.977684892881,39.7797556062918],[-104.977797449503,39.7795718322635],[-104.977823586157,39.7795259655244],[-104.977846247319,39.7794691024833],[-104.977907333555,39.7792689716575],[-104.977998237055,39.779006519094],[-104.978014221405,39.7788906043796],[-104.978029643608,39.7787307627715],[-104.978013793969,39.7784702390319],[-104.977993367243,39.7782271954154],[-104.977932654375,39.7778995577503],[-104.977868589075,39.7775444524658],[-104.977839337654,39.7774115221346],[-104.977829451688,39.7773057870359],[-104.977826832153,39.7771798377322],[-104.977792213434,39.7768121664986],[-104.977797006047,39.7766464443799],[-104.977797709038,39.776552080179],[-104.977802768942,39.7765098535482],[-104.977810038402,39.7764491887486],[-104.97783295675,39.7763576684445],[-104.977881836624,39.7762436144795],[-104.977930621773,39.7761422576284],[-104.978103669775,39.7758369313688],[-104.978197359563,39.775677436831],[-104.978212781663,39.7756506185325],[-104.978336129655,39.775436128346],[-104.978414635684,39.7753058873622],[-104.978523444892,39.7751253738179],[-104.978609667492,39.7750128582938],[-104.978725505977,39.7748647854044],[-104.97885294946,39.7747109301428],[-104.978939076713,39.7746111105035],[-104.979066412231,39.7744716668439],[-104.979166769412,39.774371909794],[-104.979241173286,39.774293656896],[-104.979428459077,39.7741057502227],[-104.979604245235,39.7739092137626],[-104.979678765035,39.773815175727],[-104.979772153136,39.7736954845158],[-104.979846662559,39.7736028189105],[-104.979951759721,39.7734632762017],[-104.980108865413,39.7732666562346],[-104.980176322635,39.7731653804147],[-104.980378427884,39.7728972398316],[-104.980483543341,39.7727549512731],[-104.981096650203,39.7719927642125],[-104.981253772176,39.771793054409],[-104.981583171416,39.7713885534427],[-104.981714179961,39.7712319656086],[-104.982222035516,39.7706278459945],[-104.98241671432,39.7703998177798],[-104.982835804083,39.7698913885242],[-104.983160677953,39.7694950991952],[-104.983262161902,39.7693613711911],[-104.983319727481,39.7692756070791],[-104.983411435199,39.7691389755725],[-104.983539236922,39.7689336433328],[-104.983752704428,39.7685684333865],[-104.983887808263,39.7683373963578],[-104.984022994615,39.7680950354716],[-104.984105655437,39.7679807837237],[-104.984207009159,39.7678642121612],[-104.984355793945,39.7677073557964],[-104.984438115682,39.767639085414],[-104.984605174221,39.7675368703194],[-104.985330597975,39.7672113018113],[-104.985442003405,39.7671788457378],[-104.986552696367,39.7668264711584],[-104.987540156216,39.7665418374855],[-104.987633655682,39.7665156707626],[-104.988717360448,39.7662123803187],[-104.988851024905,39.7661758999225],[-104.989103217895,39.766105275196],[-104.989414970688,39.7660379964327],[-104.989618806524,39.7660131439087],[-104.990620090387,39.7659032105726],[-104.99072776752,39.7658937245955],[-104.990850636425,39.7658740102465],[-104.990976253585,39.7658433265226],[-104.991377151148,39.7657462306523],[-104.991652563856,39.7656616312079],[-104.991786287594,39.7656165692692],[-104.991971799359,39.7655429051213],[-104.992143121448,39.7654636895505],[-104.992392101808,39.7653446590031],[-104.992529558205,39.7652752478909],[-104.992816281972,39.7651018176129],[-104.992957428725,39.7650138917641],[-104.993087926134,39.7649228315307],[-104.993199768089,39.7648289453007],[-104.993382336674,39.7646698210492],[-104.993628292125,39.7644763099776],[-104.993799919953,39.7643541985289],[-104.993930476443,39.764254558729],[-104.994053112066,39.7641435605296],[-104.994187430475,39.7640154546013],[-104.99467254714,39.7635827605899],[-104.995175092504,39.7631988671566],[-104.995324339349,39.7630965604042],[-104.995420798881,39.7630386374984],[-104.995506517769,39.7629902765763],[-104.995670676254,39.7629165155066],[-104.995990015793,39.7627806211744],[-104.996209440263,39.7626885654245],[-104.996387761177,39.7626237857653],[-104.996599048258,39.7625502247714],[-104.99677716404,39.7625139252629],[-104.996955158668,39.762494440002],[-104.997046580855,39.7624920644006],[-104.997136605129,39.7624897251134],[-104.997270095648,39.7624758827389],[-104.99734135864,39.7624590293168],[-104.997485704527,39.7624194965697],[-104.997608767591,39.7623716369573],[-104.997705196937,39.7623174866512],[-104.997813287632,39.7622493170197],[-104.997909591326,39.7622126669391],[-104.998128775695,39.7621535492568],[-104.998246599334,39.7621195862809],[-104.998206650425,39.7680465389713],[-104.998205108362,39.7691530073544],[-104.998203286901,39.7692973043426],[-104.998204327003,39.7693867426434],[-104.998197991935,39.7704986841549],[-104.998209631472,39.771730314363],[-104.998210483623,39.7729780261396],[-104.998191798563,39.7742215362471],[-104.998192510408,39.7754888061236],[-104.998194711237,39.7765481304009],[-104.99820236239,39.7783370219772],[-104.998175518856,39.7825648301854],[-104.998121811145,39.7910221794384],[-104.996984387971,39.7910188584303],[-104.993236293694,39.7910257799497],[-104.993228941604,39.7920425067094],[-104.99065874281,39.7920420556708],[-104.990280003489,39.7915181402954],[-104.990268421367,39.791031157815],[-104.98754787292,39.7910358216631],[-104.986387768665,39.7910379735953],[-104.986381682786,39.7918683746819],[-104.98579453338,39.7918658123674],[-104.985789745801,39.7916695087305],[-104.985202598148,39.7916669434647],[-104.985207200762,39.7910403681649],[-104.978170060696,39.7910533182985],[-104.978168325712,39.7918837385129],[-104.977715508517,39.7918817310991],[-104.977708343313,39.7910526439722],[-104.975973565923,39.7910500846515],[-104.975958767036,39.7924342936777],[-104.973069312398,39.7924141942246],[-104.97306448713,39.7931742538958],[-104.973059369927,39.7940914761861],[-104.97467316322,39.7941024605836],[-104.974680674769,39.7955928017753],[-104.974680839295,39.7956895711456],[-104.971165725704,39.7956782999836],[-104.971166740544,39.7961333235106],[-104.97165779706,39.7961413609643],[-104.971650293455,39.7983165641538],[-104.968738352135,39.7982966016046],[-104.968633367593,39.7982961279832],[-104.968638205055,39.7956634916874],[-104.968642680131,39.7931959070889],[-104.968380279044,39.7931892323142],[-104.968353990542,39.7932536262986],[-104.967540804719,39.7932575019025],[-104.967541141043,39.7932132366745],[-104.967683863328,39.7928123940004],[-104.967789401535,39.7926217354214],[-104.967932315823,39.7918437688105],[-104.968310388473,39.7918475356706],[-104.968455683142,39.7916930864726],[-104.968617801971,39.7915490077564],[-104.968770807968,39.7914333696117],[-104.96877104071,39.7913896206981],[-104.968772901786,39.7910397834293],[-104.968754161076,39.7910397741655]]]},"properties":{"OBJECTID":238,"NBHD_NAME":"Globeville","NBHD_ID":29,"DIST_NUM":9,"Nmbr_Age25Plus_NoDiplomaOrGED":732,"Pct_Age25Plus_NoDiplomaOrGED":30.83403538,"Nmbr_Age25Plus_NoCollDegree":1605,"Pct_Age25Plus_NoCollDegree":67.60741365,"Nmbr_Age25Plus_LessThanBA":1705,"Pct_Age25Plus_LessThanBA":71.81971356,"Nmbr_PopulationUnder18":557,"Pct_PopulationUnder18":13.90761548,"Nmbr_PopulationOver70":192,"Pct_PopulationOver70":4.79400749,"Nmbr_Age25Plus":2374,"Pct_Age25Plus":59.27590512,"Nmbr_OccupiedUnitsWithRenters":722,"Pct_OccupiedUnitsWithRenters":52.93255132,"Nmbr_OccupiedUnitsWithOwners":642,"Pct_OccupiedUnitsWithOwners":47.06744868,"Nmbr_OccupiedUnits":1364,"Nmbr_HouseholdsCostBurdened":526,"Pct_HouseholdsCostBurdened":38.56304985,"Nmbr_PerCapitaIncome":33169,"Nmbr_PopulationPovDetermined":3508,"Nmbr_PopulationInPoverty":835,"Pct_PopulationInPoverty":23.8027366,"Nmbr_HouseholdsNoVehAccess":99,"Pct_HouseholdsNoVehAccess":7.25806452,"Nmbr_Households":1364,"Nmbr_PopulationWithDisability":340,"Pct_PopulationWithDisability":8.48938826,"Nmbr_PopCivilianNonInstitution":4005,"Nmbr_Population":4005,"Nmbr_Under18SingleParentFam":166,"Pct_Under18InSingleParentFam":29.80251346,"Nmbr_PopUnder18InHouseholds":557,"Nmbr_PopulationDensity":1944.41237977,"Nmbr_PopNonHispanicWhite":1449,"Pct_PopNonHispanicWhite":36.17977528,"Nmbr_PopulationMinority":2556,"Pct_PopulationMinority":63.82022472,"Pct_PopOver16Unemployed":7.3,"GlobalID":"2de51526-42a4-43da-92b6-909ea2cce4e6"}},{"type":"Feature","id":239,"geometry":{"type":"Polygon","coordinates":[[[-105.009489391761,39.7539270019333],[-105.009763609015,39.7536882016494],[-105.009920148171,39.7535543363194],[-105.010020131725,39.7534974454953],[-105.010169156739,39.7534208556563],[-105.010269197484,39.7533557290809],[-105.010523000289,39.753172167006],[-105.010652601989,39.7530755924249],[-105.010824193286,39.7529503675592],[-105.011185462809,39.7526560678545],[-105.011319590057,39.7525478442555],[-105.011394754657,39.7524795247025],[-105.011487839745,39.7523913770882],[-105.011536270753,39.7523315257302],[-105.011607139714,39.7522415694901],[-105.011677977687,39.7521560743411],[-105.012054584169,39.7518288925269],[-105.012233681471,39.7516463893499],[-105.012527907028,39.7514019083931],[-105.012773584864,39.7512340929472],[-105.012963839395,39.7511089417708],[-105.013111945329,39.7510354327368],[-105.013301860779,39.7509590083037],[-105.013375834737,39.7509335774708],[-105.013439161392,39.7509050140049],[-105.013498897745,39.7508812402045],[-105.013588126918,39.7508356257145],[-105.014398479619,39.7503987025179],[-105.014602805071,39.7502952257143],[-105.0146849977,39.7502382574658],[-105.014781535667,39.7501641905374],[-105.014956766074,39.7500249048757],[-105.015083828962,39.7499080689523],[-105.015139405449,39.7498427549777],[-105.015158304141,39.7498098899469],[-105.015192523653,39.7497472331546],[-105.015267475216,39.749580081435],[-105.015309203653,39.7494601485565],[-105.015374265886,39.7491800575354],[-105.015443920525,39.7487500258588],[-105.015475253807,39.748461559896],[-105.015543437106,39.7477295439412],[-105.015556348439,39.7475457748434],[-105.015575975995,39.7472664161019],[-105.01559307411,39.746979264157],[-105.015609275622,39.7466931377126],[-105.015618322142,39.7465418427271],[-105.015619656543,39.7463486510157],[-105.015621630878,39.7460628091193],[-105.01563021567,39.7458497433713],[-105.015678449584,39.7453022637072],[-105.015699507994,39.7449564479711],[-105.015730831422,39.7446690109314],[-105.015750508517,39.7445232499202],[-105.015799640175,39.7443604524927],[-105.01584020166,39.7442506170977],[-105.015844939222,39.7442377884494],[-105.015950316337,39.7440409067764],[-105.01607003536,39.7438269255183],[-105.01626133778,39.7433899314107],[-105.016313296635,39.7434266615793],[-105.016833294826,39.7439719251565],[-105.017415548699,39.7445596848615],[-105.017564004068,39.7447577032135],[-105.017864836699,39.7451589667313],[-105.018081064471,39.74554607623],[-105.018219412113,39.7458906230284],[-105.018317970469,39.7463375974141],[-105.018320310089,39.746380285179],[-105.018981866961,39.7463854332461],[-105.01962909219,39.7463880769229],[-105.020482931537,39.7463924484],[-105.020490236356,39.746831515984],[-105.020508987431,39.7475999204415],[-105.022068494186,39.7475925379275],[-105.023616412243,39.7475895485568],[-105.023619661733,39.7471112011416],[-105.023624748004,39.7463624535271],[-105.025213503221,39.7463644142577],[-105.025221939483,39.7469567352393],[-105.02522364942,39.7470977790136],[-105.025229296665,39.7475775373297],[-105.025232369079,39.7480883052226],[-105.025273873049,39.7481200597545],[-105.025272799885,39.7487861580493],[-105.025267991465,39.7499992394768],[-105.025270169561,39.7506824347528],[-105.025229855949,39.7507270644859],[-105.025228723538,39.7512074435148],[-105.025224920036,39.7516866816378],[-105.025299181578,39.7517150673532],[-105.025296489682,39.7524163104701],[-105.025277160849,39.753624454746],[-105.02528203891,39.754023486943],[-105.025215181054,39.7540466153523],[-105.025222817909,39.7548376658727],[-105.025223528027,39.7554401713394],[-105.02527377124,39.755468449488],[-105.025269804855,39.7560201686132],[-105.025275334257,39.7572522265945],[-105.025276998043,39.7577904028326],[-105.025234675303,39.7578323504922],[-105.025235014828,39.7578961284288],[-105.025233743069,39.7584768746224],[-105.024374763298,39.7584754658454],[-105.023613597329,39.7584741036],[-105.02308453554,39.7584702451688],[-105.02262305311,39.758466658713],[-105.022071761413,39.7584627058197],[-105.021368398434,39.7584608771968],[-105.020538077197,39.7580395346766],[-105.019296455693,39.7575605725476],[-105.018479623474,39.7572501094042],[-105.017811739201,39.757004420991],[-105.016916646375,39.7566974011048],[-105.016726835845,39.7566279909684],[-105.015835427918,39.7563038198804],[-105.015621536729,39.7563477799517],[-105.014880927544,39.7561450114517],[-105.014639455913,39.7560788986207],[-105.013152386576,39.755536597665],[-105.011765407552,39.7550307728281],[-105.011707715337,39.7550097322333],[-105.010406687124,39.7543974018663],[-105.010120304969,39.7542626124329],[-105.009489391761,39.7539270019333]]]},"properties":{"OBJECTID":239,"NBHD_NAME":"Jefferson Park","NBHD_ID":39,"DIST_NUM":1,"Nmbr_Age25Plus_NoDiplomaOrGED":335,"Pct_Age25Plus_NoDiplomaOrGED":10.4556804,"Nmbr_Age25Plus_NoCollDegree":749,"Pct_Age25Plus_NoCollDegree":23.37702871,"Nmbr_Age25Plus_LessThanBA":820,"Pct_Age25Plus_LessThanBA":25.59300874,"Nmbr_PopulationUnder18":296,"Pct_PopulationUnder18":7.7997365,"Nmbr_PopulationOver70":153,"Pct_PopulationOver70":4.03162055,"Nmbr_Age25Plus":3204,"Pct_Age25Plus":84.42687747,"Nmbr_OccupiedUnitsWithRenters":1599,"Pct_OccupiedUnitsWithRenters":70.94055013,"Nmbr_OccupiedUnitsWithOwners":655,"Pct_OccupiedUnitsWithOwners":29.05944987,"Nmbr_OccupiedUnits":2254,"Nmbr_HouseholdsCostBurdened":619,"Pct_HouseholdsCostBurdened":27.46228926,"Nmbr_PerCapitaIncome":86954,"Nmbr_PopulationPovDetermined":3726,"Nmbr_PopulationInPoverty":488,"Pct_PopulationInPoverty":13.09715513,"Nmbr_HouseholdsNoVehAccess":86,"Pct_HouseholdsNoVehAccess":3.81543922,"Nmbr_Households":2254,"Nmbr_PopulationWithDisability":230,"Pct_PopulationWithDisability":6.06060606,"Nmbr_PopCivilianNonInstitution":3795,"Nmbr_Population":3795,"Nmbr_Under18SingleParentFam":98,"Pct_Under18InSingleParentFam":33.10810811,"Nmbr_PopUnder18InHouseholds":296,"Nmbr_PopulationDensity":7714.45702204,"Nmbr_PopNonHispanicWhite":2400,"Pct_PopNonHispanicWhite":63.24110672,"Nmbr_PopulationMinority":1395,"Pct_PopulationMinority":36.75889328,"Pct_PopOver16Unemployed":3.9,"GlobalID":"b31e5c61-7836-4c60-8261-529c990a4616"}},{"type":"Feature","id":240,"geometry":{"type":"Polygon","coordinates":[[[-105.01626133778,39.7433899314107],[-105.016337402691,39.7432161754775],[-105.016412176874,39.7430733859248],[-105.016439260919,39.7430134446613],[-105.0164918286,39.7428678188454],[-105.016593525398,39.7425593948333],[-105.017061721649,39.7413146258443],[-105.017219991066,39.7409233893382],[-105.017329309292,39.740669214388],[-105.017385186303,39.7405155357056],[-105.017461143065,39.7403066295438],[-105.017465231169,39.7402953870568],[-105.017552274108,39.7400483270909],[-105.017838454674,39.7392832285959],[-105.01786917906,39.7392106049476],[-105.01791434615,39.7391061269243],[-105.017963194095,39.7389834764471],[-105.017982373899,39.7389090896912],[-105.01801312428,39.7387033207782],[-105.018043992383,39.7384803944375],[-105.018060478751,39.7382804007956],[-105.018061737889,39.7380971597366],[-105.018043932856,39.7379714911692],[-105.01799365303,39.7377852933741],[-105.017953509803,39.7376763477873],[-105.017855835734,39.7374014212687],[-105.017680782376,39.7370033265525],[-105.017428381423,39.7364776028745],[-105.017212640825,39.7360505154458],[-105.017155054486,39.7358931123584],[-105.017085871911,39.7356124681665],[-105.017025815044,39.735297545294],[-105.01699560908,39.7347785656933],[-105.017005634712,39.7338390389182],[-105.016998463165,39.7333314777626],[-105.017003361362,39.7329410245385],[-105.017014226716,39.7320748952634],[-105.016994557978,39.7311877487459],[-105.01698316745,39.7306475698363],[-105.016966558534,39.7298324991514],[-105.016956442548,39.7297525014118],[-105.016934753672,39.7296752016194],[-105.016898171725,39.7295662697449],[-105.016832572942,39.7294115788685],[-105.016734480362,39.7291997899608],[-105.016675588162,39.7291038067292],[-105.016539990958,39.7289172571512],[-105.016399810621,39.7287509352569],[-105.016091267892,39.7283807703696],[-105.015985537992,39.7282458167936],[-105.015919606513,39.7281398527989],[-105.015824127936,39.7279363094208],[-105.015722802687,39.7276785229946],[-105.015682073542,39.7275354514351],[-105.015675074042,39.7275108645211],[-105.015650403143,39.7273508510446],[-105.015637388167,39.7271761288676],[-105.015642165844,39.7269990782915],[-105.015639648584,39.7268487644479],[-105.015659320061,39.7265743175182],[-105.015676352977,39.7262957421199],[-105.015676801039,39.7262901328787],[-105.015700676734,39.7259911166256],[-105.015716615458,39.7258710762084],[-105.015743602995,39.7256954897776],[-105.015743978981,39.7256925902762],[-105.015768559304,39.7255030935259],[-105.01685801453,39.7254235784527],[-105.017634119493,39.7253697146039],[-105.018012336095,39.7253511302705],[-105.018277517526,39.7253387929205],[-105.018677544492,39.7253197007381],[-105.019427031054,39.7253334268595],[-105.020213331443,39.7253769055509],[-105.021922643764,39.7254912493064],[-105.022298412478,39.7255129099853],[-105.022924107446,39.7255288721799],[-105.023880146953,39.7255361009397],[-105.024604377972,39.7255398527312],[-105.024885181932,39.725541306317],[-105.025136108953,39.7255426045166],[-105.025135755192,39.7256781824053],[-105.025146423167,39.7259403991872],[-105.025134904705,39.7275106497968],[-105.025137876262,39.728384688416],[-105.025152759183,39.7292175455328],[-105.025154636722,39.7293226094333],[-105.025154962554,39.7294233675706],[-105.025157798215,39.7302999390077],[-105.025156181914,39.7311952339146],[-105.025162703,39.7329892933754],[-105.025156667717,39.7338807949322],[-105.025164062224,39.7347582796724],[-105.025190673846,39.735685601799],[-105.025175679084,39.7365818071993],[-105.025151843701,39.7380072524709],[-105.025224878122,39.7398252541428],[-105.025221422539,39.7400729999003],[-105.025219960896,39.7404202694858],[-105.025212868402,39.7406800111519],[-105.025218373669,39.7423999370373],[-105.025219432646,39.7427307464981],[-105.025218246676,39.743956499418],[-105.025210094737,39.7451606048705],[-105.025213503221,39.7463644142577],[-105.023624748004,39.7463624535271],[-105.023619661733,39.7471112011416],[-105.023616412243,39.7475895485568],[-105.022068494186,39.7475925379275],[-105.020508987431,39.7475999204415],[-105.020490236356,39.746831515984],[-105.020482931537,39.7463924484],[-105.01962909219,39.7463880769229],[-105.018981866961,39.7463854332461],[-105.018320310089,39.746380285179],[-105.018317970469,39.7463375974141],[-105.018219412113,39.7458906230284],[-105.018081064471,39.74554607623],[-105.017864836699,39.7451589667313],[-105.017564004068,39.7447577032135],[-105.017415548699,39.7445596848615],[-105.016833294826,39.7439719251565],[-105.016313296635,39.7434266615793],[-105.01626133778,39.7433899314107]]]},"properties":{"OBJECTID":240,"NBHD_NAME":"Sun Valley","NBHD_ID":61,"DIST_NUM":3,"Nmbr_Age25Plus_NoDiplomaOrGED":161,"Pct_Age25Plus_NoDiplomaOrGED":33.96624473,"Nmbr_Age25Plus_NoCollDegree":425,"Pct_Age25Plus_NoCollDegree":89.66244726,"Nmbr_Age25Plus_LessThanBA":425,"Pct_Age25Plus_LessThanBA":89.66244726,"Nmbr_PopulationUnder18":613,"Pct_PopulationUnder18":54.10414828,"Nmbr_PopulationOver70":31,"Pct_PopulationOver70":2.73609885,"Nmbr_Age25Plus":474,"Pct_Age25Plus":41.83583407,"Nmbr_OccupiedUnitsWithRenters":347,"Pct_OccupiedUnitsWithRenters":90.60052219,"Nmbr_OccupiedUnitsWithOwners":36,"Pct_OccupiedUnitsWithOwners":9.39947781,"Nmbr_OccupiedUnits":383,"Nmbr_HouseholdsCostBurdened":150,"Pct_HouseholdsCostBurdened":39.16449086,"Nmbr_PerCapitaIncome":7970,"Nmbr_PopulationPovDetermined":1133,"Nmbr_PopulationInPoverty":880,"Pct_PopulationInPoverty":77.66990291,"Nmbr_HouseholdsNoVehAccess":179,"Pct_HouseholdsNoVehAccess":46.73629243,"Nmbr_Households":383,"Nmbr_PopulationWithDisability":151,"Pct_PopulationWithDisability":13.32744925,"Nmbr_PopCivilianNonInstitution":1133,"Nmbr_Population":1133,"Nmbr_Under18SingleParentFam":484,"Pct_Under18InSingleParentFam":78.95595432,"Nmbr_PopUnder18InHouseholds":613,"Nmbr_PopulationDensity":1764.03377901,"Nmbr_PopNonHispanicWhite":88,"Pct_PopNonHispanicWhite":7.76699029,"Nmbr_PopulationMinority":1045,"Pct_PopulationMinority":92.23300971,"Pct_PopOver16Unemployed":31,"GlobalID":"3fbf82aa-e2a0-48bc-bba2-9c8d7543e6c3"}},{"type":"Feature","id":241,"geometry":{"type":"Polygon","coordinates":[[[-105.015768559304,39.7255030935259],[-105.015817765268,39.7251237476468],[-105.01582558553,39.7250208317402],[-105.015838106426,39.7248808744575],[-105.015846263256,39.7247292314204],[-105.015836080861,39.7246591848026],[-105.015792352971,39.7245560569279],[-105.015729883123,39.7244641761449],[-105.015677148243,39.7243965501518],[-105.015667332302,39.7243839624788],[-105.015513042509,39.7242031681611],[-105.015392152111,39.7240767306225],[-105.015270133406,39.7239849473921],[-105.015144434352,39.7239113364778],[-105.014521081322,39.7235714394331],[-105.014325478991,39.7234532713646],[-105.014049495051,39.7232633935922],[-105.013887526082,39.7231656104882],[-105.013219138592,39.722785370703],[-105.013019994753,39.7226658129461],[-105.012943071862,39.7226081869535],[-105.012883902659,39.7225537225714],[-105.012810513449,39.7224991994708],[-105.012699837868,39.722438687856],[-105.012551797025,39.722383512216],[-105.012459606525,39.7223488142036],[-105.012267126979,39.7222937971556],[-105.012056893839,39.7222356173528],[-105.010881109176,39.7219733646823],[-105.010418856615,39.7218599146248],[-105.010204201898,39.7217989683172],[-105.010057031774,39.7217468814881],[-105.009953409468,39.7216949756833],[-105.009633017226,39.7215035299438],[-105.00938185875,39.7213250689081],[-105.009216646273,39.7211843704709],[-105.008775226853,39.7207621564369],[-105.008484881505,39.7204692572947],[-105.008061286451,39.7200412815286],[-105.007120467887,39.7191053195214],[-105.007028798046,39.718997525664],[-105.006841133497,39.7187651059493],[-105.006768014281,39.7186735184271],[-105.006676253071,39.7185787645239],[-105.006587828478,39.7185152521811],[-105.006491526213,39.7184409356927],[-105.00639601782,39.7183672314225],[-105.006280320417,39.7182927303872],[-105.006141222679,39.7182031605721],[-105.005780250317,39.7179727565399],[-105.005496351594,39.7177773346805],[-105.005053886355,39.7175095238688],[-105.004575072094,39.717229890746],[-105.004114031756,39.7169506744894],[-105.003763593289,39.7167405547606],[-105.003368928266,39.7165014216332],[-105.003273457319,39.7164296412882],[-105.00302255688,39.716219596241],[-105.002717821814,39.7159568196496],[-105.002548274876,39.7158044255588],[-105.002463610769,39.7157127864036],[-105.002360550959,39.7155836651107],[-105.002041741917,39.7151760133205],[-105.0019607558,39.7150672314978],[-105.00182548774,39.7148436035941],[-105.001771135248,39.7147387094891],[-105.001672748596,39.7144524391679],[-105.001531573175,39.7140599508686],[-105.001466000632,39.7139083388268],[-105.001257555507,39.7134785034324],[-105.001060156623,39.7131200919319],[-105.000906783846,39.7128191748515],[-105.000600632142,39.7121342976393],[-105.00051671848,39.7119383392816],[-105.000418884689,39.7117004557344],[-105.000367312711,39.7115801301764],[-105.000283985373,39.7114267261038],[-105.000143070363,39.7112032568691],[-105.000649931042,39.7112007640358],[-105.001564508984,39.7111751309388],[-105.003885452951,39.7111955815584],[-105.006273270399,39.7111840096857],[-105.008653768576,39.7112022136693],[-105.011009595921,39.7111904118125],[-105.014523283542,39.7111809453138],[-105.015700642194,39.7111909461799],[-105.016319159139,39.7111859416321],[-105.01691457271,39.7111808389475],[-105.017500192996,39.7111784385609],[-105.018076929014,39.7111756558299],[-105.018652767251,39.7111742388624],[-105.019160181058,39.7111728823071],[-105.01982933617,39.7111697822957],[-105.020334977711,39.7111677273304],[-105.020982806272,39.7111645339869],[-105.021506221106,39.7111622030372],[-105.022135380091,39.7111602998118],[-105.022706777292,39.7111585017767],[-105.023865569491,39.711154618609],[-105.025092622513,39.7111746778025],[-105.025082066436,39.7129968212496],[-105.025082079414,39.7133890554237],[-105.02508746269,39.7148252064818],[-105.02509442415,39.7149786262423],[-105.025094714179,39.7157232860839],[-105.0250778346,39.7166415158985],[-105.025105539229,39.7175376197707],[-105.025113760315,39.7181611754115],[-105.025109154777,39.7184476957021],[-105.025095868636,39.7193601051987],[-105.025108321791,39.7197523876396],[-105.025102149978,39.7202701916947],[-105.025104069445,39.7211682493592],[-105.02510821547,39.7213436206794],[-105.025113110912,39.7220646193419],[-105.025115448432,39.722900909652],[-105.025116093256,39.7229369439474],[-105.025127434503,39.7234935948545],[-105.025133683647,39.7245399139638],[-105.025137448465,39.7250340787972],[-105.025136261487,39.7254849215862],[-105.025136108953,39.7255426045166],[-105.024885181932,39.725541306317],[-105.024604377972,39.7255398527312],[-105.023880146953,39.7255361009397],[-105.022924107446,39.7255288721799],[-105.022298412478,39.7255129099853],[-105.021922643764,39.7254912493064],[-105.020213331443,39.7253769055509],[-105.019427031054,39.7253334268595],[-105.018677544492,39.7253197007381],[-105.018277517526,39.7253387929205],[-105.018012336095,39.7253511302705],[-105.017634119493,39.7253697146039],[-105.01685801453,39.7254235784527],[-105.015768559304,39.7255030935259]]]},"properties":{"OBJECTID":241,"NBHD_NAME":"Valverde","NBHD_ID":67,"DIST_NUM":7,"Nmbr_Age25Plus_NoDiplomaOrGED":806,"Pct_Age25Plus_NoDiplomaOrGED":28.63232682,"Nmbr_Age25Plus_NoCollDegree":2319,"Pct_Age25Plus_NoCollDegree":82.38010657,"Nmbr_Age25Plus_LessThanBA":2415,"Pct_Age25Plus_LessThanBA":85.79040853,"Nmbr_PopulationUnder18":1101,"Pct_PopulationUnder18":25.64640112,"Nmbr_PopulationOver70":279,"Pct_PopulationOver70":6.49895178,"Nmbr_Age25Plus":2815,"Pct_Age25Plus":65.57186117,"Nmbr_OccupiedUnitsWithRenters":885,"Pct_OccupiedUnitsWithRenters":57.57970072,"Nmbr_OccupiedUnitsWithOwners":652,"Pct_OccupiedUnitsWithOwners":42.42029928,"Nmbr_OccupiedUnits":1537,"Nmbr_HouseholdsCostBurdened":706,"Pct_HouseholdsCostBurdened":45.93363696,"Nmbr_PerCapitaIncome":20687,"Nmbr_PopulationPovDetermined":4293,"Nmbr_PopulationInPoverty":850,"Pct_PopulationInPoverty":19.79967389,"Nmbr_HouseholdsNoVehAccess":115,"Pct_HouseholdsNoVehAccess":7.482108,"Nmbr_Households":1537,"Nmbr_PopulationWithDisability":413,"Pct_PopulationWithDisability":9.62031214,"Nmbr_PopCivilianNonInstitution":4293,"Nmbr_Population":4293,"Nmbr_Under18SingleParentFam":294,"Pct_Under18InSingleParentFam":26.70299728,"Nmbr_PopUnder18InHouseholds":1101,"Nmbr_PopulationDensity":4471.65960028,"Nmbr_PopNonHispanicWhite":818,"Pct_PopNonHispanicWhite":19.0542744,"Nmbr_PopulationMinority":3475,"Pct_PopulationMinority":80.9457256,"Pct_PopOver16Unemployed":3,"GlobalID":"51e99945-9f4a-4fef-9bc3-863cc5b98ee4"}},{"type":"Feature","id":242,"geometry":{"type":"Polygon","coordinates":[[[-104.992384178404,39.6966609723715],[-104.992945755934,39.6966619702776],[-104.994440051504,39.6966708060927],[-104.995618089163,39.6966758646338],[-104.996792555471,39.6966832981605],[-104.997964374477,39.6966883065863],[-104.999149520111,39.6966933600936],[-105.000314214983,39.6967007172814],[-105.001515352064,39.6967058148927],[-105.006166677739,39.6967235285832],[-105.006595340482,39.6967251515884],[-105.008709791995,39.6967288843286],[-105.009362777133,39.6967316104916],[-105.010708710639,39.6967396202886],[-105.011706419017,39.6967413651555],[-105.012707647157,39.6967479202763],[-105.013873210764,39.6967583473643],[-105.015690202797,39.6967635877165],[-105.017014742327,39.6967581394888],[-105.018061365759,39.6967524816964],[-105.019223466553,39.6967496886673],[-105.020359835575,39.6967419752263],[-105.021553919073,39.6967392895602],[-105.022725789808,39.6967368452036],[-105.023717595395,39.6967344894754],[-105.025059102548,39.6967472809234],[-105.025080660908,39.6975816372646],[-105.025081820159,39.6985919135513],[-105.025080163392,39.699230532732],[-105.025080163753,39.7004120415827],[-105.025078370715,39.7013334257583],[-105.02508309802,39.7020791368469],[-105.025084117195,39.7031100002007],[-105.025083776983,39.7039480011467],[-105.025099459172,39.7049130360566],[-105.025102172513,39.7056937409379],[-105.025089809259,39.7067327847855],[-105.025081859373,39.7075134457023],[-105.025078232218,39.7076554999968],[-105.025089185479,39.7085316358383],[-105.02509123917,39.7094097943449],[-105.025092622513,39.7111746778025],[-105.023865569491,39.711154618609],[-105.022706777292,39.7111585017767],[-105.022135380091,39.7111602998118],[-105.021506221106,39.7111622030372],[-105.020982806272,39.7111645339869],[-105.020334977711,39.7111677273304],[-105.01982933617,39.7111697822957],[-105.019160181058,39.7111728823071],[-105.018652767251,39.7111742388624],[-105.018076929014,39.7111756558299],[-105.017500192996,39.7111784385609],[-105.01691457271,39.7111808389475],[-105.016319159139,39.7111859416321],[-105.015700642194,39.7111909461799],[-105.014523283542,39.7111809453138],[-105.011009595921,39.7111904118125],[-105.008653768576,39.7112022136693],[-105.006273270399,39.7111840096857],[-105.003885452951,39.7111955815584],[-105.001564508984,39.7111751309388],[-105.000649931042,39.7112007640358],[-105.000143070363,39.7112032568691],[-105.000135391574,39.7111910793033],[-105.000001923077,39.7109794171795],[-104.999950126829,39.7108906613676],[-104.999924807948,39.7108274118383],[-104.999884849738,39.7106985563111],[-104.999834512435,39.7105298500469],[-104.999715273752,39.7101789744035],[-104.999649711404,39.7100270177688],[-104.999609458106,39.7099396834925],[-104.999390250248,39.7095269565774],[-104.999177889393,39.7091513193509],[-104.999071677611,39.7089679618263],[-104.99895864733,39.7087440820256],[-104.998743758956,39.7082253345079],[-104.998663850374,39.7079676224431],[-104.998638869097,39.7078573608982],[-104.998610260195,39.7077573785273],[-104.998566651791,39.7076425765617],[-104.998500846394,39.7075252778727],[-104.998372918403,39.7072728512608],[-104.998063056199,39.7066167753778],[-104.997993914306,39.7064692639143],[-104.99792842034,39.7063087273258],[-104.997873751383,39.7061255883647],[-104.997841961294,39.7059737750483],[-104.997805553703,39.7058463061423],[-104.997754856915,39.705729071258],[-104.997714608182,39.7056417359469],[-104.997604628386,39.7054895886409],[-104.997557220327,39.7054094293218],[-104.997483547761,39.7052745946989],[-104.997407229175,39.7051370038241],[-104.997355421119,39.7050509916428],[-104.997293932581,39.7049518979567],[-104.997209495292,39.7048314299488],[-104.997113650201,39.7046910099867],[-104.996986249682,39.7044904013131],[-104.996920206323,39.7044070738272],[-104.996827139147,39.7043204632202],[-104.996747207183,39.7042460765932],[-104.996470950145,39.7039875220372],[-104.996414337427,39.7039380461371],[-104.996129231655,39.7036888792753],[-104.995389302774,39.703040904326],[-104.995014359292,39.7026686789151],[-104.994830912019,39.702479151567],[-104.99474640807,39.7023689764391],[-104.994669850835,39.7022656987049],[-104.994347023649,39.7018137380298],[-104.994119866569,39.7015255337144],[-104.993686368421,39.7010202479682],[-104.993451108875,39.7007474497158],[-104.993267608835,39.7005664984056],[-104.993175828092,39.7004803121674],[-104.993087703493,39.7003800720435],[-104.992922656557,39.7001048298729],[-104.992813161833,39.6998881647588],[-104.992700741461,39.6995846664894],[-104.992675482286,39.699514552486],[-104.992649945564,39.6994828710091],[-104.992580150186,39.6994283501705],[-104.992491843338,39.6993535026691],[-104.992436305717,39.69929320944],[-104.992392399405,39.6992216420104],[-104.992348741938,39.6991157591712],[-104.992319962114,39.6990411686746],[-104.992290613927,39.6989223074431],[-104.992270493336,39.6986332766118],[-104.992264719015,39.698448972916],[-104.992255174992,39.6982945084019],[-104.99226426877,39.6980200167995],[-104.99226956031,39.6977798252865],[-104.99229005945,39.697525286041],[-104.992317012777,39.6973610273857],[-104.992363109393,39.6971295907986],[-104.992378966978,39.6970253374046],[-104.992379505598,39.6969508734149],[-104.992380250235,39.6968479275536],[-104.99238125301,39.6967092936828],[-104.992384178404,39.6966609723715]]]},"properties":{"OBJECTID":242,"NBHD_NAME":"Athmar Park","NBHD_ID":1,"DIST_NUM":7,"Nmbr_Age25Plus_NoDiplomaOrGED":1499,"Pct_Age25Plus_NoDiplomaOrGED":24.1696227,"Nmbr_Age25Plus_NoCollDegree":4217,"Pct_Age25Plus_NoCollDegree":67.99419542,"Nmbr_Age25Plus_LessThanBA":4617,"Pct_Age25Plus_LessThanBA":74.44372783,"Nmbr_PopulationUnder18":2062,"Pct_PopulationUnder18":23.29417081,"Nmbr_PopulationOver70":554,"Pct_PopulationOver70":6.25847266,"Nmbr_Age25Plus":6202,"Pct_Age25Plus":70.06326254,"Nmbr_OccupiedUnitsWithRenters":1223,"Pct_OccupiedUnitsWithRenters":37.51533742,"Nmbr_OccupiedUnitsWithOwners":2037,"Pct_OccupiedUnitsWithOwners":62.48466258,"Nmbr_OccupiedUnits":3260,"Nmbr_HouseholdsCostBurdened":1407,"Pct_HouseholdsCostBurdened":43.1595092,"Nmbr_PerCapitaIncome":59998,"Nmbr_PopulationPovDetermined":8839,"Nmbr_PopulationInPoverty":1459,"Pct_PopulationInPoverty":16.50639213,"Nmbr_HouseholdsNoVehAccess":261,"Pct_HouseholdsNoVehAccess":8.00613497,"Nmbr_Households":3260,"Nmbr_PopulationWithDisability":593,"Pct_PopulationWithDisability":6.71498132,"Nmbr_PopCivilianNonInstitution":8831,"Nmbr_Population":8852,"Nmbr_Under18SingleParentFam":784,"Pct_Under18InSingleParentFam":38.02133851,"Nmbr_PopUnder18InHouseholds":2062,"Nmbr_PopulationDensity":5727.51482667,"Nmbr_PopNonHispanicWhite":2815,"Pct_PopNonHispanicWhite":31.800723,"Nmbr_PopulationMinority":6037,"Pct_PopulationMinority":68.199277,"Pct_PopOver16Unemployed":7.34557452,"GlobalID":"a3a6da3f-a202-43cc-9325-a46ee5a57698"}},{"type":"Feature","id":243,"geometry":{"type":"Polygon","coordinates":[[[-104.940088427907,39.7909752659433],[-104.940162305304,39.7907631027981],[-104.940249378445,39.7904614414624],[-104.940325412491,39.7902168770031],[-104.940380215307,39.7899803755633],[-104.940391116812,39.7899294234364],[-104.940435181225,39.7897234650178],[-104.94049542129,39.789468619538],[-104.94052967763,39.789154460943],[-104.940547848789,39.7888667586534],[-104.94054954318,39.7886544977114],[-104.940551335318,39.7884299903558],[-104.940568522285,39.7879330067928],[-104.940562449154,39.7872449552179],[-104.940518986662,39.7837744358918],[-104.940556792378,39.7822698854397],[-104.940596156433,39.7814987240666],[-104.94061130643,39.7813573435952],[-104.940637244675,39.7810681696594],[-104.940642042134,39.7805809493567],[-104.94066848932,39.780029866089],[-104.940676223278,39.7797316817388],[-104.940680943974,39.7790238928909],[-104.940666159677,39.7780899829367],[-104.940657249977,39.7775697866339],[-104.940650608225,39.7750801444043],[-104.940609537538,39.7738476056525],[-104.940617164245,39.7728876558967],[-104.94061724378,39.7728776562268],[-104.940992850913,39.7728774115286],[-104.941688379341,39.7728762511226],[-104.942933507808,39.7728821495715],[-104.946401217092,39.7728950750251],[-104.946978450753,39.7728943564658],[-104.947540561364,39.7728939070825],[-104.948640694629,39.7729024959461],[-104.949187675666,39.7729033405829],[-104.949276615822,39.7729034137468],[-104.949824483345,39.7729046025439],[-104.950290541871,39.772903691318],[-104.950844653486,39.7729025022626],[-104.951944760655,39.7729144920059],[-104.952504246978,39.7729085161417],[-104.953053060111,39.7729024884354],[-104.953610686766,39.7729067934564],[-104.954153194182,39.7729110259881],[-104.957170045515,39.772914680031],[-104.958261365973,39.7729128439749],[-104.959400845284,39.7728940609724],[-104.964705243625,39.7728994256092],[-104.965937174393,39.7728864896348],[-104.968476249539,39.7729113635644],[-104.969723996185,39.7719832664745],[-104.971915695062,39.7703010200567],[-104.972366834204,39.7706252670396],[-104.972810022108,39.7709432982171],[-104.973680130698,39.7716153135793],[-104.974550148267,39.7723017346488],[-104.974985275366,39.7726300157347],[-104.975425709064,39.7729627799382],[-104.975859926516,39.7732948286148],[-104.976300342843,39.773631020769],[-104.977180304038,39.7743027103886],[-104.978046077979,39.7749708982682],[-104.978302399377,39.7751878781789],[-104.978414635684,39.7753058873622],[-104.978336129655,39.775436128346],[-104.978212781663,39.7756506185325],[-104.978197359563,39.775677436831],[-104.978103669775,39.7758369313688],[-104.977930621773,39.7761422576284],[-104.977881836624,39.7762436144795],[-104.97783295675,39.7763576684445],[-104.977810038402,39.7764491887486],[-104.977802768942,39.7765098535482],[-104.977797709038,39.776552080179],[-104.977797006047,39.7766464443799],[-104.977792213434,39.7768121664986],[-104.977826832153,39.7771798377322],[-104.977829451688,39.7773057870359],[-104.977839337654,39.7774115221346],[-104.977868589075,39.7775444524658],[-104.977932654375,39.7778995577503],[-104.977993367243,39.7782271954154],[-104.978013793969,39.7784702390319],[-104.978029643608,39.7787307627715],[-104.978014221405,39.7788906043796],[-104.977998237055,39.779006519094],[-104.977907333555,39.7792689716575],[-104.977846247319,39.7794691024833],[-104.977823586157,39.7795259655244],[-104.977797449503,39.7795718322635],[-104.977684892881,39.7797556062918],[-104.977655241468,39.7797956239428],[-104.977561649806,39.7799410486921],[-104.977523801162,39.7800067662796],[-104.977452573621,39.7801351328601],[-104.97737763987,39.7802833856224],[-104.977208189567,39.7805815200917],[-104.977114659921,39.7807183662984],[-104.97706608519,39.7807908989618],[-104.9769950485,39.7808935295949],[-104.97689001882,39.7810217459],[-104.976796552263,39.7811500128869],[-104.976751414308,39.7812386888757],[-104.976698166381,39.7813413984178],[-104.976645722636,39.7814554350514],[-104.976589698031,39.7815725446812],[-104.976525863347,39.7816635395047],[-104.976469417676,39.7817178500426],[-104.976405912333,39.7817645795452],[-104.976361201861,39.7817959506523],[-104.97626828969,39.7818497559406],[-104.976209178138,39.7819037109209],[-104.9761561617,39.7819751944134],[-104.97610029719,39.782070685529],[-104.976046770581,39.7822104539804],[-104.975990210839,39.7823989366333],[-104.975955596563,39.7825075619832],[-104.975914917499,39.7825945419552],[-104.975816785855,39.7827512691799],[-104.975707615956,39.7829566751378],[-104.975613361639,39.7831895995803],[-104.975556694867,39.7833921506922],[-104.975502222998,39.7836578515736],[-104.97548229984,39.7837451684229],[-104.975445201453,39.7839077559893],[-104.975421422556,39.7841135419796],[-104.975394126592,39.7843138217979],[-104.975381257473,39.7844880863986],[-104.975376618118,39.7846325331015],[-104.975375184908,39.7848240057142],[-104.975385144065,39.7850385209568],[-104.97539828467,39.7851844193765],[-104.975412369367,39.7853231160103],[-104.97542654856,39.7854491162931],[-104.975426034906,39.785517744725],[-104.975409264245,39.7857379738726],[-104.975370618753,39.7859093782257],[-104.975325340111,39.7860162397894],[-104.975265643639,39.7861477447125],[-104.975208746641,39.7862617607288],[-104.975156446342,39.7863558951666],[-104.975054898932,39.7864927031492],[-104.974961486242,39.7866123902395],[-104.974861020442,39.7867234670364],[-104.974737382182,39.7868402738278],[-104.974606565724,39.7869652838978],[-104.974494640385,39.787062239904],[-104.974363992671,39.7871646027056],[-104.974274565672,39.7872270003148],[-104.974155674747,39.7873036787911],[-104.974092278604,39.787334965546],[-104.973810190411,39.7874651328653],[-104.973690507207,39.7875287676051],[-104.97275152556,39.7881810179544],[-104.972259387076,39.7885603986935],[-104.971689244296,39.7890197255914],[-104.970768799817,39.7896861126229],[-104.970567550101,39.7898296748693],[-104.97034752003,39.7899861924148],[-104.970187267425,39.7901196443398],[-104.970015577665,39.7902362296332],[-104.969751077463,39.7903908300007],[-104.969520542561,39.7905243074373],[-104.969345335746,39.7906350426616],[-104.969181628743,39.7907544083118],[-104.968823900892,39.7910015805381],[-104.968754161076,39.7910397741655],[-104.960190656627,39.7910254624527],[-104.959347734687,39.791658143305],[-104.955428750318,39.7946457568179],[-104.949896734569,39.7946389191067],[-104.940476073563,39.794609979215],[-104.940487315502,39.790973300351],[-104.940088427907,39.7909752659433]]]},"properties":{"OBJECTID":243,"NBHD_NAME":"Elyria Swansea","NBHD_ID":25,"DIST_NUM":9,"Nmbr_Age25Plus_NoDiplomaOrGED":1752,"Pct_Age25Plus_NoDiplomaOrGED":44.65969921,"Nmbr_Age25Plus_NoCollDegree":3358,"Pct_Age25Plus_NoCollDegree":85.59775682,"Nmbr_Age25Plus_LessThanBA":3463,"Pct_Age25Plus_LessThanBA":88.27427989,"Nmbr_PopulationUnder18":2127,"Pct_PopulationUnder18":31.68951132,"Nmbr_PopulationOver70":231,"Pct_PopulationOver70":3.44159714,"Nmbr_Age25Plus":3923,"Pct_Age25Plus":58.44755662,"Nmbr_OccupiedUnitsWithRenters":1051,"Pct_OccupiedUnitsWithRenters":56.17316943,"Nmbr_OccupiedUnitsWithOwners":820,"Pct_OccupiedUnitsWithOwners":43.82683057,"Nmbr_OccupiedUnits":1871,"Nmbr_HouseholdsCostBurdened":725,"Pct_HouseholdsCostBurdened":38.74933191,"Nmbr_PerCapitaIncome":41126,"Nmbr_PopulationPovDetermined":6646,"Nmbr_PopulationInPoverty":1170,"Pct_PopulationInPoverty":17.60457418,"Nmbr_HouseholdsNoVehAccess":144,"Pct_HouseholdsNoVehAccess":7.69641903,"Nmbr_Households":1871,"Nmbr_PopulationWithDisability":497,"Pct_PopulationWithDisability":7.4501574,"Nmbr_PopCivilianNonInstitution":6671,"Nmbr_Population":6712,"Nmbr_Under18SingleParentFam":523,"Pct_Under18InSingleParentFam":24.58862247,"Nmbr_PopUnder18InHouseholds":2127,"Nmbr_PopulationDensity":2587.09796813,"Nmbr_PopNonHispanicWhite":764,"Pct_PopNonHispanicWhite":11.38259833,"Nmbr_PopulationMinority":5948,"Pct_PopulationMinority":88.61740167,"Pct_PopOver16Unemployed":3.40747911,"GlobalID":"f61b681d-c4fe-4270-8407-45cc0aea2ce9"}},{"type":"Feature","id":244,"geometry":{"type":"Polygon","coordinates":[[[-104.940630012234,39.6536066105908],[-104.940679867346,39.6530541577744],[-104.940697449888,39.6530542024562],[-104.950077877903,39.6530747920357],[-104.954964763784,39.6530845169572],[-104.954398575639,39.6557901839561],[-104.953515361994,39.6558691274731],[-104.953543388579,39.6560329497145],[-104.953789370723,39.6567145982005],[-104.959453500225,39.6567184791617],[-104.959442461121,39.6603440082757],[-104.959439073913,39.6615914111982],[-104.959440525171,39.6615913983494],[-104.959445111201,39.6619112260646],[-104.959442073908,39.6630485827212],[-104.95943410436,39.6639251972682],[-104.959399346472,39.6660256240594],[-104.959379283456,39.6675952557254],[-104.957961320303,39.6675886781718],[-104.956541962896,39.667582225623],[-104.955123214556,39.6675800327214],[-104.95383715821,39.6675805701313],[-104.953295432781,39.6675753334799],[-104.952370960142,39.6675760037434],[-104.95145198263,39.6675723487547],[-104.950782754749,39.6675446229074],[-104.950624674132,39.6674961711207],[-104.950404718484,39.6673610702417],[-104.950257988197,39.667281338617],[-104.950109190383,39.6672179630594],[-104.949995357609,39.6671815033145],[-104.949816774138,39.6671234118356],[-104.949644277679,39.6670764815504],[-104.949545645212,39.6670513796789],[-104.949316038836,39.6670049183698],[-104.949212290339,39.6669848709306],[-104.949143112731,39.666973222731],[-104.949073027001,39.6669639698766],[-104.94900291997,39.6669574665845],[-104.948914154711,39.6669522430517],[-104.948683584036,39.6669436121173],[-104.948508923842,39.6669407256023],[-104.948296951376,39.6669520932827],[-104.948069386707,39.6669795102894],[-104.947931127961,39.6669959351102],[-104.947789437347,39.6670179659154],[-104.947407480738,39.667115355027],[-104.947175413924,39.6671912273071],[-104.946944831768,39.667276565362],[-104.946461159288,39.6674384265949],[-104.946183193225,39.6675290884052],[-104.946064974622,39.6675589250639],[-104.945986281602,39.6675636198857],[-104.945822363301,39.6675661093341],[-104.945362551962,39.6675649709224],[-104.944843864544,39.6675631478994],[-104.944367596762,39.6675648255828],[-104.943823225458,39.6675626852821],[-104.942798644424,39.667559303832],[-104.941773137935,39.6675587754482],[-104.940679575948,39.6675608422864],[-104.940688465752,39.6654988430214],[-104.940679361617,39.6648008040036],[-104.940679561164,39.6641069177409],[-104.94068597458,39.6634614385038],[-104.940686359291,39.6624825071583],[-104.940686709297,39.6607570374823],[-104.940686950199,39.6602808318052],[-104.940621375559,39.6597065280058],[-104.940556896401,39.6593290778565],[-104.940566725968,39.6582208632324],[-104.940576492955,39.6548676122455],[-104.940561839448,39.65436206478],[-104.940630012234,39.6536066105908]]]},"properties":{"OBJECTID":244,"NBHD_NAME":"Wellshire","NBHD_ID":73,"DIST_NUM":4,"Nmbr_Age25Plus_NoDiplomaOrGED":48,"Pct_Age25Plus_NoDiplomaOrGED":2.00250313,"Nmbr_Age25Plus_NoCollDegree":483,"Pct_Age25Plus_NoCollDegree":20.15018773,"Nmbr_Age25Plus_LessThanBA":541,"Pct_Age25Plus_LessThanBA":22.56987902,"Nmbr_PopulationUnder18":747,"Pct_PopulationUnder18":22.46616541,"Nmbr_PopulationOver70":603,"Pct_PopulationOver70":18.13533835,"Nmbr_Age25Plus":2397,"Pct_Age25Plus":72.09022556,"Nmbr_OccupiedUnitsWithRenters":84,"Pct_OccupiedUnitsWithRenters":6.46153846,"Nmbr_OccupiedUnitsWithOwners":1216,"Pct_OccupiedUnitsWithOwners":93.53846154,"Nmbr_OccupiedUnits":1300,"Nmbr_HouseholdsCostBurdened":299,"Pct_HouseholdsCostBurdened":23,"Nmbr_PerCapitaIncome":72657,"Nmbr_PopulationPovDetermined":3325,"Nmbr_PopulationInPoverty":105,"Pct_PopulationInPoverty":3.15789474,"Nmbr_HouseholdsNoVehAccess":9,"Pct_HouseholdsNoVehAccess":0.69230769,"Nmbr_Households":1300,"Nmbr_PopulationWithDisability":258,"Pct_PopulationWithDisability":7.7593985,"Nmbr_PopCivilianNonInstitution":3325,"Nmbr_Population":3325,"Nmbr_Under18SingleParentFam":85,"Pct_Under18InSingleParentFam":11.37884873,"Nmbr_PopUnder18InHouseholds":747,"Nmbr_PopulationDensity":3581.1066996,"Nmbr_PopNonHispanicWhite":2739,"Pct_PopNonHispanicWhite":82.37593985,"Nmbr_PopulationMinority":586,"Pct_PopulationMinority":17.62406015,"Pct_PopOver16Unemployed":1,"GlobalID":"1df3a241-2f6d-4ac5-a80b-7a3cae4b17b8"}},{"type":"Feature","id":245,"geometry":{"type":"Polygon","coordinates":[[[-104.959447130438,39.684728733927],[-104.959446846444,39.6846045109688],[-104.959446411255,39.6844134922072],[-104.95943461888,39.6832970950314],[-104.959425125807,39.682787678782],[-104.959386117535,39.6824860600236],[-104.959378368129,39.6820356463668],[-104.959388503043,39.6802529682204],[-104.959393323142,39.6784258440753],[-104.959391523955,39.6766313321753],[-104.959381221088,39.6748427414679],[-104.9593851349,39.6730295871045],[-104.959390234305,39.6712145941514],[-104.959394435777,39.6694079550403],[-104.959379283456,39.6675952557254],[-104.959399346472,39.6660256240594],[-104.95943410436,39.6639251972682],[-104.959442073908,39.6630485827212],[-104.959445111201,39.6619112260646],[-104.959440525171,39.6615913983494],[-104.963065758667,39.6615792082212],[-104.963037651718,39.6603776465399],[-104.968827792578,39.660431066673],[-104.968803658879,39.6658512996351],[-104.969964320545,39.6658544800714],[-104.971134753207,39.6658573498739],[-104.973464074177,39.6658630025522],[-104.973456697174,39.6676755811063],[-104.97348596618,39.6676757453338],[-104.973485932281,39.6676849418279],[-104.973474913151,39.6694921816503],[-104.973465030733,39.6712794368436],[-104.973451455046,39.6731109874812],[-104.973445519127,39.674849248317],[-104.973456612528,39.6767023086702],[-104.973430647026,39.6785129456353],[-104.97341638802,39.6803325346894],[-104.973402184302,39.6820786367115],[-104.973422598952,39.6821450704485],[-104.973425228865,39.6839810216535],[-104.973421632289,39.6857473124247],[-104.97342408625,39.6875610730225],[-104.973419609083,39.6888818957179],[-104.973424011346,39.6890397382413],[-104.973433023649,39.6893627171021],[-104.973429276471,39.6896847706919],[-104.973424217202,39.689823973085],[-104.973282403106,39.689754416259],[-104.969913350297,39.6881018146877],[-104.968842021691,39.6875742283513],[-104.968607838646,39.687458900541],[-104.968191387925,39.687253809028],[-104.965299643467,39.6858239153803],[-104.964645964321,39.6855143427373],[-104.964237657169,39.6853418758345],[-104.963701519728,39.6851465716763],[-104.963168226652,39.6849982567411],[-104.96261822608,39.6848765687956],[-104.962156822658,39.6848094285916],[-104.961744320763,39.6847679800114],[-104.961170170695,39.6847319701654],[-104.960048385118,39.6847304693683],[-104.959447130438,39.684728733927]]]},"properties":{"OBJECTID":245,"NBHD_NAME":"University","NBHD_ID":64,"DIST_NUM":6,"Nmbr_Age25Plus_NoDiplomaOrGED":77,"Pct_Age25Plus_NoDiplomaOrGED":1.34945671,"Nmbr_Age25Plus_NoCollDegree":1311,"Pct_Age25Plus_NoCollDegree":22.97581493,"Nmbr_Age25Plus_LessThanBA":1718,"Pct_Age25Plus_LessThanBA":30.10865755,"Nmbr_PopulationUnder18":997,"Pct_PopulationUnder18":10.04837734,"Nmbr_PopulationOver70":373,"Pct_PopulationOver70":3.75932272,"Nmbr_Age25Plus":5706,"Pct_Age25Plus":57.50856682,"Nmbr_OccupiedUnitsWithRenters":1684,"Pct_OccupiedUnitsWithRenters":46.5965689,"Nmbr_OccupiedUnitsWithOwners":1930,"Pct_OccupiedUnitsWithOwners":53.4034311,"Nmbr_OccupiedUnits":3614,"Nmbr_HouseholdsCostBurdened":1162,"Pct_HouseholdsCostBurdened":32.15273935,"Nmbr_PerCapitaIncome":98144,"Nmbr_PopulationPovDetermined":7832,"Nmbr_PopulationInPoverty":856,"Pct_PopulationInPoverty":10.92951992,"Nmbr_HouseholdsNoVehAccess":146,"Pct_HouseholdsNoVehAccess":4.03984505,"Nmbr_Households":3614,"Nmbr_PopulationWithDisability":389,"Pct_PopulationWithDisability":3.92058053,"Nmbr_PopCivilianNonInstitution":9922,"Nmbr_Population":9922,"Nmbr_Under18SingleParentFam":261,"Pct_Under18InSingleParentFam":26.85185185,"Nmbr_PopUnder18InHouseholds":972,"Nmbr_PopulationDensity":7962.35768892,"Nmbr_PopNonHispanicWhite":7631,"Pct_PopNonHispanicWhite":76.9098972,"Nmbr_PopulationMinority":2291,"Pct_PopulationMinority":23.0901028,"Pct_PopOver16Unemployed":6.1353877,"GlobalID":"f3f0dc56-1a9b-4076-8332-c452eecc1426"}},{"type":"Feature","id":246,"geometry":{"type":"Polygon","coordinates":[[[-104.973430647026,39.6785129456353],[-104.973456612528,39.6767023086702],[-104.973445519127,39.674849248317],[-104.973451455046,39.6731109874812],[-104.973465030733,39.6712794368436],[-104.973474913151,39.6694921816503],[-104.973485932281,39.6676849418279],[-104.97348596618,39.6676757453338],[-104.978185508289,39.6677018141046],[-104.987571892828,39.6676828908103],[-104.987584278019,39.6694851434226],[-104.987584065662,39.6712879721121],[-104.987581411415,39.6730892257808],[-104.987574510998,39.6748917156656],[-104.987574054384,39.6767060781295],[-104.987567216355,39.6785195191448],[-104.98636968782,39.6785544746043],[-104.985224010195,39.6785609369693],[-104.984074729297,39.6785616105028],[-104.982885580238,39.6785647849541],[-104.98168010393,39.6785693567891],[-104.980523181547,39.6785697035495],[-104.97936053091,39.6785460382578],[-104.978127740827,39.6785322994883],[-104.976910970235,39.6785292411091],[-104.975751649673,39.6785269074791],[-104.974593879779,39.6785196287105],[-104.973430647026,39.6785129456353]]]},"properties":{"OBJECTID":246,"NBHD_NAME":"Rosedale","NBHD_ID":53,"DIST_NUM":6,"Nmbr_Age25Plus_NoDiplomaOrGED":82,"Pct_Age25Plus_NoDiplomaOrGED":3.650935,"Nmbr_Age25Plus_NoCollDegree":653,"Pct_Age25Plus_NoCollDegree":29.07390917,"Nmbr_Age25Plus_LessThanBA":810,"Pct_Age25Plus_LessThanBA":36.06411398,"Nmbr_PopulationUnder18":361,"Pct_PopulationUnder18":13.30630299,"Nmbr_PopulationOver70":262,"Pct_PopulationOver70":9.65720604,"Nmbr_Age25Plus":2246,"Pct_Age25Plus":82.78658312,"Nmbr_OccupiedUnitsWithRenters":730,"Pct_OccupiedUnitsWithRenters":52.14285714,"Nmbr_OccupiedUnitsWithOwners":670,"Pct_OccupiedUnitsWithOwners":47.85714286,"Nmbr_OccupiedUnits":1400,"Nmbr_HouseholdsCostBurdened":454,"Pct_HouseholdsCostBurdened":32.42857143,"Nmbr_PerCapitaIncome":54712,"Nmbr_PopulationPovDetermined":2713,"Nmbr_PopulationInPoverty":204,"Pct_PopulationInPoverty":7.51935127,"Nmbr_HouseholdsNoVehAccess":149,"Pct_HouseholdsNoVehAccess":10.64285714,"Nmbr_Households":1400,"Nmbr_PopulationWithDisability":183,"Pct_PopulationWithDisability":6.74530041,"Nmbr_PopCivilianNonInstitution":2713,"Nmbr_Population":2713,"Nmbr_Under18SingleParentFam":42,"Pct_Under18InSingleParentFam":11.63434903,"Nmbr_PopUnder18InHouseholds":361,"Nmbr_PopulationDensity":4813.1979818,"Nmbr_PopNonHispanicWhite":1911,"Pct_PopNonHispanicWhite":70.43862882,"Nmbr_PopulationMinority":802,"Pct_PopulationMinority":29.56137118,"Pct_PopOver16Unemployed":4.4,"GlobalID":"81977e43-9945-4e78-a09b-092df500b3fa"}},{"type":"Feature","id":247,"geometry":{"type":"Polygon","coordinates":[[[-104.960192494408,39.7291094077255],[-104.960770250616,39.7291093114873],[-104.96135067323,39.7291092254225],[-104.961931992806,39.7291081107607],[-104.962506201409,39.7291069605403],[-104.963088409756,39.7291058437736],[-104.963664393823,39.7291050395827],[-104.964241292374,39.7291008047545],[-104.96482263252,39.7290969304797],[-104.965881278869,39.7290941916697],[-104.966563949884,39.7290900824593],[-104.967141732248,39.7290865237739],[-104.967730153907,39.7290864420646],[-104.968307021108,39.7290863049961],[-104.968887444043,39.7290861813513],[-104.969461641967,39.7290863699508],[-104.97062157753,39.729088849533],[-104.971778929194,39.7290803243839],[-104.97293533762,39.7290789906635],[-104.972948115667,39.7304540906362],[-104.972979680224,39.7320499251537],[-104.972978767332,39.733709440987],[-104.972998994731,39.7351580074869],[-104.973008305617,39.7368765909981],[-104.973019073456,39.738401294569],[-104.972999809768,39.7395452999685],[-104.97299165463,39.7400390691632],[-104.972755205964,39.7400359512583],[-104.972136532023,39.7400273438439],[-104.971876947523,39.7400272085249],[-104.971290219203,39.7400262897647],[-104.970787947843,39.7400250611854],[-104.970311443352,39.7400256624349],[-104.970140755013,39.7400259234076],[-104.96968825263,39.7400266302086],[-104.968461560065,39.7400111437373],[-104.96784814528,39.7400124893014],[-104.967232068792,39.7400131331131],[-104.966605358188,39.7400092645007],[-104.965990202014,39.740005787962],[-104.965381263332,39.7400030229593],[-104.964766102034,39.7400002265016],[-104.964124271857,39.7399973053819],[-104.963466440248,39.7399943078029],[-104.962851258336,39.7399942468554],[-104.962237850967,39.7399945335769],[-104.961632468756,39.7399917654267],[-104.961013751417,39.7399889330824],[-104.960402124872,39.7399888751642],[-104.95978160542,39.7399891160668],[-104.959780851861,39.7397248806165],[-104.959777038522,39.7383892878791],[-104.959784746988,39.7368114761444],[-104.959793042823,39.7350418407802],[-104.959795488302,39.7334547380559],[-104.959799177953,39.7322832070734],[-104.959833724017,39.7319525590962],[-104.959844436704,39.7314848811955],[-104.959839550684,39.7310806163669],[-104.959897577796,39.7309326374927],[-104.960094200284,39.7306782285852],[-104.960169400666,39.7304932671426],[-104.960192494408,39.7291094077255]]]},"properties":{"OBJECTID":247,"NBHD_NAME":"Cheesman Park","NBHD_ID":12,"DIST_NUM":10,"Nmbr_Age25Plus_NoDiplomaOrGED":29,"Pct_Age25Plus_NoDiplomaOrGED":0.35842294,"Nmbr_Age25Plus_NoCollDegree":1618,"Pct_Age25Plus_NoCollDegree":19.99752812,"Nmbr_Age25Plus_LessThanBA":2070,"Pct_Age25Plus_LessThanBA":25.5839822,"Nmbr_PopulationUnder18":347,"Pct_PopulationUnder18":3.87796156,"Nmbr_PopulationOver70":747,"Pct_PopulationOver70":8.34823424,"Nmbr_Age25Plus":8091,"Pct_Age25Plus":90.42244077,"Nmbr_OccupiedUnitsWithRenters":4016,"Pct_OccupiedUnitsWithRenters":72.50406211,"Nmbr_OccupiedUnitsWithOwners":1523,"Pct_OccupiedUnitsWithOwners":27.49593789,"Nmbr_OccupiedUnits":5539,"Nmbr_HouseholdsCostBurdened":1957,"Pct_HouseholdsCostBurdened":35.33128724,"Nmbr_PerCapitaIncome":191628,"Nmbr_PopulationPovDetermined":8860,"Nmbr_PopulationInPoverty":749,"Pct_PopulationInPoverty":8.4537246,"Nmbr_HouseholdsNoVehAccess":777,"Pct_HouseholdsNoVehAccess":14.02780285,"Nmbr_Households":5539,"Nmbr_PopulationWithDisability":613,"Pct_PopulationWithDisability":6.91873589,"Nmbr_PopCivilianNonInstitution":8860,"Nmbr_Population":8948,"Nmbr_Under18SingleParentFam":178,"Pct_Under18InSingleParentFam":53.77643505,"Nmbr_PopUnder18InHouseholds":331,"Nmbr_PopulationDensity":16990.59115742,"Nmbr_PopNonHispanicWhite":7711,"Pct_PopNonHispanicWhite":86.17568172,"Nmbr_PopulationMinority":1237,"Pct_PopulationMinority":13.82431828,"Pct_PopOver16Unemployed":6.12029019,"GlobalID":"3bf6668f-9a07-47e9-9b77-a39937620fd9"}},{"type":"Feature","id":248,"geometry":{"type":"Polygon","coordinates":[[[-104.910236800857,39.711201983284],[-104.911124434298,39.7112054081364],[-104.911812684266,39.7112026437004],[-104.912791852741,39.7112117557422],[-104.912918209828,39.7112129308202],[-104.914125689801,39.7112077241083],[-104.915284127948,39.7111863991382],[-104.916455650522,39.711196498618],[-104.917622530872,39.7111985479136],[-104.918786635579,39.7111909441685],[-104.919952119895,39.7111967622894],[-104.921121768697,39.7111989927782],[-104.922285899032,39.7112149344184],[-104.923454572877,39.7112001995828],[-104.924624551981,39.7111751882251],[-104.925802914235,39.711180967001],[-104.92697832522,39.7111798408127],[-104.928148488695,39.7111821260416],[-104.9293194058,39.7111878062893],[-104.931565521268,39.7112092614639],[-104.931673749135,39.7110949817361],[-104.940686363142,39.7110760707139],[-104.940704692328,39.7115637933913],[-104.940684770232,39.7130595452377],[-104.940695236136,39.7146450071116],[-104.940697796079,39.7150649294493],[-104.940704863636,39.7162242866965],[-104.940707945237,39.717456609552],[-104.940708788236,39.7177937301815],[-104.940708512935,39.7183500309335],[-104.940707994079,39.7193988954015],[-104.940702645734,39.720961629503],[-104.940700736606,39.7225387919085],[-104.940702963148,39.7231513460282],[-104.940694416978,39.7241118144445],[-104.940696119473,39.7243441429091],[-104.94068852175,39.7252970658801],[-104.940691440635,39.7255997479797],[-104.939471325686,39.7256062100793],[-104.93831185923,39.7256043273114],[-104.937156076221,39.7256106006669],[-104.936017385612,39.7256089205486],[-104.934927336584,39.7256123746578],[-104.933817518794,39.7256157477721],[-104.932715133874,39.7256137416113],[-104.931618924786,39.7256171590032],[-104.930521663247,39.7256163983186],[-104.929413468824,39.7256214527409],[-104.928312508225,39.725621255055],[-104.927210775891,39.725623681946],[-104.926104937191,39.7256260784388],[-104.925001156009,39.7256275514017],[-104.923901971701,39.7256276424218],[-104.922798781187,39.7256320795328],[-104.921662013082,39.7256363659844],[-104.920562536427,39.7256343396951],[-104.919461213193,39.7256340580458],[-104.918357417987,39.7256351531332],[-104.91725685772,39.7256359691769],[-104.916154697898,39.7256370278099],[-104.915049018712,39.7256377132816],[-104.913952113007,39.7256388538896],[-104.912793747142,39.7256394314067],[-104.912451130775,39.7256406358991],[-104.911636656995,39.7256395287768],[-104.910499229456,39.7256400865849],[-104.909360322982,39.7256408930175],[-104.908154814882,39.7256403803643],[-104.906943013618,39.7256425144707],[-104.905802984147,39.7256433954333],[-104.904627411415,39.725643354255],[-104.90436423294,39.7256430543559],[-104.903407530046,39.7256419597829],[-104.903493838875,39.7252547278241],[-104.903510703307,39.7250399806131],[-104.903519999565,39.724831001571],[-104.903528929062,39.7232751021166],[-104.903534036598,39.722385127451],[-104.903536627419,39.7219956121454],[-104.903734720045,39.7219956844698],[-104.904772727583,39.7220023912026],[-104.905789790528,39.7220045709245],[-104.906007500564,39.7220091017373],[-104.906521604629,39.7220084594458],[-104.90666075169,39.7220082804489],[-104.906865168321,39.7220082815827],[-104.90794414194,39.7220071965847],[-104.908145003527,39.7220071778541],[-104.908146121008,39.721874722894],[-104.908146847726,39.7216832413986],[-104.908148309703,39.721509951999],[-104.908157866986,39.7200610300805],[-104.908164978644,39.7187966480932],[-104.908165511324,39.7186281576153],[-104.908166915297,39.7184617307961],[-104.908169465533,39.7183701192794],[-104.908222789769,39.7183700442145],[-104.908276113681,39.7183699690735],[-104.908329437394,39.718369894359],[-104.908356097805,39.7183700284504],[-104.908382758475,39.718370162537],[-104.908777141655,39.7183660159084],[-104.909729114961,39.7183625599022],[-104.910691626989,39.7183629947403],[-104.911643452793,39.7183624960007],[-104.912781294402,39.7183638738903],[-104.912695047449,39.7182802173449],[-104.912697438742,39.7162508502445],[-104.912699153925,39.7147952686224],[-104.910146662208,39.7148010472167],[-104.90743191312,39.7147834876252],[-104.90745444107,39.7147547825184],[-104.90746042289,39.714747160633],[-104.907687465757,39.7144578698894],[-104.908765085808,39.7130847761381],[-104.909096556927,39.7126624012713],[-104.909977513352,39.7115397915077],[-104.910097472819,39.7113837873578],[-104.910236800857,39.711201983284]]]},"properties":{"OBJECTID":248,"NBHD_NAME":"Hilltop","NBHD_ID":37,"DIST_NUM":5,"Nmbr_Age25Plus_NoDiplomaOrGED":159,"Pct_Age25Plus_NoDiplomaOrGED":2.49607535,"Nmbr_Age25Plus_NoCollDegree":967,"Pct_Age25Plus_NoCollDegree":15.18053375,"Nmbr_Age25Plus_LessThanBA":1144,"Pct_Age25Plus_LessThanBA":17.95918367,"Nmbr_PopulationUnder18":2151,"Pct_PopulationUnder18":24.20661715,"Nmbr_PopulationOver70":1211,"Pct_PopulationOver70":13.62817916,"Nmbr_Age25Plus":6370,"Pct_Age25Plus":71.68579788,"Nmbr_OccupiedUnitsWithRenters":983,"Pct_OccupiedUnitsWithRenters":27.04264099,"Nmbr_OccupiedUnitsWithOwners":2652,"Pct_OccupiedUnitsWithOwners":72.95735901,"Nmbr_OccupiedUnits":3635,"Nmbr_HouseholdsCostBurdened":865,"Pct_HouseholdsCostBurdened":23.79642366,"Nmbr_PerCapitaIncome":209959,"Nmbr_PopulationPovDetermined":8766,"Nmbr_PopulationInPoverty":316,"Pct_PopulationInPoverty":3.60483687,"Nmbr_HouseholdsNoVehAccess":126,"Pct_HouseholdsNoVehAccess":3.46629986,"Nmbr_Households":3635,"Nmbr_PopulationWithDisability":763,"Pct_PopulationWithDisability":8.70309114,"Nmbr_PopCivilianNonInstitution":8767,"Nmbr_Population":8886,"Nmbr_Under18SingleParentFam":97,"Pct_Under18InSingleParentFam":4.50953045,"Nmbr_PopUnder18InHouseholds":2151,"Nmbr_PopulationDensity":5156.74607938,"Nmbr_PopNonHispanicWhite":6847,"Pct_PopNonHispanicWhite":77.05379248,"Nmbr_PopulationMinority":2039,"Pct_PopulationMinority":22.94620752,"Pct_PopOver16Unemployed":4.25401586,"GlobalID":"5ead6d2c-9677-4711-aa9f-bab1e3320fa6"}},{"type":"Feature","id":249,"geometry":{"type":"Polygon","coordinates":[[[-104.903455093546,39.7401463078847],[-104.903464635856,39.7387014078577],[-104.903457632757,39.7372700528638],[-104.903458247784,39.735626602305],[-104.90345461902,39.7346955738578],[-104.903453802657,39.7341716646873],[-104.903458717005,39.7328950518736],[-104.90346331452,39.7316872901669],[-104.903464836454,39.7307177346749],[-104.903467623859,39.7300455185375],[-104.903468066612,39.7298768563641],[-104.903468825736,39.729576021645],[-104.90346774415,39.7292849896942],[-104.903464081865,39.728673399383],[-104.903460478271,39.7280717063382],[-104.903464936222,39.7270188023765],[-104.903459580994,39.7268808333947],[-104.903454722485,39.7266993842101],[-104.903407530046,39.7256419597829],[-104.90436423294,39.7256430543559],[-104.904627411415,39.725643354255],[-104.905802984147,39.7256433954333],[-104.906943013618,39.7256425144707],[-104.908154814882,39.7256403803643],[-104.909360322982,39.7256408930175],[-104.910499229456,39.7256400865849],[-104.911636656995,39.7256395287768],[-104.912451130775,39.7256406358991],[-104.912793747142,39.7256394314067],[-104.913952113007,39.7256388538896],[-104.915049018712,39.7256377132816],[-104.916154697898,39.7256370278099],[-104.91725685772,39.7256359691769],[-104.918357417987,39.7256351531332],[-104.919461213193,39.7256340580458],[-104.920562536427,39.7256343396951],[-104.921662013082,39.7256363659844],[-104.922798781187,39.7256320795328],[-104.9228110817,39.7280667194911],[-104.922808325451,39.7292558230916],[-104.922313891524,39.7292620433615],[-104.922314162791,39.7304814320993],[-104.922312539986,39.7310673336255],[-104.922324797325,39.7316724591563],[-104.922319660033,39.7328803604692],[-104.9223300282,39.733653566604],[-104.922324700514,39.7347062646626],[-104.922331470987,39.7351054728628],[-104.922334443066,39.7366803348762],[-104.922324920459,39.7382992583002],[-104.922321255429,39.7401429843041],[-104.921661737893,39.7401411474684],[-104.921133232532,39.7401398266333],[-104.920560939096,39.7401425947487],[-104.91994925121,39.740143013835],[-104.91945708493,39.7401458263961],[-104.918773351339,39.740146226633],[-104.918359399249,39.7401447733507],[-104.917555768691,39.7401456024958],[-104.917254761335,39.740146170727],[-104.916322716747,39.7401470423486],[-104.915055674711,39.7401468549908],[-104.91394861684,39.7401493126109],[-104.912802989691,39.7401547349036],[-104.912430415933,39.7401539407018],[-104.911640562729,39.7401493652121],[-104.91050010159,39.7401494938392],[-104.909356247632,39.7401481221007],[-104.908156778466,39.7401550769775],[-104.906941481173,39.7401597860867],[-104.905797388687,39.740154073268],[-104.904652531971,39.7401587710879],[-104.903455093546,39.7401463078847]]]},"properties":{"OBJECTID":249,"NBHD_NAME":"Montclair","NBHD_ID":46,"DIST_NUM":5,"Nmbr_Age25Plus_NoDiplomaOrGED":251,"Pct_Age25Plus_NoDiplomaOrGED":4.9910519,"Nmbr_Age25Plus_NoCollDegree":1334,"Pct_Age25Plus_NoCollDegree":26.52614834,"Nmbr_Age25Plus_LessThanBA":1526,"Pct_Age25Plus_LessThanBA":30.34400477,"Nmbr_PopulationUnder18":1073,"Pct_PopulationUnder18":17.01284287,"Nmbr_PopulationOver70":371,"Pct_PopulationOver70":5.88235294,"Nmbr_Age25Plus":5029,"Pct_Age25Plus":79.73680038,"Nmbr_OccupiedUnitsWithRenters":819,"Pct_OccupiedUnitsWithRenters":26.48771022,"Nmbr_OccupiedUnitsWithOwners":2273,"Pct_OccupiedUnitsWithOwners":73.51228978,"Nmbr_OccupiedUnits":3092,"Nmbr_HouseholdsCostBurdened":964,"Pct_HouseholdsCostBurdened":31.17723157,"Nmbr_PerCapitaIncome":131344,"Nmbr_PopulationPovDetermined":6307,"Nmbr_PopulationInPoverty":347,"Pct_PopulationInPoverty":5.50182337,"Nmbr_HouseholdsNoVehAccess":81,"Pct_HouseholdsNoVehAccess":2.61966365,"Nmbr_Households":3092,"Nmbr_PopulationWithDisability":352,"Pct_PopulationWithDisability":5.58110036,"Nmbr_PopCivilianNonInstitution":6307,"Nmbr_Population":6307,"Nmbr_Under18SingleParentFam":347,"Pct_Under18InSingleParentFam":32.33923579,"Nmbr_PopUnder18InHouseholds":1073,"Nmbr_PopulationDensity":6229.80070048,"Nmbr_PopNonHispanicWhite":4287,"Pct_PopNonHispanicWhite":67.9720945,"Nmbr_PopulationMinority":2020,"Pct_PopulationMinority":32.0279055,"Pct_PopOver16Unemployed":4.05836576,"GlobalID":"b849a0cb-27c0-4f70-b8a5-4db71f238c74"}},{"type":"Feature","id":250,"geometry":{"type":"Polygon","coordinates":[[[-104.922321255429,39.7401429843041],[-104.922324920459,39.7382992583002],[-104.922334443066,39.7366803348762],[-104.922331470987,39.7351054728628],[-104.922324700514,39.7347062646626],[-104.9223300282,39.733653566604],[-104.922319660033,39.7328803604692],[-104.922324797325,39.7316724591563],[-104.922312539986,39.7310673336255],[-104.922314162791,39.7304814320993],[-104.922313891524,39.7292620433615],[-104.922808325451,39.7292558230916],[-104.9228110817,39.7280667194911],[-104.922798781187,39.7256320795328],[-104.923901971701,39.7256276424218],[-104.925001156009,39.7256275514017],[-104.926104937191,39.7256260784388],[-104.927210775891,39.725623681946],[-104.928312508225,39.725621255055],[-104.929413468824,39.7256214527409],[-104.930521663247,39.7256163983186],[-104.931618924786,39.7256171590032],[-104.932715133874,39.7256137416113],[-104.933817518794,39.7256157477721],[-104.934927336584,39.7256123746578],[-104.936017385612,39.7256089205486],[-104.937156076221,39.7256106006669],[-104.93831185923,39.7256043273114],[-104.939471325686,39.7256062100793],[-104.940691440635,39.7255997479797],[-104.940700783792,39.7268804701477],[-104.940699160762,39.7273070116872],[-104.940692735206,39.7292276526697],[-104.940688969685,39.7304801718998],[-104.940688152997,39.7310285384312],[-104.940682501322,39.7320717193623],[-104.940678100439,39.7328465550628],[-104.940673557171,39.7336392335223],[-104.940667839131,39.7346906494153],[-104.940661976562,39.7350914324488],[-104.940670412945,39.736708785658],[-104.940664110581,39.7382793981149],[-104.940663578845,39.740129369815],[-104.939489130913,39.7401357632105],[-104.938944088826,39.7401304484292],[-104.938385404478,39.7401323497239],[-104.937237137499,39.7401385044254],[-104.93614841445,39.7401373028027],[-104.93551759264,39.740137710527],[-104.935002769188,39.7401376440098],[-104.933801093515,39.7401365658394],[-104.932691420177,39.7401370562174],[-104.93208740189,39.7401339312092],[-104.931534774481,39.7401358302156],[-104.930934402879,39.7401345384865],[-104.930379668879,39.7401349418213],[-104.929799659722,39.7401355640494],[-104.929220845787,39.7401358474441],[-104.928658525036,39.740136206718],[-104.928067182754,39.7401385845024],[-104.927526195475,39.7401387006814],[-104.926900542612,39.7401430716417],[-104.925776349802,39.7401507096119],[-104.924609372333,39.7401464080621],[-104.923431145661,39.7401504597689],[-104.922321255429,39.7401429843041]]]},"properties":{"OBJECTID":250,"NBHD_NAME":"Hale","NBHD_ID":31,"DIST_NUM":5,"Nmbr_Age25Plus_NoDiplomaOrGED":341,"Pct_Age25Plus_NoDiplomaOrGED":5.11014536,"Nmbr_Age25Plus_NoCollDegree":2064,"Pct_Age25Plus_NoCollDegree":30.93061591,"Nmbr_Age25Plus_LessThanBA":2560,"Pct_Age25Plus_LessThanBA":38.36355462,"Nmbr_PopulationUnder18":1493,"Pct_PopulationUnder18":17.15303309,"Nmbr_PopulationOver70":601,"Pct_PopulationOver70":6.90487132,"Nmbr_Age25Plus":6673,"Pct_Age25Plus":76.66590074,"Nmbr_OccupiedUnitsWithRenters":2681,"Pct_OccupiedUnitsWithRenters":58.35872878,"Nmbr_OccupiedUnitsWithOwners":1913,"Pct_OccupiedUnitsWithOwners":41.64127122,"Nmbr_OccupiedUnits":4594,"Nmbr_HouseholdsCostBurdened":1916,"Pct_HouseholdsCostBurdened":41.70657379,"Nmbr_PerCapitaIncome":163896,"Nmbr_PopulationPovDetermined":8664,"Nmbr_PopulationInPoverty":636,"Pct_PopulationInPoverty":7.34072022,"Nmbr_HouseholdsNoVehAccess":382,"Pct_HouseholdsNoVehAccess":8.31519373,"Nmbr_Households":4594,"Nmbr_PopulationWithDisability":824,"Pct_PopulationWithDisability":9.51061865,"Nmbr_PopCivilianNonInstitution":8664,"Nmbr_Population":8704,"Nmbr_Under18SingleParentFam":578,"Pct_Under18InSingleParentFam":38.71399866,"Nmbr_PopUnder18InHouseholds":1493,"Nmbr_PopulationDensity":8944.91570611,"Nmbr_PopNonHispanicWhite":6174,"Pct_PopNonHispanicWhite":70.93290441,"Nmbr_PopulationMinority":2530,"Pct_PopulationMinority":29.06709559,"Pct_PopOver16Unemployed":1.49524201,"GlobalID":"a679f9ac-6240-49c8-a1ac-e329e3c55ee4"}},{"type":"Feature","id":251,"geometry":{"type":"Polygon","coordinates":[[[-104.903424647649,39.7522130106541],[-104.90342757858,39.7510165703016],[-104.904642547297,39.7510167846776],[-104.905812836378,39.7510153228954],[-104.906954138465,39.7510139401452],[-104.90816466071,39.7510128940353],[-104.909372938116,39.7510099755821],[-104.910507364858,39.751011956592],[-104.91168234212,39.7510085034008],[-104.912132027006,39.7510094921086],[-104.912275333529,39.7510131580631],[-104.912386109208,39.7510269561208],[-104.912849228955,39.7510812869991],[-104.913987759328,39.7510849666955],[-104.915156665424,39.7510794541651],[-104.916333223845,39.7510832342432],[-104.917549988087,39.7510756771781],[-104.918762034586,39.7510768686584],[-104.91993330037,39.751075365037],[-104.921107596647,39.7510768892147],[-104.92228341935,39.7510714071769],[-104.923472494461,39.7510682643141],[-104.924636931472,39.7510655233287],[-104.925785654349,39.7510656128091],[-104.926989544091,39.7510649286504],[-104.928161413012,39.7510633959174],[-104.929332400168,39.751058425366],[-104.930503391503,39.7510579278113],[-104.931701131473,39.7510558434833],[-104.932833003886,39.7510527482788],[-104.933933803108,39.7510449890426],[-104.93503898945,39.7510475517112],[-104.936139758052,39.7510487140465],[-104.937242275093,39.7510491837284],[-104.938343965039,39.7510431273238],[-104.939447353534,39.7510418643777],[-104.940621034984,39.751036810207],[-104.940614647834,39.752840419012],[-104.940608274072,39.7544196008691],[-104.940608095259,39.7546649576682],[-104.940606243855,39.7550084498409],[-104.940602160097,39.7559661828896],[-104.940600529479,39.7565049322522],[-104.940593357474,39.7582954925609],[-104.940585468111,39.7601759556293],[-104.94057847481,39.7618009513033],[-104.940578188696,39.7619582011063],[-104.939679923531,39.7619952028278],[-104.939526601428,39.7619985991136],[-104.939314516118,39.761994837867],[-104.93808285394,39.7619903422981],[-104.936852573316,39.7619954665028],[-104.935621026818,39.7619978225192],[-104.935015078501,39.761999658917],[-104.934391973527,39.762001544458],[-104.933167048858,39.7620025256397],[-104.931852991731,39.762000331497],[-104.929355750574,39.7619978797321],[-104.927593969233,39.7620058417495],[-104.925815625864,39.7620109299853],[-104.924034459422,39.7620184640796],[-104.922445107517,39.7620145917119],[-104.922291588995,39.7620073122647],[-104.922135840456,39.7619961097364],[-104.92197352876,39.7619953128014],[-104.921134989304,39.7619938011803],[-104.919974246394,39.7619959320953],[-104.918812642671,39.7619915133888],[-104.917586829431,39.7619932492761],[-104.916376204858,39.7619977081419],[-104.915212829066,39.7619984618577],[-104.914052641046,39.7619992036837],[-104.912851305663,39.7619958343642],[-104.912431040101,39.7619741693292],[-104.911729986482,39.7619767677823],[-104.910573369546,39.7619765217515],[-104.909408871172,39.7619762499056],[-104.908180357663,39.7619774676774],[-104.906948392762,39.7619749667316],[-104.905791681027,39.7619746935142],[-104.903439419912,39.7619838090708],[-104.903456516909,39.761424142924],[-104.903461861237,39.7602196616086],[-104.903458937319,39.7584100508932],[-104.903393728136,39.7580154427718],[-104.903403318563,39.7547306972849],[-104.90342363715,39.7534079249993],[-104.903424647649,39.7522130106541]]]},"properties":{"OBJECTID":251,"NBHD_NAME":"North Park Hill","NBHD_ID":48,"DIST_NUM":8,"Nmbr_Age25Plus_NoDiplomaOrGED":430,"Pct_Age25Plus_NoDiplomaOrGED":5.16826923,"Nmbr_Age25Plus_NoCollDegree":2844,"Pct_Age25Plus_NoCollDegree":34.18269231,"Nmbr_Age25Plus_LessThanBA":3166,"Pct_Age25Plus_LessThanBA":38.05288462,"Nmbr_PopulationUnder18":2634,"Pct_PopulationUnder18":22.79729964,"Nmbr_PopulationOver70":1160,"Pct_PopulationOver70":10.03981305,"Nmbr_Age25Plus":8320,"Pct_Age25Plus":72.00969361,"Nmbr_OccupiedUnitsWithRenters":715,"Pct_OccupiedUnitsWithRenters":16.05298608,"Nmbr_OccupiedUnitsWithOwners":3739,"Pct_OccupiedUnitsWithOwners":83.94701392,"Nmbr_OccupiedUnits":4454,"Nmbr_HouseholdsCostBurdened":970,"Pct_HouseholdsCostBurdened":21.77817692,"Nmbr_PerCapitaIncome":113747,"Nmbr_PopulationPovDetermined":11554,"Nmbr_PopulationInPoverty":865,"Pct_PopulationInPoverty":7.48658473,"Nmbr_HouseholdsNoVehAccess":209,"Pct_HouseholdsNoVehAccess":4.69241132,"Nmbr_Households":4454,"Nmbr_PopulationWithDisability":1085,"Pct_PopulationWithDisability":9.39068721,"Nmbr_PopCivilianNonInstitution":11554,"Nmbr_Population":11554,"Nmbr_Under18SingleParentFam":612,"Pct_Under18InSingleParentFam":23.23462415,"Nmbr_PopUnder18InHouseholds":2634,"Nmbr_PopulationDensity":7731.90249554,"Nmbr_PopNonHispanicWhite":5782,"Pct_PopNonHispanicWhite":50.04327506,"Nmbr_PopulationMinority":5772,"Pct_PopulationMinority":49.95672494,"Pct_PopOver16Unemployed":4.80160531,"GlobalID":"14fa1582-96bf-4df8-87cd-c04cb1128b00"}},{"type":"Feature","id":252,"geometry":{"type":"Polygon","coordinates":[[[-104.90342757858,39.7510165703016],[-104.903422847111,39.7498227696462],[-104.90343654875,39.7486315800727],[-104.903447773996,39.7474419395358],[-104.90346375412,39.7456156373935],[-104.903455067448,39.7437852236435],[-104.903458736821,39.7426023431004],[-104.903452699071,39.7419783659899],[-104.903455110856,39.741479655158],[-104.903455093546,39.7401463078847],[-104.904652531971,39.7401587710879],[-104.905797388687,39.740154073268],[-104.906941481173,39.7401597860867],[-104.908156778466,39.7401550769775],[-104.909356247632,39.7401481221007],[-104.91050010159,39.7401494938392],[-104.911640562729,39.7401493652121],[-104.912430415933,39.7401539407018],[-104.912802989691,39.7401547349036],[-104.91394861684,39.7401493126109],[-104.915055674711,39.7401468549908],[-104.916322716747,39.7401470423486],[-104.917254761335,39.740146170727],[-104.917555768691,39.7401456024958],[-104.918359399249,39.7401447733507],[-104.918773351339,39.740146226633],[-104.91945708493,39.7401458263961],[-104.91994925121,39.740143013835],[-104.920560939096,39.7401425947487],[-104.921133232532,39.7401398266333],[-104.921661737893,39.7401411474684],[-104.922321255429,39.7401429843041],[-104.923431145661,39.7401504597689],[-104.924609372333,39.7401464080621],[-104.925776349802,39.7401507096119],[-104.926900542612,39.7401430716417],[-104.927526195475,39.7401387006814],[-104.928067182754,39.7401385845024],[-104.928658525036,39.740136206718],[-104.929220845787,39.7401358474441],[-104.929799659722,39.7401355640494],[-104.930379668879,39.7401349418213],[-104.930934402879,39.7401345384865],[-104.931534774481,39.7401358302156],[-104.93208740189,39.7401339312092],[-104.932691420177,39.7401370562174],[-104.933801093515,39.7401365658394],[-104.935002769188,39.7401376440098],[-104.93551759264,39.740137710527],[-104.93614841445,39.7401373028027],[-104.937237137499,39.7401385044254],[-104.938385404478,39.7401323497239],[-104.938944088826,39.7401304484292],[-104.939489130913,39.7401357632105],[-104.940663578845,39.740129369815],[-104.940657992083,39.7413873646213],[-104.940656861339,39.7417521374786],[-104.940656233865,39.7419422445504],[-104.940653900625,39.7425691853849],[-104.940650831146,39.7433999590009],[-104.940653346083,39.7437534249349],[-104.940644642174,39.7449561555684],[-104.940639756734,39.7461259605793],[-104.940634999574,39.7473911639065],[-104.940628217594,39.7492445301946],[-104.940621034984,39.751036810207],[-104.939447353534,39.7510418643777],[-104.938343965039,39.7510431273238],[-104.937242275093,39.7510491837284],[-104.936139758052,39.7510487140465],[-104.93503898945,39.7510475517112],[-104.933933803108,39.7510449890426],[-104.932833003886,39.7510527482788],[-104.931701131473,39.7510558434833],[-104.930503391503,39.7510579278113],[-104.929332400168,39.751058425366],[-104.928161413012,39.7510633959174],[-104.926989544091,39.7510649286504],[-104.925785654349,39.7510656128091],[-104.924636931472,39.7510655233287],[-104.923472494461,39.7510682643141],[-104.92228341935,39.7510714071769],[-104.921107596647,39.7510768892147],[-104.91993330037,39.751075365037],[-104.918762034586,39.7510768686584],[-104.917549988087,39.7510756771781],[-104.916333223845,39.7510832342432],[-104.915156665424,39.7510794541651],[-104.913987759328,39.7510849666955],[-104.912849228955,39.7510812869991],[-104.912386109208,39.7510269561208],[-104.912275333529,39.7510131580631],[-104.912132027006,39.7510094921086],[-104.91168234212,39.7510085034008],[-104.910507364858,39.751011956592],[-104.909372938116,39.7510099755821],[-104.90816466071,39.7510128940353],[-104.906954138465,39.7510139401452],[-104.905812836378,39.7510153228954],[-104.904642547297,39.7510167846776],[-104.90342757858,39.7510165703016]]]},"properties":{"OBJECTID":252,"NBHD_NAME":"South Park Hill","NBHD_ID":57,"DIST_NUM":8,"Nmbr_Age25Plus_NoDiplomaOrGED":149,"Pct_Age25Plus_NoDiplomaOrGED":2.26788432,"Nmbr_Age25Plus_NoCollDegree":1338,"Pct_Age25Plus_NoCollDegree":20.3652968,"Nmbr_Age25Plus_LessThanBA":1552,"Pct_Age25Plus_LessThanBA":23.62252664,"Nmbr_PopulationUnder18":2047,"Pct_PopulationUnder18":21.96116297,"Nmbr_PopulationOver70":991,"Pct_PopulationOver70":10.63190645,"Nmbr_Age25Plus":6570,"Pct_Age25Plus":70.48599936,"Nmbr_OccupiedUnitsWithRenters":535,"Pct_OccupiedUnitsWithRenters":14.81173865,"Nmbr_OccupiedUnitsWithOwners":3077,"Pct_OccupiedUnitsWithOwners":85.18826135,"Nmbr_OccupiedUnits":3612,"Nmbr_HouseholdsCostBurdened":602,"Pct_HouseholdsCostBurdened":16.66666667,"Nmbr_PerCapitaIncome":156892,"Nmbr_PopulationPovDetermined":8862,"Nmbr_PopulationInPoverty":389,"Pct_PopulationInPoverty":4.38952832,"Nmbr_HouseholdsNoVehAccess":184,"Pct_HouseholdsNoVehAccess":5.09413068,"Nmbr_Households":3612,"Nmbr_PopulationWithDisability":388,"Pct_PopulationWithDisability":4.18193576,"Nmbr_PopCivilianNonInstitution":9278,"Nmbr_Population":9321,"Nmbr_Under18SingleParentFam":175,"Pct_Under18InSingleParentFam":8.74125874,"Nmbr_PopUnder18InHouseholds":2002,"Nmbr_PopulationDensity":6253.89138467,"Nmbr_PopNonHispanicWhite":6733,"Pct_PopNonHispanicWhite":72.23473876,"Nmbr_PopulationMinority":2588,"Pct_PopulationMinority":27.76526124,"Pct_PopOver16Unemployed":5.50220072,"GlobalID":"56f0f330-f6cb-481d-9778-acf58b5f17a9"}},{"type":"Feature","id":253,"geometry":{"type":"MultiPolygon","coordinates":[[[[-104.935906066919,39.6978433900113],[-104.935912189188,39.6965838323519],[-104.934079933749,39.6965896441658],[-104.933993668069,39.6965899006549],[-104.933993671735,39.6965896394461],[-104.931735189248,39.6965965918655],[-104.928213330079,39.6966045717643],[-104.928213260458,39.6966349089901],[-104.928194773575,39.6966348706941],[-104.92817561239,39.6966347775235],[-104.928029342078,39.6966365769223],[-104.927931780607,39.6966436345215],[-104.927850407124,39.696658302407],[-104.927694160538,39.6966876713006],[-104.927573729157,39.6967096826721],[-104.927489126536,39.6967218236527],[-104.927394833096,39.6967263856295],[-104.927271291861,39.6967308077007],[-104.926526999667,39.696732201491],[-104.925961459708,39.6967344633125],[-104.925308166886,39.6967362936056],[-104.924346125586,39.6967366096698],[-104.92415433251,39.6967406913365],[-104.924053522123,39.6967477318692],[-104.92396568667,39.6967573439488],[-104.923871313827,39.6967719450075],[-104.923757477293,39.6968050860896],[-104.92331220366,39.6968250704339],[-104.923304674218,39.6968204748668],[-104.923250757434,39.696786580266],[-104.923196885829,39.6967471951332],[-104.923081759279,39.6967020190052],[-104.92299845427,39.696676559434],[-104.922904421234,39.6966592826982],[-104.922774989994,39.6966250172739],[-104.922743249325,39.6966167829173],[-104.922710271794,39.6966082276533],[-104.922663380455,39.6965843189739],[-104.922620057602,39.6965587120813],[-104.922587482656,39.696522519621],[-104.922537258621,39.696471827699],[-104.922476348127,39.6964241721221],[-104.922422638473,39.6963652268865],[-104.92237220514,39.6963399284605],[-104.922279222374,39.6963030958431],[-104.922275826905,39.6963020350583],[-104.922188833448,39.6962748554245],[-104.921944058011,39.6962221775057],[-104.921907842466,39.6961966052813],[-104.921839619127,39.6961739642328],[-104.921756292903,39.6961512487313],[-104.921633831857,39.6961338313832],[-104.92154688176,39.6961196770371],[-104.92148218952,39.6960997982631],[-104.921356542458,39.6960377536963],[-104.921284038894,39.6959955309732],[-104.921241718165,39.6959562015682],[-104.921134114211,39.6958609583406],[-104.921022982962,39.6957626092456],[-104.920954126837,39.6957090794242],[-104.920919003904,39.6956588043284],[-104.920846778518,39.695582952243],[-104.920808264098,39.6955131000157],[-104.920711047618,39.6954511946128],[-104.92063489761,39.6954202776581],[-104.920573760034,39.6954004158378],[-104.920343216758,39.6953460891095],[-104.920202399088,39.6952925474811],[-104.920097869213,39.6952556565814],[-104.919990787773,39.6952050260711],[-104.919882798582,39.6951567935179],[-104.919792596503,39.6951062461418],[-104.919677775808,39.6950246928123],[-104.919584091517,39.6949655489553],[-104.919483369076,39.6948981344786],[-104.919408341623,39.6948390827779],[-104.919307573583,39.6947771586041],[-104.919210220296,39.6947320661902],[-104.919073917562,39.6946699665545],[-104.918983648704,39.6946276541638],[-104.918868457047,39.6945910526088],[-104.918825159544,39.6945626989451],[-104.91876423017,39.6945177863152],[-104.918696322195,39.694457396904],[-104.918656598193,39.6944266585066],[-104.918427331155,39.6942189392558],[-104.918347930997,39.6941516292281],[-104.918297663888,39.6941067689345],[-104.918200658714,39.6940198115091],[-104.918136086069,39.6939858615852],[-104.918092740798,39.6939633414758],[-104.918043176868,39.6939407903237],[-104.917935025374,39.693912458481],[-104.917830382039,39.6938896348427],[-104.917703646487,39.6938526318437],[-104.917621167088,39.6938354082524],[-104.917559963654,39.6938237807716],[-104.917523699421,39.6938043837224],[-104.917480425473,39.6937732843493],[-104.917459440874,39.6937326871944],[-104.917437764233,39.693668407743],[-104.917409985438,39.6935900282297],[-104.917360089156,39.6935005577998],[-104.917252728075,39.6933771723955],[-104.917173285178,39.6933153522705],[-104.91713085126,39.6932900908456],[-104.91708397622,39.693264807139],[-104.917019310741,39.6932421809356],[-104.916972435511,39.6932168974337],[-104.916915039331,39.6931747465989],[-104.916861094282,39.6931449669591],[-104.91677431107,39.6931112494593],[-104.916659171543,39.6930688120896],[-104.916558155103,39.6930374255538],[-104.916493581038,39.6930038184364],[-104.916422134524,39.692942037068],[-104.91637189156,39.6928944309734],[-104.916325273382,39.6928382634564],[-104.916282091631,39.6927961826567],[-104.916245971707,39.6927596278368],[-104.916149466109,39.6927200279307],[-104.916080405152,39.6926918886397],[-104.916012209749,39.6926664988754],[-104.915958182857,39.6926466701819],[-104.915907732202,39.6926241137072],[-104.915828971177,39.6925873467417],[-104.915789203198,39.6925620982662],[-104.915745941952,39.6925296255114],[-104.915670965822,39.6924650810649],[-104.915591662444,39.6923867881633],[-104.915520148762,39.6923332422531],[-104.915455670163,39.6922883100114],[-104.915398090184,39.6922684633933],[-104.915311031717,39.6922680305479],[-104.915169829457,39.6922618376283],[-104.915076646319,39.6922500495345],[-104.91501546419,39.6922360186838],[-104.914914426341,39.6922073762819],[-104.914813374722,39.692180449643],[-104.914733772152,39.6921381874561],[-104.914615199214,39.6920816608822],[-104.914525847927,39.6920366047504],[-104.914409914812,39.6919831799146],[-104.914334754626,39.6919409391736],[-104.914259665866,39.6918901199456],[-104.914165919235,39.6918395506987],[-104.914087251353,39.691791801328],[-104.913979434463,39.6917240039307],[-104.91392917117,39.6916791418783],[-104.913860344457,39.6916232058393],[-104.913806527748,39.6915783258189],[-104.913788961594,39.6915542168295],[-104.913767896676,39.69152356995],[-104.913699328044,39.6914367503014],[-104.913638663013,39.6913609510544],[-104.913591882006,39.6913246853614],[-104.913499073422,39.6912682865187],[-104.913466345561,39.6912513079643],[-104.913408766409,39.6912314605125],[-104.913311445038,39.6911836180035],[-104.913268149012,39.6911556055798],[-104.913210733595,39.6911161980621],[-104.913146188924,39.6910795002064],[-104.913045478244,39.6910120801233],[-104.912889226872,39.6909313496896],[-104.912718194288,39.6908429808694],[-104.912671101094,39.6908441184934],[-104.912588580511,39.6908323818684],[-104.912516789215,39.6908124626247],[-104.912415820769,39.6907759257119],[-104.912350342279,39.6907447134891],[-104.912289325863,39.6907111213933],[-104.912228476378,39.6906576267287],[-104.912171085204,39.6906154735909],[-104.912103034338,39.6905732668788],[-104.912012821207,39.6905254589642],[-104.91193408732,39.690485944054],[-104.911807475994,39.6904352082683],[-104.911699522711,39.690384222962],[-104.911631472092,39.6903420162232],[-104.911545583233,39.6903082992764],[-104.911465938456,39.6902715251122],[-104.911426162173,39.6902476477208],[-104.911383968687,39.6901942455838],[-104.911348085062,39.690129893778],[-104.911319262881,39.6900710682585],[-104.911294692313,39.6900349126158],[-104.911270986791,39.690001506571],[-104.911179797213,39.6899643314705],[-104.911136383967,39.6899503875539],[-104.911092905298,39.6899443356764],[-104.910991915477,39.6899105429364],[-104.910927327316,39.6898793345149],[-104.91085930089,39.6898343819646],[-104.910769112409,39.6897838277242],[-104.91069750998,39.6897416026318],[-104.910633013798,39.6896994128622],[-104.910556946712,39.6896599107277],[-104.910485321478,39.6896204308124],[-104.910413764989,39.6895727150263],[-104.910352869172,39.6895250528058],[-104.910248586688,39.6894603574269],[-104.910191128409,39.6894264389283],[-104.910151459743,39.6893898643679],[-104.910115295736,39.6893591412569],[-104.910094892677,39.6893529261243],[-104.91006833303,39.6893448357484],[-104.910039895508,39.6893460657089],[-104.909986165939,39.6893528966409],[-104.909974976286,39.6893543191268],[-104.909902111153,39.689356698751],[-104.909889398476,39.6893528700629],[-104.909826792019,39.689334015066],[-104.909776368542,39.6893087108256],[-104.909729570437,39.6892748455565],[-104.909682749289,39.6892437254763],[-104.909661782103,39.6892017538849],[-104.909629523538,39.6891291839502],[-104.909622861434,39.6890763026753],[-104.909605753482,39.6889979749161],[-104.909595564214,39.6889419877196],[-104.909559775702,39.6888666543584],[-104.909513307111,39.6887936698422],[-104.909445329164,39.6887432260917],[-104.909409026487,39.6887289739028],[-104.909333543319,39.6887258494739],[-104.909221686098,39.6887170514984],[-104.909127715902,39.6886939302606],[-104.909048071659,39.6886574976095],[-104.908962399873,39.6885983854899],[-104.908908707362,39.6885394341198],[-104.908883226644,39.6885060188447],[-104.908855225859,39.688455432627],[-104.908822638389,39.6884219816085],[-104.908761675341,39.6883825540201],[-104.908736921154,39.6883683596382],[-104.908653631762,39.6883428896328],[-104.908613869094,39.6883176386946],[-104.90854942463,39.6882696143244],[-104.908488342974,39.6882442557035],[-104.908448534408,39.6882244949767],[-104.908394605369,39.6881936819412],[-104.908333642239,39.6881542543761],[-104.908265454242,39.6881288600294],[-104.908215009047,39.6881063002673],[-104.908103624391,39.6880415673892],[-104.908039085283,39.688004866691],[-104.907934642128,39.6879597292082],[-104.907830199365,39.6879145918843],[-104.907755000972,39.6878778373443],[-104.907671688833,39.6878551117448],[-104.907631785145,39.6878466747443],[-104.907542208786,39.6878294084461],[-104.907415278368,39.6878174441809],[-104.907325702102,39.6878001773663],[-104.90724229514,39.6877887758217],[-104.907184662625,39.6877757880442],[-104.907094337916,39.6877420454247],[-104.907040340268,39.6877194671889],[-104.906997962993,39.6876883684215],[-104.906961966311,39.6876380849398],[-104.906929548818,39.6875847304363],[-104.906894512947,39.6875258720128],[-104.906858516166,39.6874755880937],[-104.906811909201,39.6874194166983],[-104.90677668235,39.6873832063011],[-104.906736970208,39.6873521212819],[-104.906653682487,39.6873266500502],[-104.90651707447,39.687303654516],[-104.906433717306,39.6872864185552],[-104.906354917565,39.6872554792136],[-104.906290475818,39.6872074533877],[-104.906204178295,39.6871177941709],[-104.906143194363,39.6870811105655],[-104.906075220172,39.6870306648849],[-104.905992121646,39.6869828881851],[-104.905884151759,39.6869349854058],[-104.905812627537,39.6868841788482],[-104.905715412993,39.6868250058197],[-104.905654476066,39.6867828312369],[-104.905596949546,39.6867574894608],[-104.905481684778,39.6867318552789],[-104.90547014877,39.6867304245616],[-104.905416033238,39.68672191489],[-104.905329965659,39.6867101551869],[-104.905236232122,39.6866595785269],[-104.905186004672,39.6866116241799],[-104.905161533924,39.6865641432508],[-104.905146753177,39.6865263200098],[-104.905118918479,39.6864565167994],[-104.905065347115,39.6863838374302],[-104.90501161303,39.6863303745039],[-104.904947216427,39.6862772009762],[-104.904900565755,39.6862265193224],[-104.904853888962,39.6861789261798],[-104.904800131657,39.6861282083114],[-104.904717151675,39.6860667045459],[-104.904692495163,39.686041185592],[-104.904570597707,39.6859599238411],[-104.904494561116,39.6859176725718],[-104.904452043388,39.685903387298],[-104.904365205267,39.6858778962356],[-104.904293397814,39.6858607170451],[-104.904249957409,39.6858505453414],[-104.904217137476,39.6858448883381],[-104.904170248755,39.6858223447785],[-104.904116489494,39.6857719701638],[-104.904088303607,39.6857436875124],[-104.904055650332,39.6857184703732],[-104.904016685748,39.6857042036014],[-104.903947613247,39.6856788022757],[-104.903897124833,39.6856617309131],[-104.903854604206,39.6856477887915],[-104.90381837467,39.6856252993331],[-104.903778641778,39.6855969580556],[-104.903750429861,39.6855717638023],[-104.903710694111,39.6855437656213],[-104.903649639898,39.6855156595031],[-104.903581339329,39.6855039886179],[-104.903513931859,39.6854831322156],[-104.90343149141,39.6854576246223],[-104.903442921297,39.6848583748968],[-104.903513964483,39.6847562288149],[-104.905079904567,39.6857143920228],[-104.90516251675,39.6857144670574],[-104.905156611462,39.6838956512642],[-104.90460320716,39.6838959388232],[-104.904597313542,39.6820774650135],[-104.904591309686,39.6802720301348],[-104.908094544947,39.6802698155707],[-104.908094004302,39.6798072227053],[-104.907569025658,39.6798110989232],[-104.906981922423,39.6798088253531],[-104.906984263017,39.6787958058746],[-104.90625785198,39.6785318605444],[-104.906115588816,39.6784801677762],[-104.906252828677,39.6784429190684],[-104.906294281789,39.6784464162296],[-104.906413769911,39.6784527926572],[-104.906578083262,39.6784571141839],[-104.908201322137,39.6784563472794],[-104.912811617249,39.6784622844593],[-104.915961552478,39.6784633891079],[-104.918791549935,39.6784563316011],[-104.920980053366,39.678460287368],[-104.922266095611,39.678471761928],[-104.923424245658,39.6784749176688],[-104.923899115086,39.6784708536511],[-104.925196439787,39.6784638190361],[-104.925437846284,39.678470057913],[-104.930886286209,39.6784643908579],[-104.931616468857,39.6784634615877],[-104.933029576536,39.6784610193688],[-104.933285388677,39.678460193597],[-104.933699350184,39.6784536093446],[-104.933886758271,39.6784451641108],[-104.933976164218,39.6784457692939],[-104.93397658043,39.6784455506214],[-104.9339795875,39.6784489659329],[-104.934106379585,39.6785929908948],[-104.934223305525,39.6787258085965],[-104.934582714078,39.6791418729978],[-104.935226925285,39.6799069499249],[-104.935579095983,39.6802850569768],[-104.935924924681,39.6806108523182],[-104.93620544095,39.6808552995212],[-104.93665937066,39.6812012163298],[-104.93689562227,39.6813543964849],[-104.937165041119,39.6815290806326],[-104.937775700045,39.6818951511785],[-104.938237320371,39.6821325608422],[-104.938764750763,39.6823595918584],[-104.939064743846,39.6824786248319],[-104.939468316693,39.6826222059189],[-104.940241302593,39.6828557458135],[-104.940420206674,39.6828984952706],[-104.940687294851,39.6829623157238],[-104.940686780164,39.6830432110722],[-104.940687394974,39.683128279689],[-104.940688110818,39.683433814466],[-104.940688958264,39.6844420394712],[-104.940708408604,39.6848925618426],[-104.940692957716,39.6856869549725],[-104.94065139814,39.6874931697676],[-104.940628959292,39.6893214025379],[-104.940647994091,39.6911297804946],[-104.940629953095,39.6929418291689],[-104.940632920786,39.6947564275323],[-104.940632850525,39.694762471493],[-104.940553820965,39.6947625268554],[-104.940554577103,39.6954042397331],[-104.939510618484,39.6954022907532],[-104.9395103233,39.6951057940107],[-104.939510418851,39.6947598845236],[-104.936259630678,39.6947669929077],[-104.936269030189,39.6965830674866],[-104.936423624437,39.6965824358369],[-104.936419639104,39.6978420688138],[-104.935906066919,39.6978433900113]]],[[[-104.910919987876,39.6820746541463],[-104.910919647856,39.6798924506199],[-104.908202616202,39.6798832667575],[-104.908201135011,39.6802696658312],[-104.908201008228,39.6820757555202],[-104.910919987876,39.6820746541463]]],[[[-104.932889651934,39.6984195664257],[-104.934071134,39.6983997043896],[-104.934061190937,39.6993442056229],[-104.934056324983,39.7001677775015],[-104.932881785693,39.7001624621412],[-104.931720466676,39.7001702397153],[-104.931725937631,39.6988363848857],[-104.931727509209,39.6984228789395],[-104.932296105985,39.6984256251481],[-104.932889651934,39.6984195664257]]]]},"properties":{"OBJECTID":253,"NBHD_NAME":"Virginia Village","NBHD_ID":69,"DIST_NUM":6,"Nmbr_Age25Plus_NoDiplomaOrGED":679,"Pct_Age25Plus_NoDiplomaOrGED":5.99823322,"Nmbr_Age25Plus_NoCollDegree":4431,"Pct_Age25Plus_NoCollDegree":39.14310954,"Nmbr_Age25Plus_LessThanBA":5156,"Pct_Age25Plus_LessThanBA":45.54770318,"Nmbr_PopulationUnder18":2314,"Pct_PopulationUnder18":15.54585153,"Nmbr_PopulationOver70":1237,"Pct_PopulationOver70":8.31037958,"Nmbr_Age25Plus":11320,"Pct_Age25Plus":76.04971448,"Nmbr_OccupiedUnitsWithRenters":3981,"Pct_OccupiedUnitsWithRenters":57.653874,"Nmbr_OccupiedUnitsWithOwners":2924,"Pct_OccupiedUnitsWithOwners":42.346126,"Nmbr_OccupiedUnits":6905,"Nmbr_HouseholdsCostBurdened":2493,"Pct_HouseholdsCostBurdened":36.10427227,"Nmbr_PerCapitaIncome":179348,"Nmbr_PopulationPovDetermined":14621,"Nmbr_PopulationInPoverty":1398,"Pct_PopulationInPoverty":9.56158949,"Nmbr_HouseholdsNoVehAccess":530,"Pct_HouseholdsNoVehAccess":7.67559739,"Nmbr_Households":6905,"Nmbr_PopulationWithDisability":1160,"Pct_PopulationWithDisability":7.93868054,"Nmbr_PopCivilianNonInstitution":14612,"Nmbr_Population":14885,"Nmbr_Under18SingleParentFam":497,"Pct_Under18InSingleParentFam":21.47796024,"Nmbr_PopUnder18InHouseholds":2314,"Nmbr_PopulationDensity":7662.97477087,"Nmbr_PopNonHispanicWhite":9865,"Pct_PopNonHispanicWhite":66.27477326,"Nmbr_PopulationMinority":5020,"Pct_PopulationMinority":33.72522674,"Pct_PopOver16Unemployed":3.75882261,"GlobalID":"ff5b527c-135b-4e5e-ac0d-9b08cb82adba"}},{"type":"Feature","id":254,"geometry":{"type":"Polygon","coordinates":[[[-104.762683205145,39.7984340226204],[-104.762698184962,39.7984339509368],[-104.762977379717,39.7984333281794],[-104.763662442104,39.7984110348822],[-104.76428026779,39.7983791162726],[-104.764628407432,39.7983544567273],[-104.765008385459,39.7983344674162],[-104.765296159602,39.7983298331301],[-104.765936217243,39.7983201276918],[-104.769780241677,39.7983006203842],[-104.770346077902,39.7982737373787],[-104.770551941848,39.7982705422276],[-104.770763484305,39.7982785600361],[-104.770887901236,39.7983016918388],[-104.771020827701,39.7983427646563],[-104.771119224278,39.798359026941],[-104.771214721771,39.7983752720564],[-104.771316156804,39.7983781367103],[-104.77185545248,39.798370291666],[-104.772117040907,39.7983921458339],[-104.774227483379,39.7984456216925],[-104.775133951345,39.7984519757957],[-104.77625662074,39.7984511625214],[-104.777715773883,39.7984133932694],[-104.778336586684,39.7983790268496],[-104.779261483226,39.7983445571486],[-104.779885718416,39.7983576356565],[-104.780508120703,39.7983537229819],[-104.782743373798,39.7983596382662],[-104.785761953787,39.7983864162883],[-104.786270473679,39.7983844691806],[-104.786315111831,39.7983842980016],[-104.786376898471,39.7983873372471],[-104.786413543185,39.7983851685106],[-104.787301626879,39.7983930163748],[-104.787439485856,39.798394966742],[-104.787927665345,39.7984018680876],[-104.788630432962,39.7983984336975],[-104.78900084517,39.7983790590228],[-104.789631804,39.7983211215566],[-104.78994389122,39.7982945128712],[-104.790254610967,39.7982664536689],[-104.790578062204,39.7982584253044],[-104.790818519844,39.7982543357496],[-104.790820162424,39.7983039956203],[-104.790893296747,39.8055844773536],[-104.790966484297,39.8128608209087],[-104.790894049865,39.8201053862534],[-104.790665814821,39.8272632026316],[-104.790745227423,39.8345402100346],[-104.790824663496,39.8418165083805],[-104.781387728292,39.8417960578735],[-104.771950805852,39.8417741638946],[-104.762503574268,39.8418008654338],[-104.762314822289,39.8418014023581],[-104.762275899388,39.8454117893481],[-104.753089956705,39.8453522139968],[-104.734190185894,39.845227143565],[-104.730937997566,39.8452052797756],[-104.730810648882,39.8564745450166],[-104.730647169075,39.8708654853178],[-104.730482524274,39.8854371708777],[-104.730361124354,39.8961521128875],[-104.71475388862,39.8960464876089],[-104.703277015071,39.895967457422],[-104.703231740292,39.8998652780501],[-104.703149304424,39.906947216505],[-104.696801384888,39.9069027910149],[-104.692100151698,39.9068696566033],[-104.692012713296,39.9142092401722],[-104.687435816682,39.9141712847196],[-104.679536761784,39.9141052893466],[-104.679640139363,39.907037929993],[-104.678022864658,39.9070263284901],[-104.668693012489,39.9069225136125],[-104.659176073891,39.906815941319],[-104.649751012876,39.9067768627595],[-104.64032507152,39.9067370246529],[-104.630904743146,39.9066758859411],[-104.630904822645,39.8994241671886],[-104.621485422264,39.8993674228323],[-104.612072454303,39.8992255599939],[-104.602658629273,39.8990832824487],[-104.599538414704,39.899066708316],[-104.599725018047,39.8845638916222],[-104.599766603435,39.8813310430399],[-104.605110971939,39.8813720675039],[-104.605217144064,39.8731372417884],[-104.612071387116,39.8731897480206],[-104.619110890594,39.873243240024],[-104.619148427452,39.8703311930935],[-104.619333165261,39.8557890722873],[-104.619518250358,39.8412839300898],[-104.619701251818,39.8268675664178],[-104.621492936515,39.8268778511449],[-104.630902695217,39.8269260188172],[-104.640312479065,39.8269724058121],[-104.640309338381,39.8225868330411],[-104.655358981952,39.8226980923852],[-104.655477484217,39.8130905276974],[-104.666155866688,39.8131683163505],[-104.666037521358,39.8228856922653],[-104.668550881974,39.8229013978093],[-104.677946622129,39.8229597825029],[-104.696861862469,39.8230748043342],[-104.715430060484,39.8231848214954],[-104.73422971683,39.8232934166974],[-104.75308461432,39.8233990188913],[-104.762492947184,39.8234507398863],[-104.762542235589,39.8201217721694],[-104.762650673764,39.8128637075798],[-104.762666772565,39.8055841118916],[-104.762681601369,39.7991312940717],[-104.762683205145,39.7984340226204]]]},"properties":{"OBJECTID":254,"NBHD_NAME":"DIA","NBHD_ID":23,"DIST_NUM":11,"Nmbr_Age25Plus_NoDiplomaOrGED":78,"Pct_Age25Plus_NoDiplomaOrGED":5.57142857,"Nmbr_Age25Plus_NoCollDegree":842,"Pct_Age25Plus_NoCollDegree":60.14285714,"Nmbr_Age25Plus_LessThanBA":949,"Pct_Age25Plus_LessThanBA":67.78571429,"Nmbr_PopulationUnder18":674,"Pct_PopulationUnder18":29.12705272,"Nmbr_PopulationOver70":63,"Pct_PopulationOver70":2.72255834,"Nmbr_Age25Plus":1400,"Pct_Age25Plus":60.50129646,"Nmbr_OccupiedUnitsWithRenters":428,"Pct_OccupiedUnitsWithRenters":49.3656286,"Nmbr_OccupiedUnitsWithOwners":439,"Pct_OccupiedUnitsWithOwners":50.6343714,"Nmbr_OccupiedUnits":867,"Nmbr_HouseholdsCostBurdened":416,"Pct_HouseholdsCostBurdened":47.98154556,"Nmbr_PerCapitaIncome":27357,"Nmbr_PopulationPovDetermined":2314,"Nmbr_PopulationInPoverty":318,"Pct_PopulationInPoverty":13.74243734,"Nmbr_HouseholdsNoVehAccess":65,"Pct_HouseholdsNoVehAccess":7.49711649,"Nmbr_Households":867,"Nmbr_PopulationWithDisability":274,"Pct_PopulationWithDisability":11.84096802,"Nmbr_PopCivilianNonInstitution":2314,"Nmbr_Population":2314,"Nmbr_Under18SingleParentFam":247,"Pct_Under18InSingleParentFam":36.64688427,"Nmbr_PopUnder18InHouseholds":674,"Nmbr_PopulationDensity":55.07277625,"Nmbr_PopNonHispanicWhite":604,"Pct_PopNonHispanicWhite":26.1019879,"Nmbr_PopulationMinority":1710,"Pct_PopulationMinority":73.8980121,"Pct_PopOver16Unemployed":4.8,"GlobalID":"03eb6238-7e05-4c89-b0f3-b69b89039841"}},{"type":"Feature","id":255,"geometry":{"type":"Polygon","coordinates":[[[-104.9339795875,39.6784489659329],[-104.93397658043,39.6784455506214],[-104.933875392685,39.6783306090964],[-104.933780759929,39.6782231132606],[-104.933106759459,39.6774853311035],[-104.932518150456,39.6768301622549],[-104.931026157022,39.6751043795015],[-104.930759858245,39.6747802607997],[-104.930648793071,39.6746092066182],[-104.930448428961,39.6743464677862],[-104.930273333137,39.6740992771303],[-104.928575376791,39.6716515625258],[-104.927679399246,39.6703538637866],[-104.927342251216,39.6698998624888],[-104.926253293817,39.6683323923072],[-104.925871050944,39.6677831614305],[-104.925664275139,39.6674875208359],[-104.925295442352,39.6669601704946],[-104.924020881036,39.6651202844132],[-104.923710045007,39.6646274854432],[-104.923435095356,39.6641195872014],[-104.923026259333,39.6632994308295],[-104.9226181884,39.6623873942441],[-104.921940329522,39.6608468334537],[-104.921051432146,39.6588282396601],[-104.920123797382,39.65676771296],[-104.91885153122,39.653918883078],[-104.918586287523,39.653368220125],[-104.918448167495,39.6530814698555],[-104.918585133704,39.6530796946323],[-104.919154185105,39.6530809440693],[-104.920074993993,39.6530829387388],[-104.920458496612,39.6530912823535],[-104.921735663153,39.653094451893],[-104.922809730771,39.6530806523452],[-104.923956302643,39.6530643868346],[-104.924204705985,39.6530590400418],[-104.925020952214,39.65305642995],[-104.925197336622,39.6530529575525],[-104.926088523136,39.6530576137315],[-104.926191100625,39.6530584222685],[-104.927195488913,39.6530490319917],[-104.928182910865,39.6530496593259],[-104.929345686521,39.6530461104165],[-104.930517484988,39.6530445860535],[-104.931702914445,39.6530455726431],[-104.931713250669,39.6530455407173],[-104.931712739416,39.6530687534778],[-104.940679867346,39.6530541577744],[-104.940630012234,39.6536066105908],[-104.940561839448,39.65436206478],[-104.940576492955,39.6548676122455],[-104.940566725968,39.6582208632324],[-104.940556896401,39.6593290778565],[-104.940621375559,39.6597065280058],[-104.940686950199,39.6602808318052],[-104.940686709297,39.6607570374823],[-104.940686359291,39.6624825071583],[-104.94068597458,39.6634614385038],[-104.940679561164,39.6641069177409],[-104.940679361617,39.6648008040036],[-104.940688465752,39.6654988430214],[-104.940679575948,39.6675608422864],[-104.940679666606,39.6683297393997],[-104.940695614336,39.6718880510051],[-104.940707536989,39.6733207355258],[-104.940702365202,39.6743136489461],[-104.940718089957,39.6748153901312],[-104.940731288442,39.6765975533563],[-104.940748368146,39.6784151507822],[-104.940683596734,39.6800984406912],[-104.940687091264,39.680807414954],[-104.940686768543,39.6816981575268],[-104.940689618979,39.6826273317914],[-104.940687294851,39.6829623157238],[-104.940420206674,39.6828984952706],[-104.940241302593,39.6828557458135],[-104.939468316693,39.6826222059189],[-104.939064743846,39.6824786248319],[-104.938764750763,39.6823595918584],[-104.938237320371,39.6821325608422],[-104.937775700045,39.6818951511785],[-104.937165041119,39.6815290806326],[-104.93689562227,39.6813543964849],[-104.93665937066,39.6812012163298],[-104.93620544095,39.6808552995212],[-104.935924924681,39.6806108523182],[-104.935579095983,39.6802850569768],[-104.935226925285,39.6799069499249],[-104.934582714078,39.6791418729978],[-104.934223305525,39.6787258085965],[-104.934106379585,39.6785929908948],[-104.9339795875,39.6784489659329]],[[-104.931619517116,39.6733622906478],[-104.933885313684,39.6733467998323],[-104.933877822078,39.6711920123751],[-104.933031432509,39.6711930806332],[-104.933028427797,39.6705753636219],[-104.931714002212,39.6705772525089],[-104.931716995162,39.671194969753],[-104.931610418929,39.6711951408126],[-104.931606252652,39.6702836659066],[-104.93159448478,39.6675688041159],[-104.930428426719,39.6675703663911],[-104.930428181718,39.6684763301148],[-104.929255892122,39.6684778502358],[-104.929254693659,39.6693899864185],[-104.928074387714,39.6693924858185],[-104.928081411819,39.6689663047427],[-104.927201319323,39.6689651081484],[-104.929651344277,39.6723822793396],[-104.930780123329,39.6723877504354],[-104.930776701014,39.6728098304011],[-104.931616896,39.6728084049963],[-104.931619517116,39.6733622906478]]]},"properties":{"OBJECTID":255,"NBHD_NAME":"University Hills","NBHD_ID":65,"DIST_NUM":4,"Nmbr_Age25Plus_NoDiplomaOrGED":387,"Pct_Age25Plus_NoDiplomaOrGED":7.48404564,"Nmbr_Age25Plus_NoCollDegree":2009,"Pct_Age25Plus_NoCollDegree":38.85128602,"Nmbr_Age25Plus_LessThanBA":2242,"Pct_Age25Plus_LessThanBA":43.3571843,"Nmbr_PopulationUnder18":1259,"Pct_PopulationUnder18":18.9039039,"Nmbr_PopulationOver70":669,"Pct_PopulationOver70":10.04504505,"Nmbr_Age25Plus":5171,"Pct_Age25Plus":77.64264264,"Nmbr_OccupiedUnitsWithRenters":1410,"Pct_OccupiedUnitsWithRenters":47.22036169,"Nmbr_OccupiedUnitsWithOwners":1576,"Pct_OccupiedUnitsWithOwners":52.77963831,"Nmbr_OccupiedUnits":2986,"Nmbr_HouseholdsCostBurdened":883,"Pct_HouseholdsCostBurdened":29.57133289,"Nmbr_PerCapitaIncome":111085,"Nmbr_PopulationPovDetermined":6600,"Nmbr_PopulationInPoverty":301,"Pct_PopulationInPoverty":4.56060606,"Nmbr_HouseholdsNoVehAccess":316,"Pct_HouseholdsNoVehAccess":10.58271936,"Nmbr_Households":2986,"Nmbr_PopulationWithDisability":646,"Pct_PopulationWithDisability":9.78343177,"Nmbr_PopCivilianNonInstitution":6603,"Nmbr_Population":6660,"Nmbr_Under18SingleParentFam":242,"Pct_Under18InSingleParentFam":19.26751592,"Nmbr_PopUnder18InHouseholds":1256,"Nmbr_PopulationDensity":4588.91574259,"Nmbr_PopNonHispanicWhite":5202,"Pct_PopNonHispanicWhite":78.10810811,"Nmbr_PopulationMinority":1458,"Pct_PopulationMinority":21.89189189,"Pct_PopOver16Unemployed":6.16826568,"GlobalID":"c52d0beb-a907-42a2-882a-e08119bf58b4"}},{"type":"Feature","id":256,"geometry":{"type":"Polygon","coordinates":[[[-105.025108481786,39.6677159675768],[-105.026045330695,39.6677329459146],[-105.02696724534,39.6677263886139],[-105.027950336391,39.6677217626558],[-105.028872157333,39.6677136605668],[-105.029868887328,39.6677064253193],[-105.030908622125,39.6677007193065],[-105.031885337574,39.6676931120111],[-105.033827389493,39.667677767775],[-105.034961908332,39.6676814414939],[-105.035922025451,39.6676858758724],[-105.036845869771,39.6676922001306],[-105.03776721546,39.6676989272234],[-105.038686056902,39.6677019032451],[-105.039685627172,39.6677113420166],[-105.040682597617,39.6677131530092],[-105.041751408246,39.6677190406642],[-105.042847051417,39.6677278495822],[-105.043838618168,39.6677325267431],[-105.044831763954,39.6677368422088],[-105.045532567921,39.6677409267375],[-105.045826451266,39.6677424057677],[-105.046559044371,39.6677466064438],[-105.046823585164,39.6677479697391],[-105.04781131469,39.6677492276324],[-105.048808199128,39.6677538885465],[-105.049805901307,39.6677652633241],[-105.050794872047,39.6677707623418],[-105.051781746397,39.6677776092483],[-105.053233463282,39.6677845172076],[-105.053233494577,39.6750366343437],[-105.062608252263,39.6750080583434],[-105.062622405266,39.6792938951336],[-105.061397053633,39.6782365010137],[-105.0609880813,39.6780160361347],[-105.060326030879,39.6779284568893],[-105.059330647627,39.6783066724636],[-105.057782812438,39.6786807435665],[-105.05778379289,39.6790891131419],[-105.057809948929,39.6822689721691],[-105.053235265441,39.6822945736526],[-105.053220741436,39.6822922719701],[-105.052110954221,39.6822837009515],[-105.051065638239,39.6822779593361],[-105.050025252381,39.6822712373467],[-105.048975720679,39.6822657120025],[-105.047996243434,39.6822575708353],[-105.047067738152,39.682255097502],[-105.046145191191,39.6822483955287],[-105.045224197547,39.6822424619498],[-105.044264007338,39.6822381329692],[-105.043252410925,39.6822326970957],[-105.042260687861,39.6822303821954],[-105.041259506941,39.6822264576329],[-105.04026915636,39.6822210328113],[-105.039202388614,39.6822177717609],[-105.038276097217,39.6822144365283],[-105.037176430728,39.68221193147],[-105.036255851061,39.6822080086844],[-105.035333118383,39.6822048008618],[-105.034373459127,39.6822116816353],[-105.033226017713,39.6822185740277],[-105.032086704423,39.6822239918817],[-105.030953592518,39.6822321299504],[-105.029788922736,39.6822397786785],[-105.028321379183,39.6822502933919],[-105.027371275003,39.6822558959937],[-105.026213641085,39.6822619153793],[-105.025037985049,39.6822707532131],[-105.025030275096,39.6805094081202],[-105.025057704337,39.6786371547351],[-105.025044017399,39.6767664701178],[-105.025066446852,39.675132405571],[-105.02507279111,39.6733402421079],[-105.025076969186,39.6725125060712],[-105.025061771344,39.6717868535036],[-105.025060049728,39.6711962578176],[-105.025076820987,39.6701537900399],[-105.025073143832,39.6685425611388],[-105.025108481786,39.6677159675768]]]},"properties":{"OBJECTID":256,"NBHD_NAME":"Harvey Park","NBHD_ID":34,"DIST_NUM":2,"Nmbr_Age25Plus_NoDiplomaOrGED":1332,"Pct_Age25Plus_NoDiplomaOrGED":16.17486339,"Nmbr_Age25Plus_NoCollDegree":5446,"Pct_Age25Plus_NoCollDegree":66.13236187,"Nmbr_Age25Plus_LessThanBA":5861,"Pct_Age25Plus_LessThanBA":71.17182757,"Nmbr_PopulationUnder18":3143,"Pct_PopulationUnder18":25.04781639,"Nmbr_PopulationOver70":911,"Pct_PopulationOver70":7.26012113,"Nmbr_Age25Plus":8235,"Pct_Age25Plus":65.62798852,"Nmbr_OccupiedUnitsWithRenters":1314,"Pct_OccupiedUnitsWithRenters":30.38852914,"Nmbr_OccupiedUnitsWithOwners":3010,"Pct_OccupiedUnitsWithOwners":69.61147086,"Nmbr_OccupiedUnits":4324,"Nmbr_HouseholdsCostBurdened":1722,"Pct_HouseholdsCostBurdened":39.82423682,"Nmbr_PerCapitaIncome":61830,"Nmbr_PopulationPovDetermined":12515,"Nmbr_PopulationInPoverty":1323,"Pct_PopulationInPoverty":10.57131442,"Nmbr_HouseholdsNoVehAccess":206,"Pct_HouseholdsNoVehAccess":4.76410731,"Nmbr_Households":4324,"Nmbr_PopulationWithDisability":1131,"Pct_PopulationWithDisability":9.02201659,"Nmbr_PopCivilianNonInstitution":12536,"Nmbr_Population":12548,"Nmbr_Under18SingleParentFam":884,"Pct_Under18InSingleParentFam":28.12599427,"Nmbr_PopUnder18InHouseholds":3143,"Nmbr_PopulationDensity":7444.55721676,"Nmbr_PopNonHispanicWhite":4988,"Pct_PopNonHispanicWhite":39.7513548,"Nmbr_PopulationMinority":7560,"Pct_PopulationMinority":60.2486452,"Pct_PopOver16Unemployed":5.76487633,"GlobalID":"0ad49b2f-3519-44dd-beb7-fe9b30e8cab7"}},{"type":"Feature","id":257,"geometry":{"type":"Polygon","coordinates":[[[-105.025059102548,39.6967472809234],[-105.025067070042,39.6949188027579],[-105.025063676261,39.6931094618504],[-105.025062032128,39.6912974723906],[-105.02505936623,39.6908052555006],[-105.025057606804,39.6894864522056],[-105.025051253657,39.6876803005474],[-105.025054254644,39.6858860863383],[-105.025044030704,39.6849723443994],[-105.025042369774,39.6840789578909],[-105.025037985049,39.6822707532131],[-105.026213641085,39.6822619153793],[-105.027371275003,39.6822558959937],[-105.028321379183,39.6822502933919],[-105.029788922736,39.6822397786785],[-105.030953592518,39.6822321299504],[-105.032086704423,39.6822239918817],[-105.033226017713,39.6822185740277],[-105.034373459127,39.6822116816353],[-105.035333118383,39.6822048008618],[-105.036255851061,39.6822080086844],[-105.037176430728,39.68221193147],[-105.038276097217,39.6822144365283],[-105.039202388614,39.6822177717609],[-105.04026915636,39.6822210328113],[-105.041259506941,39.6822264576329],[-105.042260687861,39.6822303821954],[-105.043252410925,39.6822326970957],[-105.044264007338,39.6822381329692],[-105.045224197547,39.6822424619498],[-105.046145191191,39.6822483955287],[-105.047067738152,39.682255097502],[-105.047996243434,39.6822575708353],[-105.048975720679,39.6822657120025],[-105.050025252381,39.6822712373467],[-105.051065638239,39.6822779593361],[-105.052110954221,39.6822837009515],[-105.053220741436,39.6822922719701],[-105.053235265441,39.6822945736526],[-105.053234388701,39.6895497390235],[-105.05323083601,39.6967703695169],[-105.053224816024,39.6967703538732],[-105.051874505458,39.6967568199554],[-105.050712421036,39.6967575336334],[-105.049560063255,39.6967654789186],[-105.048397981135,39.6967658264045],[-105.047203978165,39.6967564307544],[-105.046048161593,39.6967495727062],[-105.04488612894,39.6967423358596],[-105.043729318122,39.6967379729304],[-105.043638642673,39.6967738717418],[-105.042564415886,39.6967758801282],[-105.041387951785,39.6967680359513],[-105.040221691587,39.6967615965357],[-105.039049852427,39.6967594113849],[-105.037874441605,39.6967599453637],[-105.036706156918,39.6967577510772],[-105.036367900795,39.6968559349944],[-105.035527966557,39.697178282082],[-105.035389607392,39.697215515109],[-105.035290556609,39.697225319383],[-105.035165110008,39.6972350192417],[-105.035072724683,39.6972346540337],[-105.03494741342,39.697223962905],[-105.03478257637,39.6972029198423],[-105.034650801086,39.6971718114841],[-105.034434828089,39.6970970909275],[-105.033997612695,39.6969783408431],[-105.033546922834,39.6968821841448],[-105.033154654546,39.6968185151766],[-105.03277561523,39.6967696534723],[-105.032074152459,39.6967317432168],[-105.031813674288,39.696733570369],[-105.031011417629,39.696732775727],[-105.029739976116,39.6967451995909],[-105.028483735285,39.6967429147894],[-105.02744160824,39.6967407904469],[-105.026395002277,39.6967441298748],[-105.025059102548,39.6967472809234]]]},"properties":{"OBJECTID":257,"NBHD_NAME":"Mar Lee","NBHD_ID":43,"DIST_NUM":2,"Nmbr_Age25Plus_NoDiplomaOrGED":2226,"Pct_Age25Plus_NoDiplomaOrGED":27.12649281,"Nmbr_Age25Plus_NoCollDegree":6261,"Pct_Age25Plus_NoCollDegree":76.29783086,"Nmbr_Age25Plus_LessThanBA":6738,"Pct_Age25Plus_LessThanBA":82.11065074,"Nmbr_PopulationUnder18":3996,"Pct_PopulationUnder18":29.92361839,"Nmbr_PopulationOver70":758,"Pct_PopulationOver70":5.67620189,"Nmbr_Age25Plus":8206,"Pct_Age25Plus":61.44975288,"Nmbr_OccupiedUnitsWithRenters":1893,"Pct_OccupiedUnitsWithRenters":44.84719261,"Nmbr_OccupiedUnitsWithOwners":2328,"Pct_OccupiedUnitsWithOwners":55.15280739,"Nmbr_OccupiedUnits":4221,"Nmbr_HouseholdsCostBurdened":1492,"Pct_HouseholdsCostBurdened":35.34707415,"Nmbr_PerCapitaIncome":48300,"Nmbr_PopulationPovDetermined":13210,"Nmbr_PopulationInPoverty":2290,"Pct_PopulationInPoverty":17.33535201,"Nmbr_HouseholdsNoVehAccess":390,"Pct_HouseholdsNoVehAccess":9.2395167,"Nmbr_Households":4221,"Nmbr_PopulationWithDisability":1264,"Pct_PopulationWithDisability":9.57140694,"Nmbr_PopCivilianNonInstitution":13206,"Nmbr_Population":13354,"Nmbr_Under18SingleParentFam":853,"Pct_Under18InSingleParentFam":21.34634635,"Nmbr_PopUnder18InHouseholds":3996,"Nmbr_PopulationDensity":8859.2538851,"Nmbr_PopNonHispanicWhite":3835,"Pct_PopNonHispanicWhite":28.71798712,"Nmbr_PopulationMinority":9519,"Pct_PopulationMinority":71.28201288,"Pct_PopOver16Unemployed":2.7609741,"GlobalID":"ba1c63c1-6b35-4df2-81d7-e1412030e32b"}},{"type":"Feature","id":258,"geometry":{"type":"Polygon","coordinates":[[[-105.039697539228,39.711250928758],[-105.038485540633,39.7112379422819],[-105.037280561651,39.711238699037],[-105.036717215472,39.7112323634893],[-105.036082781797,39.7112257450897],[-105.035495391934,39.7112272017696],[-105.034883120778,39.7112285569803],[-105.034287751396,39.7112272306449],[-105.033677275627,39.7112258412564],[-105.032455520766,39.7112103534654],[-105.031835341826,39.7111982781524],[-105.031224935657,39.7111865814954],[-105.030611842505,39.7111779597086],[-105.029940107175,39.7111684141295],[-105.029388339614,39.7111583150797],[-105.028767268475,39.7111469059226],[-105.028159466958,39.7111444693207],[-105.02753478174,39.7111419617613],[-105.026930448245,39.7111522298109],[-105.02632078516,39.7111624744981],[-105.025092622513,39.7111746778025],[-105.02509123917,39.7094097943449],[-105.025089185479,39.7085316358383],[-105.025078232218,39.7076554999968],[-105.025081859373,39.7075134457023],[-105.025089809259,39.7067327847855],[-105.025102172513,39.7056937409379],[-105.025099459172,39.7049130360566],[-105.025083776983,39.7039480011467],[-105.025084117195,39.7031100002007],[-105.02508309802,39.7020791368469],[-105.025078370715,39.7013334257583],[-105.025080163753,39.7004120415827],[-105.025080163392,39.699230532732],[-105.025081820159,39.6985919135513],[-105.025080660908,39.6975816372646],[-105.025059102548,39.6967472809234],[-105.026395002277,39.6967441298748],[-105.02744160824,39.6967407904469],[-105.028483735285,39.6967429147894],[-105.029739976116,39.6967451995909],[-105.031011417629,39.696732775727],[-105.031813674288,39.696733570369],[-105.032074152459,39.6967317432168],[-105.03277561523,39.6967696534723],[-105.033154654546,39.6968185151766],[-105.033546922834,39.6968821841448],[-105.033997612695,39.6969783408431],[-105.034434828089,39.6970970909275],[-105.034650801086,39.6971718114841],[-105.03478257637,39.6972029198423],[-105.03494741342,39.697223962905],[-105.035072724683,39.6972346540337],[-105.035165110008,39.6972350192417],[-105.035290556609,39.697225319383],[-105.035389607392,39.697215515109],[-105.035527966557,39.697178282082],[-105.036367900795,39.6968559349944],[-105.036706156918,39.6967577510772],[-105.037874441605,39.6967599453637],[-105.039049852427,39.6967594113849],[-105.040221691587,39.6967615965357],[-105.041387951785,39.6967680359513],[-105.042564415886,39.6967758801282],[-105.043638642673,39.6967738717418],[-105.043729318122,39.6967379729304],[-105.04488612894,39.6967423358596],[-105.046048161593,39.6967495727062],[-105.047203978165,39.6967564307544],[-105.048397981135,39.6967658264045],[-105.049560063255,39.6967654789186],[-105.050712421036,39.6967575336334],[-105.051874505458,39.6967568199554],[-105.053224816024,39.6967703538732],[-105.05323083601,39.6967703695169],[-105.05323081658,39.6968096799976],[-105.053249381873,39.7040813539913],[-105.053264436518,39.7113443705994],[-105.05325023568,39.7113440197073],[-105.052052416306,39.7113367185033],[-105.051045611442,39.7113356255925],[-105.050871462574,39.7113322151298],[-105.05003164148,39.7113433509422],[-105.048500809814,39.7113015202448],[-105.047040889422,39.711287671576],[-105.046087419267,39.7112839959686],[-105.045010447046,39.7112777756445],[-105.043259035234,39.7112675562769],[-105.042075399896,39.7112656994],[-105.040877619151,39.711252794532],[-105.039697539228,39.711250928758]]]},"properties":{"OBJECTID":258,"NBHD_NAME":"Westwood","NBHD_ID":76,"DIST_NUM":3,"Nmbr_Age25Plus_NoDiplomaOrGED":3771,"Pct_Age25Plus_NoDiplomaOrGED":38.33096158,"Nmbr_Age25Plus_NoCollDegree":8516,"Pct_Age25Plus_NoCollDegree":86.56230941,"Nmbr_Age25Plus_LessThanBA":8922,"Pct_Age25Plus_LessThanBA":90.68916446,"Nmbr_PopulationUnder18":6651,"Pct_PopulationUnder18":37.42614372,"Nmbr_PopulationOver70":612,"Pct_PopulationOver70":3.44381295,"Nmbr_Age25Plus":9838,"Pct_Age25Plus":55.35985595,"Nmbr_OccupiedUnitsWithRenters":3320,"Pct_OccupiedUnitsWithRenters":62.78366112,"Nmbr_OccupiedUnitsWithOwners":1968,"Pct_OccupiedUnitsWithOwners":37.21633888,"Nmbr_OccupiedUnits":5288,"Nmbr_HouseholdsCostBurdened":2575,"Pct_HouseholdsCostBurdened":48.69515885,"Nmbr_PerCapitaIncome":66698,"Nmbr_PopulationPovDetermined":17734,"Nmbr_PopulationInPoverty":5277,"Pct_PopulationInPoverty":29.75640014,"Nmbr_HouseholdsNoVehAccess":392,"Pct_HouseholdsNoVehAccess":7.41301059,"Nmbr_Households":5288,"Nmbr_PopulationWithDisability":1578,"Pct_PopulationWithDisability":8.87963536,"Nmbr_PopCivilianNonInstitution":17771,"Nmbr_Population":17771,"Nmbr_Under18SingleParentFam":2416,"Pct_Under18InSingleParentFam":36.34175692,"Nmbr_PopUnder18InHouseholds":6648,"Nmbr_PopulationDensity":11874.2269532,"Nmbr_PopNonHispanicWhite":2240,"Pct_PopNonHispanicWhite":12.60480558,"Nmbr_PopulationMinority":15531,"Pct_PopulationMinority":87.39519442,"Pct_PopOver16Unemployed":3.25173202,"GlobalID":"b641684c-3c30-4eb8-a5bb-89842d9c9204"}},{"type":"Feature","id":259,"geometry":{"type":"Polygon","coordinates":[[[-104.884657378065,39.7474552875353],[-104.884649400916,39.7401572543158],[-104.884700198944,39.732847155326],[-104.884708734459,39.7328472017688],[-104.885868189264,39.7328513351513],[-104.88704721658,39.7328533659964],[-104.888226440762,39.7328531894107],[-104.889422395697,39.7328505469566],[-104.890595364297,39.7328550490189],[-104.893369186899,39.7328550155453],[-104.89519999923,39.7328609078942],[-104.895981140784,39.7328634136425],[-104.896513183836,39.7328651170615],[-104.896870257101,39.7328662590601],[-104.897588552106,39.7328685530163],[-104.897759373749,39.7328690980113],[-104.898763546456,39.7328722961533],[-104.899892804304,39.7328739439452],[-104.900976539967,39.7328753491475],[-104.902039871883,39.7328725905294],[-104.903458717005,39.7328950518736],[-104.903453802657,39.7341716646873],[-104.90345461902,39.7346955738578],[-104.903458247784,39.735626602305],[-104.903457632757,39.7372700528638],[-104.903464635856,39.7387014078577],[-104.903455093546,39.7401463078847],[-104.903455110856,39.741479655158],[-104.903452699071,39.7419783659899],[-104.903458736821,39.7426023431004],[-104.903455067448,39.7437852236435],[-104.90346375412,39.7456156373935],[-104.903447773996,39.7474419395358],[-104.90343654875,39.7486315800727],[-104.903422847111,39.7498227696462],[-104.90342757858,39.7510165703016],[-104.902237232694,39.7510186654715],[-104.901062970721,39.7510175704262],[-104.899890083189,39.7510206200116],[-104.898734944157,39.7510167499939],[-104.898749603014,39.749825748908],[-104.898767376843,39.7474425992407],[-104.897560561332,39.7474446070272],[-104.896375655316,39.7474506624123],[-104.894015040578,39.7474580966033],[-104.892846753843,39.7474607175148],[-104.891681144011,39.7474620727962],[-104.890505371402,39.7474640520621],[-104.889330364641,39.7474643646296],[-104.888174541234,39.7474648816321],[-104.887001445283,39.7474656402917],[-104.885826739317,39.7474663763966],[-104.884664081656,39.7474684820316],[-104.884657378065,39.7474552875353]]]},"properties":{"OBJECTID":259,"NBHD_NAME":"East Colfax","NBHD_ID":24,"DIST_NUM":8,"Nmbr_Age25Plus_NoDiplomaOrGED":1268,"Pct_Age25Plus_NoDiplomaOrGED":17.60133259,"Nmbr_Age25Plus_NoCollDegree":4160,"Pct_Age25Plus_NoCollDegree":57.74569684,"Nmbr_Age25Plus_LessThanBA":4677,"Pct_Age25Plus_LessThanBA":64.92226541,"Nmbr_PopulationUnder18":2277,"Pct_PopulationUnder18":21.3903241,"Nmbr_PopulationOver70":374,"Pct_PopulationOver70":3.51338657,"Nmbr_Age25Plus":7204,"Pct_Age25Plus":67.67496477,"Nmbr_OccupiedUnitsWithRenters":2934,"Pct_OccupiedUnitsWithRenters":65.68166555,"Nmbr_OccupiedUnitsWithOwners":1533,"Pct_OccupiedUnitsWithOwners":34.31833445,"Nmbr_OccupiedUnits":4467,"Nmbr_HouseholdsCostBurdened":1849,"Pct_HouseholdsCostBurdened":41.3924334,"Nmbr_PerCapitaIncome":70282,"Nmbr_PopulationPovDetermined":10645,"Nmbr_PopulationInPoverty":2103,"Pct_PopulationInPoverty":19.75575388,"Nmbr_HouseholdsNoVehAccess":455,"Pct_HouseholdsNoVehAccess":10.18580703,"Nmbr_Households":4467,"Nmbr_PopulationWithDisability":1486,"Pct_PopulationWithDisability":13.98193451,"Nmbr_PopCivilianNonInstitution":10628,"Nmbr_Population":10645,"Nmbr_Under18SingleParentFam":551,"Pct_Under18InSingleParentFam":24.19850681,"Nmbr_PopUnder18InHouseholds":2277,"Nmbr_PopulationDensity":9956.37365919,"Nmbr_PopNonHispanicWhite":3899,"Pct_PopNonHispanicWhite":36.62752466,"Nmbr_PopulationMinority":6746,"Pct_PopulationMinority":63.37247534,"Pct_PopOver16Unemployed":8.44861878,"GlobalID":"5bd71c13-e7aa-450f-b19e-61079fe723c7"}},{"type":"Feature","id":260,"geometry":{"type":"Polygon","coordinates":[[[-105.000421583231,39.7455198840415],[-105.00041452108,39.7453856692614],[-105.000411238816,39.7453472218016],[-105.000405311879,39.7451807649944],[-105.000398950026,39.7450753887305],[-105.000389081315,39.7449631344181],[-105.000365394169,39.7447938571816],[-105.000341728426,39.7446214917428],[-105.000324891587,39.7444889613735],[-105.000301595965,39.7442647804458],[-105.000295926627,39.7440622935939],[-105.000290273855,39.7438574043676],[-105.000287292479,39.7437767495304],[-105.000271044506,39.7436864300421],[-105.000254002623,39.7435827242848],[-105.000219143945,39.7434840899354],[-105.000184148867,39.7434046719702],[-105.000135066072,39.7433059769729],[-105.000096495734,39.7432292889426],[-105.000044724216,39.7431336710083],[-105.00000957519,39.7430758713342],[-104.9999886186,39.7430225927335],[-104.999946589933,39.7429321637787],[-104.999908117103,39.7428417497159],[-104.999874224313,39.7427324814957],[-104.999839425845,39.7426256116413],[-104.999793861088,39.7425324220315],[-104.999744992921,39.7424038733192],[-104.999702925579,39.7423189342985],[-104.999654567239,39.7422435772805],[-104.999542335639,39.7420245082859],[-104.999524818314,39.7419877161397],[-104.999487062159,39.7419216692255],[-104.999434344688,39.7418342829131],[-104.999385206041,39.7417438231164],[-104.999336145127,39.7416423830047],[-104.999298524079,39.7415574627287],[-104.99911946501,39.7412355048426],[-104.999113338125,39.7412220959091],[-104.999095774143,39.7411918229758],[-104.999074691102,39.7411563879735],[-104.999057186236,39.7411178796667],[-104.99904319742,39.7410848769382],[-104.999025729358,39.7410412213449],[-104.998979970858,39.7409754834987],[-104.998951798091,39.7409369299529],[-104.998930734811,39.7408987497986],[-104.998910619612,39.7408523377064],[-104.99888975498,39.7407863622949],[-104.998865390965,39.7407124796819],[-104.998854995429,39.7406743453921],[-104.998837549656,39.7406276012748],[-104.998816544866,39.7405811851718],[-104.998777889116,39.7405168500883],[-104.998749753496,39.7404731494069],[-104.99869427798,39.7403987906925],[-104.998623921369,39.7402921120616],[-104.998613704608,39.7402744729069],[-104.99856693318,39.7401937178919],[-104.998911720187,39.7402079190998],[-104.999066122729,39.7402143313403],[-104.999969994775,39.7402084845199],[-105.000049587937,39.7402079691361],[-105.000116937001,39.7402075330237],[-105.000145847328,39.7402068795971],[-105.001569573801,39.7401746795014],[-105.00172496505,39.740171164177],[-105.00282160754,39.7401588464055],[-105.003546923537,39.7401506979641],[-105.00412582612,39.7401493833242],[-105.004417590418,39.7401656347594],[-105.004777404987,39.7401896832034],[-105.005234368496,39.7402097421598],[-105.005886946988,39.7402383848613],[-105.006433308958,39.7402623633053],[-105.009346658439,39.7403350115877],[-105.010866674241,39.7403728869412],[-105.014577891668,39.7404483442178],[-105.01532281791,39.7404664362379],[-105.017385186303,39.7405155357056],[-105.017329309292,39.740669214388],[-105.017219991066,39.7409233893382],[-105.017061721649,39.7413146258443],[-105.016593525398,39.7425593948333],[-105.0164918286,39.7428678188454],[-105.016439260919,39.7430134446613],[-105.016412176874,39.7430733859248],[-105.016337402691,39.7432161754775],[-105.01626133778,39.7433899314107],[-105.01607003536,39.7438269255183],[-105.015950316337,39.7440409067764],[-105.015844939222,39.7442377884494],[-105.01584020166,39.7442506170977],[-105.015799640175,39.7443604524927],[-105.015750508517,39.7445232499202],[-105.015730831422,39.7446690109314],[-105.015699507994,39.7449564479711],[-105.015678449584,39.7453022637072],[-105.01563021567,39.7458497433713],[-105.015621630878,39.7460628091193],[-105.015619656543,39.7463486510157],[-105.015618322142,39.7465418427271],[-105.015609275622,39.7466931377126],[-105.01559307411,39.746979264157],[-105.015575975995,39.7472664161019],[-105.015556348439,39.7475457748434],[-105.015543437106,39.7477295439412],[-105.015475253807,39.748461559896],[-105.015443920525,39.7487500258588],[-105.015374265886,39.7491800575354],[-105.015309203653,39.7494601485565],[-105.015267475216,39.749580081435],[-105.015192523653,39.7497472331546],[-105.015158304141,39.7498098899469],[-105.015139405449,39.7498427549777],[-105.015083828962,39.7499080689523],[-105.014956766074,39.7500249048757],[-105.014781535667,39.7501641905374],[-105.0146849977,39.7502382574658],[-105.014602805071,39.7502952257143],[-105.014398479619,39.7503987025179],[-105.013588126918,39.7508356257145],[-105.013498897745,39.7508812402045],[-105.013439161392,39.7509050140049],[-105.013375834737,39.7509335774708],[-105.013301860779,39.7509590083037],[-105.013111945329,39.7510354327368],[-105.012963839395,39.7511089417708],[-105.012773584864,39.7512340929472],[-105.012527907028,39.7514019083931],[-105.012233681471,39.7516463893499],[-105.012054584169,39.7518288925269],[-105.011677977687,39.7521560743411],[-105.011607139714,39.7522415694901],[-105.011536270753,39.7523315257302],[-105.011487839745,39.7523913770882],[-105.011394754657,39.7524795247025],[-105.011319590057,39.7525478442555],[-105.011185462809,39.7526560678545],[-105.010824193286,39.7529503675592],[-105.010652601989,39.7530755924249],[-105.010523000289,39.753172167006],[-105.010269197484,39.7533557290809],[-105.010169156739,39.7534208556563],[-105.010020131725,39.7534974454953],[-105.009920148171,39.7535543363194],[-105.009763609015,39.7536882016494],[-105.009489391761,39.7539270019333],[-105.009397712131,39.7540068419368],[-105.009356491976,39.7540523095932],[-105.009330425744,39.75409235043],[-105.009271142033,39.7541778920991],[-105.009154611656,39.7543119234054],[-105.009069623876,39.7543856907066],[-105.009006163067,39.754432781586],[-105.00871932583,39.7546343899222],[-105.008629930017,39.7547026479187],[-105.008578157208,39.7547312570202],[-105.008540752827,39.7547396797375],[-105.008436662233,39.7547478239482],[-105.008344130202,39.7547560163506],[-105.008270251521,39.7547670320051],[-105.008217839532,39.7547827026077],[-105.008186492835,39.7547920755573],[-105.008186106127,39.7547826706341],[-105.008183453776,39.7547182840733],[-105.008173282485,39.7546472083261],[-105.00816687681,39.7545462936317],[-105.008132213308,39.7544174653074],[-105.008107938329,39.7543288294836],[-105.008038885271,39.7541590215393],[-105.007983111595,39.7539975049821],[-105.007948504344,39.7538607844088],[-105.007917617718,39.7537007442385],[-105.007889721569,39.7536213586033],[-105.007859023198,39.7535611781383],[-105.00782738037,39.7535088858656],[-105.007770916373,39.7534458520331],[-105.00760918328,39.7533058541987],[-105.007566716972,39.7532754788604],[-105.007510137909,39.7532289159205],[-105.007387192156,39.7531367788637],[-105.007257256759,39.753027110829],[-105.00711580416,39.7529115610542],[-105.006968164205,39.7527908382225],[-105.006763833238,39.7526396793504],[-105.006577179494,39.7525036933387],[-105.006503787991,39.7524457357131],[-105.006445657635,39.7524017253912],[-105.006355203257,39.7523332432507],[-105.00617923024,39.7521959289874],[-105.005928997277,39.7519979066609],[-105.005799037309,39.7518923554427],[-105.005707961426,39.7518205964698],[-105.005587714863,39.7517246935815],[-105.005411744879,39.7515873777383],[-105.005056184836,39.7513219960703],[-105.004897863157,39.751203970363],[-105.004774064579,39.751107708646],[-105.004608691788,39.7509810742063],[-105.00444335597,39.7508492922143],[-105.003950667914,39.7504879318598],[-105.003784367717,39.7503671258279],[-105.003608520745,39.7502133363811],[-105.003404437814,39.7500292296576],[-105.003274449359,39.7499288222399],[-105.003214299595,39.749884987681],[-105.003055928589,39.749774852015],[-105.002940133977,39.7496789652679],[-105.00278537872,39.7495606087552],[-105.002654415016,39.7494725502459],[-105.002517227476,39.7493844656795],[-105.002291636542,39.7492249731569],[-105.002193509208,39.749145631898],[-105.00203431083,39.7490272557709],[-105.001932571188,39.7489557918217],[-105.001795444337,39.7488594707008],[-105.001714095736,39.7487963284693],[-105.001524227187,39.7486150236806],[-105.001467773055,39.7485519869119],[-105.001405270999,39.7484642169537],[-105.00130691799,39.748291878839],[-105.001205570939,39.7481655104693],[-105.00113881723,39.7480506129692],[-105.001040845753,39.7478247433813],[-105.001017173178,39.7477779737756],[-105.000953800428,39.7476877977811],[-105.000918687444,39.7476245080924],[-105.000866310061,39.747526642079],[-105.000866042319,39.7475261417889],[-105.00080748647,39.7473838263406],[-105.000769049693,39.7472879224766],[-105.000737597947,39.7472098924291],[-105.000709517577,39.7471579565742],[-105.000667331313,39.7470891459854],[-105.000626051335,39.7470179371499],[-105.000594356277,39.7469742219263],[-105.000548513712,39.7469194652498],[-105.000471661035,39.7467249120861],[-105.000448240984,39.7466427982336],[-105.000423912146,39.7465634255155],[-105.000413808507,39.7464841133296],[-105.000414177635,39.7464322982075],[-105.000414478318,39.7463900908956],[-105.000442681238,39.7459255757892],[-105.000436446373,39.745802355736],[-105.000421583231,39.7455198840415]]]},"properties":{"OBJECTID":260,"NBHD_NAME":"Auraria","NBHD_ID":2,"DIST_NUM":9,"Nmbr_Age25Plus_NoDiplomaOrGED":0,"Pct_Age25Plus_NoDiplomaOrGED":0,"Nmbr_Age25Plus_NoCollDegree":20,"Pct_Age25Plus_NoCollDegree":24.09638554,"Nmbr_Age25Plus_LessThanBA":20,"Pct_Age25Plus_LessThanBA":24.09638554,"Nmbr_PopulationUnder18":27,"Pct_PopulationUnder18":3.76569038,"Nmbr_PopulationOver70":0,"Pct_PopulationOver70":0,"Nmbr_Age25Plus":83,"Pct_Age25Plus":11.57601116,"Nmbr_OccupiedUnitsWithRenters":3,"Pct_OccupiedUnitsWithRenters":7.69230769,"Nmbr_OccupiedUnitsWithOwners":36,"Pct_OccupiedUnitsWithOwners":92.30769231,"Nmbr_OccupiedUnits":39,"Nmbr_HouseholdsCostBurdened":13,"Pct_HouseholdsCostBurdened":33.33333333,"Nmbr_PerCapitaIncome":12730,"Nmbr_PopulationPovDetermined":85,"Nmbr_PopulationInPoverty":0,"Pct_PopulationInPoverty":0,"Nmbr_HouseholdsNoVehAccess":0,"Pct_HouseholdsNoVehAccess":0,"Nmbr_Households":39,"Nmbr_PopulationWithDisability":25,"Pct_PopulationWithDisability":3.48675035,"Nmbr_PopCivilianNonInstitution":717,"Nmbr_Population":717,"Nmbr_Under18SingleParentFam":0,"Pct_Under18InSingleParentFam":0,"Nmbr_PopUnder18InHouseholds":14,"Nmbr_PopulationDensity":1110.84220873,"Nmbr_PopNonHispanicWhite":481,"Pct_PopNonHispanicWhite":67.08507671,"Nmbr_PopulationMinority":236,"Pct_PopulationMinority":32.91492329,"Pct_PopOver16Unemployed":0,"GlobalID":"a8077236-34f6-40b3-985c-74b8096c3b00"}},{"type":"Feature","id":261,"geometry":{"type":"Polygon","coordinates":[[[-104.940687294851,39.6829623157238],[-104.940689618979,39.6826273317914],[-104.940686768543,39.6816981575268],[-104.940687091264,39.680807414954],[-104.940683596734,39.6800984406912],[-104.940748368146,39.6784151507822],[-104.940731288442,39.6765975533563],[-104.940718089957,39.6748153901312],[-104.940702365202,39.6743136489461],[-104.940707536989,39.6733207355258],[-104.940695614336,39.6718880510051],[-104.940679666606,39.6683297393997],[-104.940679575948,39.6675608422864],[-104.941773137935,39.6675587754482],[-104.942798644424,39.667559303832],[-104.943823225458,39.6675626852821],[-104.944367596762,39.6675648255828],[-104.944843864544,39.6675631478994],[-104.945362551962,39.6675649709224],[-104.945822363301,39.6675661093341],[-104.945986281602,39.6675636198857],[-104.946064974622,39.6675589250639],[-104.946183193225,39.6675290884052],[-104.946461159288,39.6674384265949],[-104.946944831768,39.667276565362],[-104.947175413924,39.6671912273071],[-104.947407480738,39.667115355027],[-104.947789437347,39.6670179659154],[-104.947931127961,39.6669959351102],[-104.948069386707,39.6669795102894],[-104.948296951376,39.6669520932827],[-104.948508923842,39.6669407256023],[-104.948683584036,39.6669436121173],[-104.948914154711,39.6669522430517],[-104.94900291997,39.6669574665845],[-104.949073027001,39.6669639698766],[-104.949143112731,39.666973222731],[-104.949212290339,39.6669848709306],[-104.949316038836,39.6670049183698],[-104.949545645212,39.6670513796789],[-104.949644277679,39.6670764815504],[-104.949816774138,39.6671234118356],[-104.949995357609,39.6671815033145],[-104.950109190383,39.6672179630594],[-104.950257988197,39.667281338617],[-104.950404718484,39.6673610702417],[-104.950624674132,39.6674961711207],[-104.950782754749,39.6675446229074],[-104.95145198263,39.6675723487547],[-104.952370960142,39.6675760037434],[-104.953295432781,39.6675753334799],[-104.95383715821,39.6675805701313],[-104.955123214556,39.6675800327214],[-104.956541962896,39.667582225623],[-104.957961320303,39.6675886781718],[-104.959379283456,39.6675952557254],[-104.959394435777,39.6694079550403],[-104.959390234305,39.6712145941514],[-104.9593851349,39.6730295871045],[-104.959381221088,39.6748427414679],[-104.959391523955,39.6766313321753],[-104.959393323142,39.6784258440753],[-104.959388503043,39.6802529682204],[-104.959378368129,39.6820356463668],[-104.959386117535,39.6824860600236],[-104.959425125807,39.682787678782],[-104.95943461888,39.6832970950314],[-104.959446411255,39.6844134922072],[-104.959446846444,39.6846045109688],[-104.959447130438,39.684728733927],[-104.95856369428,39.6847261782749],[-104.955493954147,39.6847298608998],[-104.953747934045,39.6847392209003],[-104.95123154872,39.6847372565504],[-104.950602946306,39.684727229918],[-104.950328388413,39.6847228494494],[-104.950078693083,39.6847188650759],[-104.949599123284,39.6847003641811],[-104.948619148779,39.6846372491073],[-104.947858112789,39.6845588980257],[-104.946870290103,39.6844242029829],[-104.946176917607,39.6843038922491],[-104.944899840483,39.6840312633774],[-104.943765815453,39.6837389623171],[-104.94306037088,39.6835738851246],[-104.941939084532,39.6832922077146],[-104.941246713746,39.6831224651759],[-104.940985474307,39.6830476784628],[-104.940687294851,39.6829623157238]]]},"properties":{"OBJECTID":261,"NBHD_NAME":"University Park","NBHD_ID":66,"DIST_NUM":6,"Nmbr_Age25Plus_NoDiplomaOrGED":81,"Pct_Age25Plus_NoDiplomaOrGED":1.53205977,"Nmbr_Age25Plus_NoCollDegree":1250,"Pct_Age25Plus_NoCollDegree":23.64289767,"Nmbr_Age25Plus_LessThanBA":1595,"Pct_Age25Plus_LessThanBA":30.16833743,"Nmbr_PopulationUnder18":1135,"Pct_PopulationUnder18":14.78634706,"Nmbr_PopulationOver70":746,"Pct_PopulationOver70":9.71860344,"Nmbr_Age25Plus":5287,"Pct_Age25Plus":68.87701928,"Nmbr_OccupiedUnitsWithRenters":2174,"Pct_OccupiedUnitsWithRenters":57.74236388,"Nmbr_OccupiedUnitsWithOwners":1591,"Pct_OccupiedUnitsWithOwners":42.25763612,"Nmbr_OccupiedUnits":3765,"Nmbr_HouseholdsCostBurdened":1393,"Pct_HouseholdsCostBurdened":36.99867198,"Nmbr_PerCapitaIncome":127723,"Nmbr_PopulationPovDetermined":7465,"Nmbr_PopulationInPoverty":1067,"Pct_PopulationInPoverty":14.29336906,"Nmbr_HouseholdsNoVehAccess":300,"Pct_HouseholdsNoVehAccess":7.96812749,"Nmbr_Households":3765,"Nmbr_PopulationWithDisability":575,"Pct_PopulationWithDisability":7.50750751,"Nmbr_PopCivilianNonInstitution":7659,"Nmbr_Population":7676,"Nmbr_Under18SingleParentFam":76,"Pct_Under18InSingleParentFam":6.71971706,"Nmbr_PopUnder18InHouseholds":1131,"Nmbr_PopulationDensity":6603.20732356,"Nmbr_PopNonHispanicWhite":5514,"Pct_PopNonHispanicWhite":71.83428869,"Nmbr_PopulationMinority":2162,"Pct_PopulationMinority":28.16571131,"Pct_PopOver16Unemployed":3.86995375,"GlobalID":"4225bb01-082d-466e-b79b-59394e038dd4"}},{"type":"Feature","id":262,"geometry":{"type":"Polygon","coordinates":[[[-104.973424217202,39.689823973085],[-104.973429276471,39.6896847706919],[-104.973433023649,39.6893627171021],[-104.973424011346,39.6890397382413],[-104.973419609083,39.6888818957179],[-104.97342408625,39.6875610730225],[-104.973421632289,39.6857473124247],[-104.973425228865,39.6839810216535],[-104.973422598952,39.6821450704485],[-104.973402184302,39.6820786367115],[-104.97341638802,39.6803325346894],[-104.973430647026,39.6785129456353],[-104.974593879779,39.6785196287105],[-104.975751649673,39.6785269074791],[-104.976910970235,39.6785292411091],[-104.978127740827,39.6785322994883],[-104.97936053091,39.6785460382578],[-104.980523181547,39.6785697035495],[-104.98168010393,39.6785693567891],[-104.982885580238,39.6785647849541],[-104.984074729297,39.6785616105028],[-104.985224010195,39.6785609369693],[-104.98636968782,39.6785544746043],[-104.987567216355,39.6785195191448],[-104.987571394983,39.6803277885629],[-104.987568648741,39.6821492696303],[-104.98754551589,39.6839661424411],[-104.987533896023,39.6857777132719],[-104.987512696759,39.6875744712451],[-104.987499843456,39.6894000986667],[-104.987480258076,39.6911686296008],[-104.987468280824,39.6930193014376],[-104.987449325419,39.6947988700878],[-104.987430740281,39.6966343058692],[-104.986219401112,39.6966282116501],[-104.985070486918,39.6966253482029],[-104.983942651417,39.6966204137443],[-104.982769559986,39.6966595761057],[-104.982218069053,39.6966577485324],[-104.982027445619,39.696489191259],[-104.981170409621,39.695742379916],[-104.981050153057,39.6956411801129],[-104.980272819239,39.6950277408959],[-104.979884312559,39.6947000472744],[-104.979414176061,39.6942845191396],[-104.979107541344,39.6940134978314],[-104.979098519324,39.6940053582571],[-104.978139475282,39.6931401117973],[-104.976797709079,39.6919295250271],[-104.976160986263,39.6913949951416],[-104.975787636898,39.6911200864319],[-104.975176304595,39.6907242699102],[-104.974740664419,39.6904826362084],[-104.973605648544,39.6899129664839],[-104.973560070844,39.6898906112431],[-104.973424217202,39.689823973085]]]},"properties":{"OBJECTID":262,"NBHD_NAME":"Platt Park","NBHD_ID":51,"DIST_NUM":7,"Nmbr_Age25Plus_NoDiplomaOrGED":62,"Pct_Age25Plus_NoDiplomaOrGED":1.24074445,"Nmbr_Age25Plus_NoCollDegree":798,"Pct_Age25Plus_NoCollDegree":15.96958175,"Nmbr_Age25Plus_LessThanBA":1078,"Pct_Age25Plus_LessThanBA":21.57294377,"Nmbr_PopulationUnder18":1439,"Pct_PopulationUnder18":21.76016936,"Nmbr_PopulationOver70":408,"Pct_PopulationOver70":6.16966581,"Nmbr_Age25Plus":4997,"Pct_Age25Plus":75.56328444,"Nmbr_OccupiedUnitsWithRenters":1053,"Pct_OccupiedUnitsWithRenters":35.47843666,"Nmbr_OccupiedUnitsWithOwners":1915,"Pct_OccupiedUnitsWithOwners":64.52156334,"Nmbr_OccupiedUnits":2968,"Nmbr_HouseholdsCostBurdened":684,"Pct_HouseholdsCostBurdened":23.0458221,"Nmbr_PerCapitaIncome":146173,"Nmbr_PopulationPovDetermined":6613,"Nmbr_PopulationInPoverty":451,"Pct_PopulationInPoverty":6.8199002,"Nmbr_HouseholdsNoVehAccess":79,"Pct_HouseholdsNoVehAccess":2.66172507,"Nmbr_Households":2968,"Nmbr_PopulationWithDisability":233,"Pct_PopulationWithDisability":3.52336307,"Nmbr_PopCivilianNonInstitution":6613,"Nmbr_Population":6613,"Nmbr_Under18SingleParentFam":91,"Pct_Under18InSingleParentFam":6.323836,"Nmbr_PopUnder18InHouseholds":1439,"Nmbr_PopulationDensity":8081.28487823,"Nmbr_PopNonHispanicWhite":5001,"Pct_PopNonHispanicWhite":75.62377136,"Nmbr_PopulationMinority":1612,"Pct_PopulationMinority":24.37622864,"Pct_PopOver16Unemployed":2.11975261,"GlobalID":"eb2d8d34-4663-445d-abb1-3c4d573726c8"}},{"type":"Feature","id":263,"geometry":{"type":"Polygon","coordinates":[[[-105.001394754114,39.6821678305556],[-105.001347642956,39.6820475229507],[-105.001194560662,39.681715032638],[-105.00113921217,39.6816290063378],[-105.00104056504,39.6815112251689],[-105.000940886611,39.6814136866382],[-105.000826915736,39.6813274110785],[-105.000450826463,39.6811284937629],[-105.000070983424,39.6809580422653],[-104.999837900865,39.6808842993458],[-104.999583533782,39.6808060049902],[-104.999435549196,39.6807566453132],[-104.999354905966,39.6807305643499],[-104.99925480156,39.6806930764505],[-104.99915921298,39.6806453123534],[-104.999062887646,39.6805762691281],[-104.998923427256,39.6804528214838],[-104.998728438863,39.6802690832561],[-104.998640353769,39.6801657578223],[-104.998563795411,39.6800652269972],[-104.998450565719,39.6798760028319],[-104.99835167034,39.6796696816377],[-104.99817697434,39.679257137326],[-104.998086523458,39.678988052679],[-104.998028508731,39.6787788166045],[-104.998000425432,39.6786071141481],[-104.99793051043,39.6780749086598],[-104.997897802781,39.6779289231528],[-104.997861727061,39.6777571862744],[-104.99782689749,39.6775353524357],[-104.997802959748,39.6772809644975],[-104.99778634034,39.6765001906971],[-104.997790855244,39.6763656886949],[-104.997788449153,39.6762054200878],[-104.997771371767,39.6759853775605],[-104.99775388642,39.67582229904],[-104.997714342577,39.6756388793657],[-104.997685851769,39.675524483204],[-104.997667917635,39.6754242022796],[-104.997668980869,39.675275615993],[-104.997680048364,39.6752183545192],[-104.997669901684,39.6751469323065],[-104.997626783596,39.6749665858906],[-104.997612844292,39.6749035517037],[-104.997547634341,39.6746086685358],[-104.99750102585,39.6744197277679],[-104.997442952962,39.6742194137369],[-104.997418077031,39.6740964536007],[-104.997414976169,39.6740332978271],[-104.997415568236,39.6739505970464],[-104.99741242607,39.6738932754241],[-104.997397880761,39.6738160006189],[-104.997347413395,39.6736699390503],[-104.997314156207,39.6736011637735],[-104.997314586216,39.6735411111394],[-104.997349563278,39.673369677781],[-104.997376301922,39.673232525645],[-104.997380571717,39.6731323390728],[-104.997392976861,39.6730122838975],[-104.99740463681,39.6728723219967],[-104.997413192238,39.6727937735402],[-104.997428488264,39.6726421591568],[-104.997444116427,39.6725681019734],[-104.997466862013,39.6724923593909],[-104.997508636119,39.672363850615],[-104.997564907316,39.6721952532197],[-104.997632968567,39.6719923893427],[-104.997780142259,39.6716556856513],[-104.997881265879,39.6714244802912],[-104.997949080588,39.6712559317695],[-104.997997957657,39.671127452906],[-104.998058858148,39.6709321081962],[-104.998104550501,39.6707521404608],[-104.998131215274,39.6706249395229],[-104.998150991037,39.6704675105304],[-104.998158667086,39.6703875853663],[-104.998177775549,39.6703234946906],[-104.998226418551,39.6702276157245],[-104.998301752977,39.6701249873137],[-104.998361182848,39.6700109664933],[-104.998470294882,39.6697797942009],[-104.998508248398,39.6696883305957],[-104.99854196492,39.6695683660822],[-104.998569362094,39.6694627879023],[-104.998629180359,39.669294204578],[-104.998685924665,39.6691829173883],[-104.998753142444,39.6690974123751],[-104.998891045764,39.668938084588],[-104.999028787108,39.6688014049802],[-104.999152022589,39.6687061864461],[-104.999281476728,39.6686106510857],[-104.999434108073,39.6685028605822],[-104.999605432227,39.6683889723784],[-104.999772130084,39.6683011448727],[-104.999987772263,39.6681991121232],[-105.000195319166,39.6681114576153],[-105.000185998809,39.6676742232302],[-105.002666576691,39.6668958034816],[-105.00275470871,39.666865634582],[-105.00298091871,39.6667749656306],[-105.003195690752,39.6666691485703],[-105.003398126828,39.6665495524081],[-105.003586448108,39.6664165124775],[-105.003623963983,39.6663857859706],[-105.003685647927,39.6663280511954],[-105.003741142436,39.6662665154732],[-105.003788668745,39.666201514539],[-105.003829112717,39.6661333948242],[-105.00386158131,39.6660628395388],[-105.003886069632,39.6659905345365],[-105.003902577706,39.6659164800731],[-105.003910208175,39.665842045004],[-105.003909851172,39.6657668898523],[-105.004467672567,39.664548887562],[-105.004714384165,39.6640101780589],[-105.004868616357,39.6636728078503],[-105.005052431812,39.66367358201],[-105.004962936657,39.6617566146495],[-105.004935460707,39.6614974073135],[-105.004878659414,39.6612411646868],[-105.004793410296,39.660989606803],[-105.004679698793,39.6607447924513],[-105.004560367215,39.660541477373],[-105.006388660298,39.6605508855709],[-105.010890603551,39.6605703924783],[-105.008175332249,39.6640936868466],[-105.008104292162,39.6640933895765],[-105.00805949053,39.6641505108281],[-105.007654910116,39.6647322015117],[-105.007316748603,39.6653392199216],[-105.00714265125,39.6657245531024],[-105.00635970677,39.6677006548065],[-105.006356555974,39.6749692501424],[-105.006355674634,39.676736551008],[-105.008695949785,39.6767511588174],[-105.008697091301,39.6786186709312],[-105.015704678055,39.6786779444357],[-105.015709628535,39.6749992295085],[-105.015714377549,39.6677447145221],[-105.015824686683,39.6605060587914],[-105.022801561782,39.6604971764994],[-105.022834246385,39.6568027499044],[-105.025175323878,39.6568029942537],[-105.025183907038,39.6568172528638],[-105.025180160263,39.6574298670777],[-105.025158188864,39.6605022127304],[-105.025148200728,39.662120010918],[-105.025136922906,39.6637253043053],[-105.025135256103,39.6640696685336],[-105.025123841846,39.6650387972758],[-105.025120294156,39.6653335714547],[-105.025104590342,39.6658177109797],[-105.025110897504,39.666944010002],[-105.025108481786,39.6677159675768],[-105.025073143832,39.6685425611388],[-105.025076820987,39.6701537900399],[-105.025060049728,39.6711962578176],[-105.025061771344,39.6717868535036],[-105.025076969186,39.6725125060712],[-105.02507279111,39.6733402421079],[-105.025066446852,39.675132405571],[-105.025044017399,39.6767664701178],[-105.025057704337,39.6786371547351],[-105.025030275096,39.6805094081202],[-105.025037985049,39.6822707532131],[-105.023745856228,39.6822730966396],[-105.022701561733,39.6822801276407],[-105.021537539078,39.6822869900729],[-105.020366548837,39.6822960443498],[-105.019192617096,39.6823017450404],[-105.018029935947,39.6823123178126],[-105.01686440726,39.6823196442401],[-105.015692727129,39.6823391358352],[-105.014736517822,39.6823366430637],[-105.013818630344,39.6823262024149],[-105.013371993747,39.6823209479841],[-105.01288831984,39.682315513522],[-105.011041509917,39.6822951020169],[-105.009986101361,39.6822861121207],[-105.008916366523,39.6822716726491],[-105.00868982849,39.6822677386027],[-105.006790236871,39.682248924984],[-105.006363987127,39.6822418659297],[-105.006186707453,39.6822332162276],[-105.00524176531,39.6822163395895],[-105.004078816753,39.682203547447],[-105.002424165303,39.6821790548921],[-105.001827775212,39.6821777185225],[-105.001394754114,39.6821678305556]]]},"properties":{"OBJECTID":263,"NBHD_NAME":"College View - South Platte","NBHD_ID":19,"DIST_NUM":7,"Nmbr_Age25Plus_NoDiplomaOrGED":1318,"Pct_Age25Plus_NoDiplomaOrGED":26.5886625,"Nmbr_Age25Plus_NoCollDegree":4018,"Pct_Age25Plus_NoCollDegree":81.05709098,"Nmbr_Age25Plus_LessThanBA":4304,"Pct_Age25Plus_LessThanBA":86.8267097,"Nmbr_PopulationUnder18":2573,"Pct_PopulationUnder18":31.28267477,"Nmbr_PopulationOver70":364,"Pct_PopulationOver70":4.42553191,"Nmbr_Age25Plus":4957,"Pct_Age25Plus":60.2674772,"Nmbr_OccupiedUnitsWithRenters":1403,"Pct_OccupiedUnitsWithRenters":53.83729854,"Nmbr_OccupiedUnitsWithOwners":1203,"Pct_OccupiedUnitsWithOwners":46.16270146,"Nmbr_OccupiedUnits":2606,"Nmbr_HouseholdsCostBurdened":504,"Pct_HouseholdsCostBurdened":19.33998465,"Nmbr_PerCapitaIncome":26219,"Nmbr_PopulationPovDetermined":8225,"Nmbr_PopulationInPoverty":1109,"Pct_PopulationInPoverty":13.48328267,"Nmbr_HouseholdsNoVehAccess":220,"Pct_HouseholdsNoVehAccess":8.44205679,"Nmbr_Households":2606,"Nmbr_PopulationWithDisability":382,"Pct_PopulationWithDisability":4.6443769,"Nmbr_PopCivilianNonInstitution":8225,"Nmbr_Population":8225,"Nmbr_Under18SingleParentFam":678,"Pct_Under18InSingleParentFam":26.35056354,"Nmbr_PopUnder18InHouseholds":2573,"Nmbr_PopulationDensity":5638.32328872,"Nmbr_PopNonHispanicWhite":1479,"Pct_PopNonHispanicWhite":17.98176292,"Nmbr_PopulationMinority":6746,"Pct_PopulationMinority":82.01823708,"Pct_PopOver16Unemployed":3.9,"GlobalID":"5fcb51bf-378d-4a02-9c09-73c79c8287cb"}},{"type":"Feature","id":264,"geometry":{"type":"Polygon","coordinates":[[[-104.987430740281,39.6966343058692],[-104.987449325419,39.6947988700878],[-104.987468280824,39.6930193014376],[-104.987480258076,39.6911686296008],[-104.987499843456,39.6894000986667],[-104.987512696759,39.6875744712451],[-104.987533896023,39.6857777132719],[-104.98754551589,39.6839661424411],[-104.987568648741,39.6821492696303],[-104.987571394983,39.6803277885629],[-104.987567216355,39.6785195191448],[-104.987574054384,39.6767060781295],[-104.987574510998,39.6748917156656],[-104.987581411415,39.6730892257808],[-104.987584065662,39.6712879721121],[-104.987584278019,39.6694851434226],[-104.987571892828,39.6676828908103],[-104.997005012309,39.6676606546757],[-105.000185998809,39.6676742232302],[-105.000195319166,39.6681114576153],[-104.999987772263,39.6681991121232],[-104.999772130084,39.6683011448727],[-104.999605432227,39.6683889723784],[-104.999434108073,39.6685028605822],[-104.999281476728,39.6686106510857],[-104.999152022589,39.6687061864461],[-104.999028787108,39.6688014049802],[-104.998891045764,39.668938084588],[-104.998753142444,39.6690974123751],[-104.998685924665,39.6691829173883],[-104.998629180359,39.669294204578],[-104.998569362094,39.6694627879023],[-104.99854196492,39.6695683660822],[-104.998508248398,39.6696883305957],[-104.998470294882,39.6697797942009],[-104.998361182848,39.6700109664933],[-104.998301752977,39.6701249873137],[-104.998226418551,39.6702276157245],[-104.998177775549,39.6703234946906],[-104.998158667086,39.6703875853663],[-104.998150991037,39.6704675105304],[-104.998131215274,39.6706249395229],[-104.998104550501,39.6707521404608],[-104.998058858148,39.6709321081962],[-104.997997957657,39.671127452906],[-104.997949080588,39.6712559317695],[-104.997881265879,39.6714244802912],[-104.997780142259,39.6716556856513],[-104.997632968567,39.6719923893427],[-104.997564907316,39.6721952532197],[-104.997508636119,39.672363850615],[-104.997466862013,39.6724923593909],[-104.997444116427,39.6725681019734],[-104.997428488264,39.6726421591568],[-104.997413192238,39.6727937735402],[-104.99740463681,39.6728723219967],[-104.997392976861,39.6730122838975],[-104.997380571717,39.6731323390728],[-104.997376301922,39.673232525645],[-104.997349563278,39.673369677781],[-104.997314586216,39.6735411111394],[-104.997314156207,39.6736011637735],[-104.997347413395,39.6736699390503],[-104.997397880761,39.6738160006189],[-104.99741242607,39.6738932754241],[-104.997415568236,39.6739505970464],[-104.997414976169,39.6740332978271],[-104.997418077031,39.6740964536007],[-104.997442952962,39.6742194137369],[-104.99750102585,39.6744197277679],[-104.997547634341,39.6746086685358],[-104.997612844292,39.6749035517037],[-104.997626783596,39.6749665858906],[-104.997669901684,39.6751469323065],[-104.997680048364,39.6752183545192],[-104.997668980869,39.675275615993],[-104.997667917635,39.6754242022796],[-104.997685851769,39.675524483204],[-104.997714342577,39.6756388793657],[-104.99775388642,39.67582229904],[-104.997771371767,39.6759853775605],[-104.997788449153,39.6762054200878],[-104.997790855244,39.6763656886949],[-104.99778634034,39.6765001906971],[-104.997802959748,39.6772809644975],[-104.99782689749,39.6775353524357],[-104.997861727061,39.6777571862744],[-104.997897802781,39.6779289231528],[-104.99793051043,39.6780749086598],[-104.998000425432,39.6786071141481],[-104.998028508731,39.6787788166045],[-104.998086523458,39.678988052679],[-104.99817697434,39.679257137326],[-104.99835167034,39.6796696816377],[-104.998450565719,39.6798760028319],[-104.998563795411,39.6800652269972],[-104.998640353769,39.6801657578223],[-104.998728438863,39.6802690832561],[-104.998923427256,39.6804528214838],[-104.999062887646,39.6805762691281],[-104.99915921298,39.6806453123534],[-104.99925480156,39.6806930764505],[-104.999354905966,39.6807305643499],[-104.999435549196,39.6807566453132],[-104.999583533782,39.6808060049902],[-104.999837900865,39.6808842993458],[-105.000070983424,39.6809580422653],[-105.000450826463,39.6811284937629],[-105.000826915736,39.6813274110785],[-105.000940886611,39.6814136866382],[-105.00104056504,39.6815112251689],[-105.00113921217,39.6816290063378],[-105.001194560662,39.681715032638],[-105.001347642956,39.6820475229507],[-105.001394754114,39.6821678305556],[-105.0014126756,39.6822708560564],[-105.001432373361,39.6826240566178],[-105.00143034303,39.6829099045948],[-105.001409454681,39.683224498337],[-105.001393745516,39.6833102229887],[-105.001348114106,39.6834816123516],[-105.001302543428,39.6836444223725],[-105.000901563295,39.684945375356],[-105.000532150926,39.6863020532631],[-105.000498287803,39.6864419204802],[-105.000471570026,39.6865763273675],[-105.000425690778,39.6867820315893],[-105.000394225789,39.6869593136306],[-105.000348692683,39.6871162900627],[-105.000315173068,39.6872077723782],[-105.000285370877,39.6872762788098],[-105.00023218926,39.6873844926718],[-105.000179790679,39.6875074661285],[-105.000108231903,39.6877013928515],[-105.000092620352,39.6877730481953],[-105.000092192637,39.6878330999387],[-105.000091266321,39.6879631557113],[-105.0000908606,39.6880201191535],[-105.000083374947,39.6880732779392],[-105.000079496465,39.6881189022482],[-105.000052175201,39.688213156322],[-104.999988873992,39.6883700563513],[-104.999916709131,39.6885241736355],[-104.999860491624,39.6886841921478],[-104.999814518468,39.6889025921835],[-104.999784306386,39.6890284051897],[-104.999723424343,39.6892196321994],[-104.99967796848,39.6893652834236],[-104.999657681792,39.6894199237798],[-104.999610038191,39.6895482443925],[-104.999546193673,39.6896564124426],[-104.999501388331,39.6897107852017],[-104.999419153333,39.6897818130281],[-104.999352142076,39.6898357478102],[-104.999302126307,39.6898732828309],[-104.999125282212,39.6900063638007],[-104.99891364585,39.6901598862184],[-104.998690337134,39.6903305164419],[-104.998493095497,39.6904583621563],[-104.998321860644,39.6905520018389],[-104.998162295907,39.6906285331251],[-104.997932368514,39.690730500839],[-104.997668599811,39.690843991078],[-104.997449434073,39.6909315908731],[-104.997144841533,39.6910390720122],[-104.996885797655,39.6911383621295],[-104.996414369086,39.6913190561223],[-104.996124855882,39.6914293444521],[-104.995775597586,39.6915706034562],[-104.995451984366,39.6917281006163],[-104.994983890927,39.6919635609895],[-104.99483580643,39.6920487157542],[-104.994679501953,39.6921650633667],[-104.994533886438,39.6922773382812],[-104.994191325414,39.6925977535684],[-104.994034562933,39.6927772402571],[-104.993915297104,39.6929311510219],[-104.993746313873,39.6932035823463],[-104.993551132975,39.6935359538965],[-104.993322307501,39.6939752477419],[-104.99319475332,39.6942921247841],[-104.993107567704,39.6945549555163],[-104.993076546984,39.6946677228207],[-104.993042769074,39.6947931753983],[-104.993004175176,39.6949704245243],[-104.99292833131,39.6952617870903],[-104.992886472937,39.695398872029],[-104.992860193701,39.6954701367208],[-104.992754596818,39.6956985714878],[-104.99269044643,39.6958468847222],[-104.992615406105,39.6960267216784],[-104.992525312399,39.6961996306884],[-104.992435272653,39.6963649904618],[-104.992405386904,39.6964434460766],[-104.992393361316,39.6965092814607],[-104.992384178404,39.6966609723715],[-104.991874293874,39.6966621496521],[-104.991275557553,39.6966520116755],[-104.990238084962,39.6966475190335],[-104.990125949703,39.6966470328981],[-104.989993038644,39.6966464067697],[-104.987430740281,39.6966343058692]]]},"properties":{"OBJECTID":264,"NBHD_NAME":"Overland","NBHD_ID":50,"DIST_NUM":7,"Nmbr_Age25Plus_NoDiplomaOrGED":201,"Pct_Age25Plus_NoDiplomaOrGED":7.34649123,"Nmbr_Age25Plus_NoCollDegree":1005,"Pct_Age25Plus_NoCollDegree":36.73245614,"Nmbr_Age25Plus_LessThanBA":1196,"Pct_Age25Plus_LessThanBA":43.71345029,"Nmbr_PopulationUnder18":404,"Pct_PopulationUnder18":12.09943097,"Nmbr_PopulationOver70":132,"Pct_PopulationOver70":3.95327942,"Nmbr_Age25Plus":2736,"Pct_Age25Plus":81.94070081,"Nmbr_OccupiedUnitsWithRenters":1081,"Pct_OccupiedUnitsWithRenters":64.49880668,"Nmbr_OccupiedUnitsWithOwners":595,"Pct_OccupiedUnitsWithOwners":35.50119332,"Nmbr_OccupiedUnits":1676,"Nmbr_HouseholdsCostBurdened":724,"Pct_HouseholdsCostBurdened":43.19809069,"Nmbr_PerCapitaIncome":55644,"Nmbr_PopulationPovDetermined":3334,"Nmbr_PopulationInPoverty":291,"Pct_PopulationInPoverty":8.72825435,"Nmbr_HouseholdsNoVehAccess":169,"Pct_HouseholdsNoVehAccess":10.08353222,"Nmbr_Households":1676,"Nmbr_PopulationWithDisability":367,"Pct_PopulationWithDisability":10.99131476,"Nmbr_PopCivilianNonInstitution":3339,"Nmbr_Population":3339,"Nmbr_Under18SingleParentFam":8,"Pct_Under18InSingleParentFam":2.02531646,"Nmbr_PopUnder18InHouseholds":395,"Nmbr_PopulationDensity":2973.70809233,"Nmbr_PopNonHispanicWhite":2455,"Pct_PopNonHispanicWhite":73.52500749,"Nmbr_PopulationMinority":884,"Pct_PopulationMinority":26.47499251,"Pct_PopOver16Unemployed":3.7,"GlobalID":"49b130d9-53fc-4a6c-9a0a-8116d23ec974"}},{"type":"Feature","id":265,"geometry":{"type":"Polygon","coordinates":[[[-104.992384178404,39.6966609723715],[-104.992393361316,39.6965092814607],[-104.992405386904,39.6964434460766],[-104.992435272653,39.6963649904618],[-104.992525312399,39.6961996306884],[-104.992615406105,39.6960267216784],[-104.99269044643,39.6958468847222],[-104.992754596818,39.6956985714878],[-104.992860193701,39.6954701367208],[-104.992886472937,39.695398872029],[-104.99292833131,39.6952617870903],[-104.993004175176,39.6949704245243],[-104.993042769074,39.6947931753983],[-104.993076546984,39.6946677228207],[-104.993107567704,39.6945549555163],[-104.99319475332,39.6942921247841],[-104.993322307501,39.6939752477419],[-104.993551132975,39.6935359538965],[-104.993746313873,39.6932035823463],[-104.993915297104,39.6929311510219],[-104.994034562933,39.6927772402571],[-104.994191325414,39.6925977535684],[-104.994533886438,39.6922773382812],[-104.994679501953,39.6921650633667],[-104.99483580643,39.6920487157542],[-104.994983890927,39.6919635609895],[-104.995451984366,39.6917281006163],[-104.995775597586,39.6915706034562],[-104.996124855882,39.6914293444521],[-104.996414369086,39.6913190561223],[-104.996885797655,39.6911383621295],[-104.997144841533,39.6910390720122],[-104.997449434073,39.6909315908731],[-104.997668599811,39.690843991078],[-104.997932368514,39.690730500839],[-104.998162295907,39.6906285331251],[-104.998321860644,39.6905520018389],[-104.998493095497,39.6904583621563],[-104.998690337134,39.6903305164419],[-104.99891364585,39.6901598862184],[-104.999125282212,39.6900063638007],[-104.999302126307,39.6898732828309],[-104.999352142076,39.6898357478102],[-104.999419153333,39.6897818130281],[-104.999501388331,39.6897107852017],[-104.999546193673,39.6896564124426],[-104.999610038191,39.6895482443925],[-104.999657681792,39.6894199237798],[-104.99967796848,39.6893652834236],[-104.999723424343,39.6892196321994],[-104.999784306386,39.6890284051897],[-104.999814518468,39.6889025921835],[-104.999860491624,39.6886841921478],[-104.999916709131,39.6885241736355],[-104.999988873992,39.6883700563513],[-105.000052175201,39.688213156322],[-105.000079496465,39.6881189022482],[-105.000083374947,39.6880732779392],[-105.0000908606,39.6880201191535],[-105.000091266321,39.6879631557113],[-105.000092192637,39.6878330999387],[-105.000092620352,39.6877730481953],[-105.000108231903,39.6877013928515],[-105.000179790679,39.6875074661285],[-105.00023218926,39.6873844926718],[-105.000285370877,39.6872762788098],[-105.000315173068,39.6872077723782],[-105.000348692683,39.6871162900627],[-105.000394225789,39.6869593136306],[-105.000425690778,39.6867820315893],[-105.000471570026,39.6865763273675],[-105.000498287803,39.6864419204802],[-105.000532150926,39.6863020532631],[-105.000901563295,39.684945375356],[-105.001302543428,39.6836444223725],[-105.001348114106,39.6834816123516],[-105.001393745516,39.6833102229887],[-105.001409454681,39.683224498337],[-105.00143034303,39.6829099045948],[-105.001432373361,39.6826240566178],[-105.0014126756,39.6822708560564],[-105.001394754114,39.6821678305556],[-105.001827775212,39.6821777185225],[-105.002424165303,39.6821790548921],[-105.004078816753,39.682203547447],[-105.00524176531,39.6822163395895],[-105.006186707453,39.6822332162276],[-105.006363987127,39.6822418659297],[-105.006790236871,39.682248924984],[-105.00868982849,39.6822677386027],[-105.008916366523,39.6822716726491],[-105.009986101361,39.6822861121207],[-105.011041509917,39.6822951020169],[-105.01288831984,39.682315513522],[-105.013371993747,39.6823209479841],[-105.013818630344,39.6823262024149],[-105.014736517822,39.6823366430637],[-105.015692727129,39.6823391358352],[-105.01686440726,39.6823196442401],[-105.018029935947,39.6823123178126],[-105.019192617096,39.6823017450404],[-105.020366548837,39.6822960443498],[-105.021537539078,39.6822869900729],[-105.022701561733,39.6822801276407],[-105.023745856228,39.6822730966396],[-105.025037985049,39.6822707532131],[-105.025042369774,39.6840789578909],[-105.025044030704,39.6849723443994],[-105.025054254644,39.6858860863383],[-105.025051253657,39.6876803005474],[-105.025057606804,39.6894864522056],[-105.02505936623,39.6908052555006],[-105.025062032128,39.6912974723906],[-105.025063676261,39.6931094618504],[-105.025067070042,39.6949188027579],[-105.025059102548,39.6967472809234],[-105.023717595395,39.6967344894754],[-105.022725789808,39.6967368452036],[-105.021553919073,39.6967392895602],[-105.020359835575,39.6967419752263],[-105.019223466553,39.6967496886673],[-105.018061365759,39.6967524816964],[-105.017014742327,39.6967581394888],[-105.015690202797,39.6967635877165],[-105.013873210764,39.6967583473643],[-105.012707647157,39.6967479202763],[-105.011706419017,39.6967413651555],[-105.010708710639,39.6967396202886],[-105.009362777133,39.6967316104916],[-105.008709791995,39.6967288843286],[-105.006595340482,39.6967251515884],[-105.006166677739,39.6967235285832],[-105.001515352064,39.6967058148927],[-105.000314214983,39.6967007172814],[-104.999149520111,39.6966933600936],[-104.997964374477,39.6966883065863],[-104.996792555471,39.6966832981605],[-104.995618089163,39.6966758646338],[-104.994440051504,39.6966708060927],[-104.992945755934,39.6966619702776],[-104.992384178404,39.6966609723715]]]},"properties":{"OBJECTID":265,"NBHD_NAME":"Ruby Hill","NBHD_ID":54,"DIST_NUM":7,"Nmbr_Age25Plus_NoDiplomaOrGED":2214,"Pct_Age25Plus_NoDiplomaOrGED":31.89742112,"Nmbr_Age25Plus_NoCollDegree":5237,"Pct_Age25Plus_NoCollDegree":75.45022331,"Nmbr_Age25Plus_LessThanBA":5528,"Pct_Age25Plus_LessThanBA":79.64270278,"Nmbr_PopulationUnder18":2200,"Pct_PopulationUnder18":22.119445,"Nmbr_PopulationOver70":1022,"Pct_PopulationOver70":10.27548763,"Nmbr_Age25Plus":6941,"Pct_Age25Plus":69.78684898,"Nmbr_OccupiedUnitsWithRenters":1888,"Pct_OccupiedUnitsWithRenters":49.8679345,"Nmbr_OccupiedUnitsWithOwners":1898,"Pct_OccupiedUnitsWithOwners":50.1320655,"Nmbr_OccupiedUnits":3786,"Nmbr_HouseholdsCostBurdened":1535,"Pct_HouseholdsCostBurdened":40.54410988,"Nmbr_PerCapitaIncome":53773,"Nmbr_PopulationPovDetermined":9887,"Nmbr_PopulationInPoverty":1884,"Pct_PopulationInPoverty":19.05532517,"Nmbr_HouseholdsNoVehAccess":662,"Pct_HouseholdsNoVehAccess":17.48547279,"Nmbr_Households":3786,"Nmbr_PopulationWithDisability":1315,"Pct_PopulationWithDisability":13.22139554,"Nmbr_PopCivilianNonInstitution":9946,"Nmbr_Population":9946,"Nmbr_Under18SingleParentFam":733,"Pct_Under18InSingleParentFam":33.31818182,"Nmbr_PopUnder18InHouseholds":2200,"Nmbr_PopulationDensity":6850.73070888,"Nmbr_PopNonHispanicWhite":2220,"Pct_PopNonHispanicWhite":22.32053087,"Nmbr_PopulationMinority":7726,"Pct_PopulationMinority":77.67946913,"Pct_PopOver16Unemployed":3.972937,"GlobalID":"72d1df30-5f3a-4ca2-90a9-2059cd2c24d4"}},{"type":"Feature","id":266,"geometry":{"type":"Polygon","coordinates":[[[-104.854477485927,39.6601527784035],[-104.854226967397,39.6600743160149],[-104.853063679914,39.6597704069183],[-104.852007295278,39.6595999422696],[-104.851683218861,39.6594519956478],[-104.849245673692,39.6590760617222],[-104.848872947058,39.6591165495028],[-104.848676991529,39.6590860177162],[-104.848625435872,39.6590779846433],[-104.848627125208,39.6578346153704],[-104.848552540918,39.6578342019892],[-104.848558822198,39.6570614137774],[-104.84725079928,39.6570692557881],[-104.847922726471,39.6568094297803],[-104.848621746901,39.656595734967],[-104.849298040954,39.6564385336312],[-104.851386184509,39.6559898826124],[-104.85230456097,39.6557701701433],[-104.853195078972,39.6554895551692],[-104.854049729534,39.6551497109994],[-104.854864043361,39.6547537020779],[-104.855161237503,39.6545885514823],[-104.867161288605,39.6476105169011],[-104.867663738647,39.6473215249804],[-104.868196053693,39.6470676952384],[-104.86875466829,39.6468507235227],[-104.869107266508,39.6467369680854],[-104.870062247558,39.6462767491678],[-104.871188417946,39.6462292459132],[-104.873041307667,39.6458283687688],[-104.874066568395,39.6455469421882],[-104.875055136875,39.645197706603],[-104.875570197139,39.6449825300943],[-104.875554082245,39.6458963129912],[-104.8754504244,39.6516624267842],[-104.876680252691,39.6530498789951],[-104.875658086522,39.653050483514],[-104.872000539062,39.6530386924002],[-104.870924565363,39.6530488530516],[-104.87038380425,39.6530459572188],[-104.8701097182,39.653055636048],[-104.869878693579,39.6530878398563],[-104.869676558899,39.653114624419],[-104.869430963515,39.6531634702819],[-104.869156326444,39.6532344547234],[-104.868838127081,39.6533386464446],[-104.868586331059,39.6534280860662],[-104.868408117669,39.6535105308502],[-104.868237425594,39.6535862354676],[-104.868056217633,39.6536911620113],[-104.867882118879,39.6538072731978],[-104.867722490246,39.6539178886826],[-104.867540979544,39.6540562544594],[-104.867402829674,39.6541837063235],[-104.86730829254,39.6542723769663],[-104.867206344718,39.6543833018003],[-104.867118967186,39.6544775841787],[-104.867016917505,39.6545996561826],[-104.866936599341,39.6547106975199],[-104.866856029464,39.6548496061058],[-104.866775409466,39.6549940877525],[-104.866702250095,39.6551107413828],[-104.86659148039,39.6553999770077],[-104.866516962798,39.6556671130991],[-104.866479251568,39.6558508417702],[-104.866456011243,39.6560290748869],[-104.866432318215,39.6562574690078],[-104.866429904423,39.6565249934451],[-104.866421474961,39.6569961230309],[-104.86636945311,39.6593979056157],[-104.866333775015,39.6603099117445],[-104.86602244121,39.6602711923311],[-104.864956834814,39.6602733324148],[-104.856661974991,39.6602896504189],[-104.856479933548,39.6602900265137],[-104.856414209821,39.6602913824437],[-104.856314681312,39.6602994164891],[-104.856215089591,39.6603143139868],[-104.856118102344,39.6603357455589],[-104.856024609836,39.6603633735027],[-104.85593372464,39.6603971926625],[-104.855847222334,39.6604372128255],[-104.855765993656,39.6604830956442],[-104.85559814678,39.6602913720519],[-104.855026273578,39.6602923540059],[-104.854923696175,39.6602925296411],[-104.854477485927,39.6601527784035]]]},"properties":{"OBJECTID":266,"NBHD_NAME":"Kennedy","NBHD_ID":40,"DIST_NUM":4,"Nmbr_Age25Plus_NoDiplomaOrGED":499,"Pct_Age25Plus_NoDiplomaOrGED":18.81598793,"Nmbr_Age25Plus_NoCollDegree":1617,"Pct_Age25Plus_NoCollDegree":60.97285068,"Nmbr_Age25Plus_LessThanBA":1774,"Pct_Age25Plus_LessThanBA":66.89291101,"Nmbr_PopulationUnder18":460,"Pct_PopulationUnder18":11.11648139,"Nmbr_PopulationOver70":0,"Pct_PopulationOver70":0,"Nmbr_Age25Plus":2652,"Pct_Age25Plus":64.08893185,"Nmbr_OccupiedUnitsWithRenters":2077,"Pct_OccupiedUnitsWithRenters":100,"Nmbr_OccupiedUnitsWithOwners":0,"Pct_OccupiedUnitsWithOwners":0,"Nmbr_OccupiedUnits":2077,"Nmbr_HouseholdsCostBurdened":1009,"Pct_HouseholdsCostBurdened":48.57968223,"Nmbr_PerCapitaIncome":33128,"Nmbr_PopulationPovDetermined":4138,"Nmbr_PopulationInPoverty":321,"Pct_PopulationInPoverty":7.75737071,"Nmbr_HouseholdsNoVehAccess":277,"Pct_HouseholdsNoVehAccess":13.33654309,"Nmbr_Households":2077,"Nmbr_PopulationWithDisability":493,"Pct_PopulationWithDisability":11.93993703,"Nmbr_PopCivilianNonInstitution":4129,"Nmbr_Population":4138,"Nmbr_Under18SingleParentFam":0,"Pct_Under18InSingleParentFam":0,"Nmbr_PopUnder18InHouseholds":460,"Nmbr_PopulationDensity":5893.58480873,"Nmbr_PopNonHispanicWhite":1270,"Pct_PopNonHispanicWhite":30.69115515,"Nmbr_PopulationMinority":2868,"Pct_PopulationMinority":69.30884485,"Pct_PopOver16Unemployed":5.1,"GlobalID":"39886725-6517-44da-b0cd-676564339b60"}},{"type":"Feature","id":267,"geometry":{"type":"Polygon","coordinates":[[[-104.86602244121,39.6602711923311],[-104.866333775015,39.6603099117445],[-104.86636945311,39.6593979056157],[-104.866421474961,39.6569961230309],[-104.866429904423,39.6565249934451],[-104.866432318215,39.6562574690078],[-104.866456011243,39.6560290748869],[-104.866479251568,39.6558508417702],[-104.866516962798,39.6556671130991],[-104.86659148039,39.6553999770077],[-104.866702250095,39.6551107413828],[-104.866775409466,39.6549940877525],[-104.866856029464,39.6548496061058],[-104.866936599341,39.6547106975199],[-104.867016917505,39.6545996561826],[-104.867118967186,39.6544775841787],[-104.867206344718,39.6543833018003],[-104.86730829254,39.6542723769663],[-104.867402829674,39.6541837063235],[-104.867540979544,39.6540562544594],[-104.867722490246,39.6539178886826],[-104.867882118879,39.6538072731978],[-104.868056217633,39.6536911620113],[-104.868237425594,39.6535862354676],[-104.868408117669,39.6535105308502],[-104.868586331059,39.6534280860662],[-104.868838127081,39.6533386464446],[-104.869156326444,39.6532344547234],[-104.869430963515,39.6531634702819],[-104.869676558899,39.653114624419],[-104.869878693579,39.6530878398563],[-104.8701097182,39.653055636048],[-104.87038380425,39.6530459572188],[-104.870924565363,39.6530488530516],[-104.872000539062,39.6530386924002],[-104.875658086522,39.653050483514],[-104.876680252691,39.6530498789951],[-104.880091481648,39.6530579701157],[-104.880221244184,39.6530582421161],[-104.881353222736,39.6530607074799],[-104.881420218367,39.6530608531023],[-104.882742801803,39.6530640302301],[-104.884784806496,39.6530689062288],[-104.886426631994,39.6530713838547],[-104.887461224114,39.6530729332911],[-104.887723399751,39.6530753300021],[-104.88797758185,39.6530807722995],[-104.891869166802,39.6530882758491],[-104.894082642437,39.6530942183847],[-104.894550951206,39.6530962064332],[-104.898758672735,39.6531139810919],[-104.90054283412,39.6531108758932],[-104.902277746027,39.6531152511706],[-104.904355415142,39.6531161908613],[-104.904726187715,39.6531149798214],[-104.904988501413,39.653114250215],[-104.905947451968,39.6531115518135],[-104.906933041173,39.6531086368813],[-104.907155738789,39.6531080446977],[-104.907374335722,39.653107431163],[-104.907907087871,39.653105655131],[-104.908839399934,39.6531031421115],[-104.909095363705,39.6531014053704],[-104.909323318168,39.653101456342],[-104.911054755681,39.6530964198018],[-104.912679644474,39.6530915108494],[-104.912929962068,39.6530907041697],[-104.915346911642,39.6530879954605],[-104.916661992716,39.6530749699333],[-104.917764686736,39.6530835259471],[-104.918378164632,39.6530806615978],[-104.918448167495,39.6530814698555],[-104.918586287523,39.653368220125],[-104.91885153122,39.653918883078],[-104.920123797382,39.65676771296],[-104.921051432146,39.6588282396601],[-104.921940329522,39.6608468334537],[-104.9226181884,39.6623873942441],[-104.923026259333,39.6632994308295],[-104.923435095356,39.6641195872014],[-104.923710045007,39.6646274854432],[-104.924020881036,39.6651202844132],[-104.925295442352,39.6669601704946],[-104.925664275139,39.6674875208359],[-104.925237511713,39.6674974631939],[-104.92505234397,39.6675020442175],[-104.923880123878,39.6675339275666],[-104.923708283779,39.6675777629658],[-104.922639021748,39.667579722287],[-104.922226648299,39.6675800986607],[-104.92190189884,39.6675819331601],[-104.921402796549,39.6675822230165],[-104.921310603367,39.6675821332492],[-104.920801937293,39.667581839921],[-104.920772907568,39.6675542302041],[-104.92030812508,39.6671121793456],[-104.920583084394,39.6669385188272],[-104.92222061906,39.6669465792372],[-104.922239740306,39.6637596623046],[-104.92215296522,39.6637290367354],[-104.922161076055,39.6637146638571],[-104.922167413054,39.663699938519],[-104.922171977444,39.66368486143],[-104.922174768447,39.6636694327369],[-104.922176671478,39.6636539994275],[-104.922175910587,39.6636385530224],[-104.92217337375,39.6636230979369],[-104.922169948942,39.6636076384358],[-104.922163854309,39.6635928521336],[-104.922156868882,39.6635784046387],[-104.922148105012,39.6635642917379],[-104.922137556406,39.6635511993723],[-104.921620206266,39.6629673260445],[-104.92160525175,39.6629500940025],[-104.921582435537,39.6629170374651],[-104.921562294609,39.6628826214402],[-104.921546605085,39.66284685467],[-104.921535360983,39.6628104232503],[-104.921527677286,39.662772980041],[-104.921524433601,39.6627355587327],[-104.921525632554,39.6626978161013],[-104.921531271572,39.6626600951205],[-104.92154045362,39.6626234210369],[-104.921554072954,39.6625871121775],[-104.921572123786,39.6625518545854],[-104.921593715127,39.6625179873124],[-104.921618844152,39.6624858527771],[-104.921647511113,39.6624554517312],[-104.921865884179,39.6622492516489],[-104.921015833424,39.6603380744645],[-104.918874900255,39.6603378037111],[-104.918885457349,39.6599205614294],[-104.918613723456,39.659921962909],[-104.918247307706,39.6593473994786],[-104.917892877856,39.6591486650455],[-104.91781247719,39.6593140180858],[-104.916757423708,39.6590102293749],[-104.916863101673,39.6587952427798],[-104.915897606697,39.6585080199745],[-104.915931993004,39.6584306344789],[-104.916252734642,39.6580876852295],[-104.916032116819,39.6574956502866],[-104.916028553823,39.6574970052346],[-104.916000080591,39.6575040703519],[-104.915971621818,39.6575094197451],[-104.915942294866,39.6575123624514],[-104.915912982182,39.657513589633],[-104.915883684033,39.6575131006387],[-104.915511647786,39.6575112510621],[-104.91551128678,39.6571279283901],[-104.915895591875,39.6571490563753],[-104.916023515914,39.6569283474131],[-104.916571884785,39.6561191300332],[-104.915863017545,39.6560480044242],[-104.91585725067,39.6561008239684],[-104.9158415485,39.6561738414238],[-104.915818754425,39.6562454506219],[-104.915787092919,39.6563156430839],[-104.915770824788,39.656349879217],[-104.915250188688,39.6561733026253],[-104.913088895161,39.6561807174193],[-104.913054770276,39.6631314540365],[-104.915038537839,39.6631403139234],[-104.915587295569,39.663251828134],[-104.915938904421,39.6634711454818],[-104.915950351703,39.6661516971227],[-104.916389035273,39.6661538759997],[-104.916378028561,39.6675848362351],[-104.916285941698,39.6675858897543],[-104.915852236224,39.6675908509059],[-104.915615442254,39.6675965843415],[-104.914636447607,39.6675920085853],[-104.912874165475,39.6676319373459],[-104.910931969207,39.6676352614016],[-104.909762998751,39.6676369476322],[-104.908589948931,39.6676392862811],[-104.907402965566,39.667641202003],[-104.905891981382,39.6676442135202],[-104.903540713975,39.6676253049124],[-104.90354069473,39.6676031017475],[-104.903455078337,39.6676029658524],[-104.898817952976,39.6675955149161],[-104.894095211477,39.6675877383367],[-104.894020613346,39.6675876969808],[-104.890216283076,39.6644966540738],[-104.888351800097,39.6656736484685],[-104.888846870699,39.6657270126623],[-104.888887683655,39.6657313430068],[-104.888927584467,39.6657384138452],[-104.888966573722,39.6657482252819],[-104.889004654022,39.6657604340935],[-104.889040934254,39.6657753789872],[-104.889075420523,39.6657923737718],[-104.889108107254,39.6658121040421],[-104.889138114556,39.6658335366178],[-104.889154873542,39.6658466640368],[-104.889668799402,39.6662851592669],[-104.889737513853,39.6663490025159],[-104.889799087616,39.6664169266034],[-104.889852633907,39.6664889269375],[-104.889891164419,39.6665515838978],[-104.89045860102,39.667578889084],[-104.885163979609,39.6675660708116],[-104.879516816291,39.6639327687174],[-104.876211557302,39.6639320894325],[-104.876091828312,39.6640145014441],[-104.875981799879,39.66410451437],[-104.875882363095,39.6642017900309],[-104.875793527126,39.6643052988367],[-104.875717961972,39.6644143688161],[-104.875653900935,39.664527960995],[-104.87560401099,39.6646457467721],[-104.875566528703,39.6647663435425],[-104.875543239064,39.6648887316877],[-104.875534144873,39.6650125678416],[-104.875536021924,39.6651011156641],[-104.875533192074,39.6659185319373],[-104.875436158427,39.667542240315],[-104.875378029766,39.6684859917462],[-104.875380998068,39.6686514152295],[-104.875403510058,39.6688162562246],[-104.875436899438,39.6689564471991],[-104.876265903128,39.6709097093049],[-104.876311135445,39.6710166750878],[-104.876368831294,39.6711202751463],[-104.876438112252,39.6712194754917],[-104.876518095865,39.6713135849987],[-104.876608785595,39.6714022604265],[-104.876708417572,39.6714841199507],[-104.876741948635,39.6715086627737],[-104.877228998949,39.6718691693976],[-104.877459050375,39.6720666811493],[-104.875435904196,39.6720631564804],[-104.875419622982,39.6747916082866],[-104.875295281803,39.6747912907993],[-104.870620052209,39.6747790513146],[-104.866353816737,39.6712746789755],[-104.865965929116,39.6709548122753],[-104.865946365677,39.6675158002852],[-104.865984405244,39.6638934984961],[-104.86602244121,39.6602711923311]]]},"properties":{"OBJECTID":267,"NBHD_NAME":"Hampden","NBHD_ID":32,"DIST_NUM":4,"Nmbr_Age25Plus_NoDiplomaOrGED":842,"Pct_Age25Plus_NoDiplomaOrGED":5.70499356,"Nmbr_Age25Plus_NoCollDegree":6146,"Pct_Age25Plus_NoCollDegree":41.6423877,"Nmbr_Age25Plus_LessThanBA":7225,"Pct_Age25Plus_LessThanBA":48.95318111,"Nmbr_PopulationUnder18":3566,"Pct_PopulationUnder18":18.27780625,"Nmbr_PopulationOver70":2085,"Pct_PopulationOver70":10.68682727,"Nmbr_Age25Plus":14759,"Pct_Age25Plus":75.64838544,"Nmbr_OccupiedUnitsWithRenters":4786,"Pct_OccupiedUnitsWithRenters":50.71526968,"Nmbr_OccupiedUnitsWithOwners":4651,"Pct_OccupiedUnitsWithOwners":49.28473032,"Nmbr_OccupiedUnits":9437,"Nmbr_HouseholdsCostBurdened":3376,"Pct_HouseholdsCostBurdened":35.77408075,"Nmbr_PerCapitaIncome":229592,"Nmbr_PopulationPovDetermined":19373,"Nmbr_PopulationInPoverty":1920,"Pct_PopulationInPoverty":9.91070046,"Nmbr_HouseholdsNoVehAccess":602,"Pct_HouseholdsNoVehAccess":6.37914592,"Nmbr_Households":9437,"Nmbr_PopulationWithDisability":2174,"Pct_PopulationWithDisability":11.17795259,"Nmbr_PopCivilianNonInstitution":19449,"Nmbr_Population":19510,"Nmbr_Under18SingleParentFam":1687,"Pct_Under18InSingleParentFam":47.30790802,"Nmbr_PopUnder18InHouseholds":3566,"Nmbr_PopulationDensity":6908.96573329,"Nmbr_PopNonHispanicWhite":12545,"Pct_PopNonHispanicWhite":64.30035879,"Nmbr_PopulationMinority":6965,"Pct_PopulationMinority":35.69964121,"Pct_PopOver16Unemployed":5.37875676,"GlobalID":"5a24d252-9b4e-4a9f-8a5f-6c54375adae5"}},{"type":"Feature","id":268,"geometry":{"type":"Polygon","coordinates":[[[-104.987435451655,39.7256383616786],[-104.987458785904,39.7248776768896],[-104.987481971663,39.7241372382554],[-104.987485667738,39.7225364104218],[-104.987450197413,39.7209439900355],[-104.987498139397,39.7193694329567],[-104.987497523512,39.7183588213823],[-104.987505845643,39.7174628636658],[-104.987501661586,39.7165757737825],[-104.987505806382,39.7161300252419],[-104.987510917471,39.7156736422316],[-104.987525442193,39.7147801133798],[-104.987536334919,39.7138972057775],[-104.987542954271,39.7129909444186],[-104.98754937295,39.7121121348137],[-104.987575003439,39.7111579131304],[-104.987581714757,39.7102389544269],[-104.987598080243,39.7093365090182],[-104.987601803919,39.7084614614041],[-104.987622781722,39.70753570066],[-104.987557771209,39.705730382186],[-104.987488644723,39.7038807766559],[-104.987488044435,39.7033547053726],[-104.987487911308,39.702642984607],[-104.987528056323,39.7021342479868],[-104.987561937499,39.7019964455056],[-104.98755751849,39.7019205540474],[-104.987546274413,39.701727470265],[-104.987540358745,39.7015305112843],[-104.987528987081,39.7014092719537],[-104.987494895213,39.7012672234999],[-104.987475311938,39.701185627888],[-104.987469590148,39.7010152820029],[-104.987477147944,39.7003454600562],[-104.987475490398,39.7002129076094],[-104.987430740281,39.6966343058692],[-104.989993038644,39.6966464067697],[-104.990125949703,39.6966470328981],[-104.990238084962,39.6966475190335],[-104.991275557553,39.6966520116755],[-104.991874293874,39.6966621496521],[-104.992384178404,39.6966609723715],[-104.99238125301,39.6967092936828],[-104.992380250235,39.6968479275536],[-104.992379505598,39.6969508734149],[-104.992378966978,39.6970253374046],[-104.992363109393,39.6971295907986],[-104.992317012777,39.6973610273857],[-104.99229005945,39.697525286041],[-104.99226956031,39.6977798252865],[-104.99226426877,39.6980200167995],[-104.992255174992,39.6982945084019],[-104.992264719015,39.698448972916],[-104.992270493336,39.6986332766118],[-104.992290613927,39.6989223074431],[-104.992319962114,39.6990411686746],[-104.992348741938,39.6991157591712],[-104.992392399405,39.6992216420104],[-104.992436305717,39.69929320944],[-104.992491843338,39.6993535026691],[-104.992580150186,39.6994283501705],[-104.992649945564,39.6994828710091],[-104.992675482286,39.699514552486],[-104.992700741461,39.6995846664894],[-104.992813161833,39.6998881647588],[-104.992922656557,39.7001048298729],[-104.993087703493,39.7003800720435],[-104.993175828092,39.7004803121674],[-104.993267608835,39.7005664984056],[-104.993451108875,39.7007474497158],[-104.993686368421,39.7010202479682],[-104.994119866569,39.7015255337144],[-104.994347023649,39.7018137380298],[-104.994669850835,39.7022656987049],[-104.99474640807,39.7023689764391],[-104.994830912019,39.702479151567],[-104.995014359292,39.7026686789151],[-104.995389302774,39.703040904326],[-104.996129231655,39.7036888792753],[-104.996414337427,39.7039380461371],[-104.996470950145,39.7039875220372],[-104.996747207183,39.7042460765932],[-104.996827139147,39.7043204632202],[-104.996920206323,39.7044070738272],[-104.996986249682,39.7044904013131],[-104.997113650201,39.7046910099867],[-104.997209495292,39.7048314299488],[-104.997293932581,39.7049518979567],[-104.997355421119,39.7050509916428],[-104.997407229175,39.7051370038241],[-104.997483547761,39.7052745946989],[-104.997557220327,39.7054094293218],[-104.997604628386,39.7054895886409],[-104.997714608182,39.7056417359469],[-104.997754856915,39.705729071258],[-104.997805553703,39.7058463061423],[-104.997841961294,39.7059737750483],[-104.997873751383,39.7061255883647],[-104.99792842034,39.7063087273258],[-104.997993914306,39.7064692639143],[-104.998063056199,39.7066167753778],[-104.998372918403,39.7072728512608],[-104.998500846394,39.7075252778727],[-104.998566651791,39.7076425765617],[-104.998610260195,39.7077573785273],[-104.998638869097,39.7078573608982],[-104.998663850374,39.7079676224431],[-104.998743758956,39.7082253345079],[-104.99895864733,39.7087440820256],[-104.999071677611,39.7089679618263],[-104.999177889393,39.7091513193509],[-104.999390250248,39.7095269565774],[-104.999609458106,39.7099396834925],[-104.999649711404,39.7100270177688],[-104.999715273752,39.7101789744035],[-104.999834512435,39.7105298500469],[-104.999884849738,39.7106985563111],[-104.999924807948,39.7108274118383],[-104.999950126829,39.7108906613676],[-105.000001923077,39.7109794171795],[-105.000135391574,39.7111910793033],[-105.000143070363,39.7112032568691],[-105.000283985373,39.7114267261038],[-105.000367312711,39.7115801301764],[-105.000418884689,39.7117004557344],[-105.00051671848,39.7119383392816],[-105.000600632142,39.7121342976393],[-105.000906783846,39.7128191748515],[-105.001060156623,39.7131200919319],[-105.001257555507,39.7134785034324],[-105.001466000632,39.7139083388268],[-105.001531573175,39.7140599508686],[-105.001672748596,39.7144524391679],[-105.001771135248,39.7147387094891],[-105.00182548774,39.7148436035941],[-105.0019607558,39.7150672314978],[-105.002041741917,39.7151760133205],[-105.002360550959,39.7155836651107],[-105.002463610769,39.7157127864036],[-105.002548274876,39.7158044255588],[-105.002717821814,39.7159568196496],[-105.00302255688,39.716219596241],[-105.003273457319,39.7164296412882],[-105.003368928266,39.7165014216332],[-105.003763593289,39.7167405547606],[-105.004114031756,39.7169506744894],[-105.004575072094,39.717229890746],[-105.005053886355,39.7175095238688],[-105.005496351594,39.7177773346805],[-105.005780250317,39.7179727565399],[-105.006141222679,39.7182031605721],[-105.006280320417,39.7182927303872],[-105.00639601782,39.7183672314225],[-105.006491526213,39.7184409356927],[-105.006587828478,39.7185152521811],[-105.006676253071,39.7185787645239],[-105.006768014281,39.7186735184271],[-105.006841133497,39.7187651059493],[-105.007028798046,39.718997525664],[-105.007120467887,39.7191053195214],[-105.008061286451,39.7200412815286],[-105.008484881505,39.7204692572947],[-105.008775226853,39.7207621564369],[-105.009216646273,39.7211843704709],[-105.00938185875,39.7213250689081],[-105.009633017226,39.7215035299438],[-105.009953409468,39.7216949756833],[-105.010057031774,39.7217468814881],[-105.010204201898,39.7217989683172],[-105.010418856615,39.7218599146248],[-105.010881109176,39.7219733646823],[-105.012056893839,39.7222356173528],[-105.012267126979,39.7222937971556],[-105.012459606525,39.7223488142036],[-105.012551797025,39.722383512216],[-105.012699837868,39.722438687856],[-105.012810513449,39.7224991994708],[-105.012883902659,39.7225537225714],[-105.012943071862,39.7226081869535],[-105.013019994753,39.7226658129461],[-105.013219138592,39.722785370703],[-105.013887526082,39.7231656104882],[-105.014049495051,39.7232633935922],[-105.014325478991,39.7234532713646],[-105.014521081322,39.7235714394331],[-105.015144434352,39.7239113364778],[-105.015270133406,39.7239849473921],[-105.015392152111,39.7240767306225],[-105.015513042509,39.7242031681611],[-105.015667332302,39.7243839624788],[-105.015677148243,39.7243965501518],[-105.015729883123,39.7244641761449],[-105.015792352971,39.7245560569279],[-105.015836080861,39.7246591848026],[-105.015846263256,39.7247292314204],[-105.015838106426,39.7248808744575],[-105.01582558553,39.7250208317402],[-105.015817765268,39.7251237476468],[-105.015768559304,39.7255030935259],[-105.015676368156,39.7255098218452],[-105.014812258186,39.7255728815641],[-105.014321255073,39.7256093204972],[-105.013655663799,39.7256587124456],[-105.013455691619,39.72567053224],[-105.013044560069,39.7256864564606],[-105.012990985802,39.725688888529],[-105.012436262785,39.7257140695648],[-105.011953651566,39.7257456264852],[-105.011645009979,39.725757768594],[-105.011323330635,39.7257698563413],[-105.010725743369,39.7257740842533],[-105.009687015438,39.7257831830361],[-105.009484208352,39.7257956033235],[-105.009430499184,39.7257988926082],[-105.009039194051,39.725824106436],[-105.009007222779,39.7258257124371],[-105.008545762457,39.7258488929953],[-105.008289292753,39.7258578883882],[-105.008050229151,39.7258636006161],[-105.007776493445,39.7258557440276],[-105.007355073459,39.7258372014475],[-105.00707556558,39.7258200364984],[-105.007003208886,39.7258155925994],[-105.006362422928,39.7257827038949],[-105.00459590016,39.7257719225201],[-105.000869422006,39.7257561718882],[-105.00014847492,39.725708161546],[-104.999449874651,39.7257075933701],[-104.999337885207,39.7257074600197],[-104.998572624329,39.7257069463138],[-104.998077592415,39.7257020899749],[-104.998043818692,39.7257019458811],[-104.997547009322,39.7256970799264],[-104.996963916488,39.725701794582],[-104.996378250382,39.7256934551763],[-104.995793437482,39.7256902639783],[-104.995192628135,39.7256866580583],[-104.994602491942,39.7256820653366],[-104.994007911425,39.7256774508912],[-104.993420427327,39.7256749227135],[-104.992823165777,39.725672349452],[-104.992157468508,39.7256694777664],[-104.991529100231,39.7256667636547],[-104.990890066593,39.7256640000337],[-104.990281280589,39.7256572459602],[-104.989189875159,39.7256501102018],[-104.988877895693,39.7256511573137],[-104.988371307915,39.7256465532525],[-104.987435451655,39.7256383616786]]]},"properties":{"OBJECTID":268,"NBHD_NAME":"Baker","NBHD_ID":3,"DIST_NUM":7,"Nmbr_Age25Plus_NoDiplomaOrGED":324,"Pct_Age25Plus_NoDiplomaOrGED":6.14800759,"Nmbr_Age25Plus_NoCollDegree":1270,"Pct_Age25Plus_NoCollDegree":24.09867173,"Nmbr_Age25Plus_LessThanBA":1451,"Pct_Age25Plus_LessThanBA":27.53320683,"Nmbr_PopulationUnder18":317,"Pct_PopulationUnder18":4.92388941,"Nmbr_PopulationOver70":382,"Pct_PopulationOver70":5.93351973,"Nmbr_Age25Plus":5270,"Pct_Age25Plus":81.85771979,"Nmbr_OccupiedUnitsWithRenters":2019,"Pct_OccupiedUnitsWithRenters":59.5750959,"Nmbr_OccupiedUnitsWithOwners":1370,"Pct_OccupiedUnitsWithOwners":40.4249041,"Nmbr_OccupiedUnits":3389,"Nmbr_HouseholdsCostBurdened":1016,"Pct_HouseholdsCostBurdened":29.97934494,"Nmbr_PerCapitaIncome":125950,"Nmbr_PopulationPovDetermined":6438,"Nmbr_PopulationInPoverty":518,"Pct_PopulationInPoverty":8.04597701,"Nmbr_HouseholdsNoVehAccess":542,"Pct_HouseholdsNoVehAccess":15.99291826,"Nmbr_Households":3389,"Nmbr_PopulationWithDisability":748,"Pct_PopulationWithDisability":11.61851507,"Nmbr_PopCivilianNonInstitution":6438,"Nmbr_Population":6438,"Nmbr_Under18SingleParentFam":85,"Pct_Under18InSingleParentFam":28.42809365,"Nmbr_PopUnder18InHouseholds":299,"Nmbr_PopulationDensity":4316.38298928,"Nmbr_PopNonHispanicWhite":4421,"Pct_PopNonHispanicWhite":68.67039453,"Nmbr_PopulationMinority":2017,"Pct_PopulationMinority":31.32960547,"Pct_PopOver16Unemployed":1.79229894,"GlobalID":"1128f97f-419b-4e1a-8505-ae2b140194f6"}},{"type":"Feature","id":269,"geometry":{"type":"Polygon","coordinates":[[[-105.034615256867,39.6532759242514],[-105.034631218331,39.6495275608239],[-105.034641196641,39.6458780016849],[-105.034359765485,39.6458779163051],[-105.034361408174,39.6456301549534],[-105.034416841509,39.6455713493386],[-105.034435701736,39.6437975834345],[-105.03275078208,39.6437871209577],[-105.032784557332,39.6428469715748],[-105.029980311549,39.64281931602],[-105.029984054814,39.6422599648565],[-105.029881078284,39.6422595529085],[-105.029904503825,39.6400860110745],[-105.030007477492,39.6400864230034],[-105.030036772141,39.6386270392429],[-105.034700818417,39.6386208934029],[-105.034748468169,39.6331694829214],[-105.030059150874,39.6331593993518],[-105.030057939042,39.6329425105105],[-105.029802135367,39.6327019541616],[-105.029772193519,39.6326664878389],[-105.029738769755,39.632620712273],[-105.029711573443,39.6325729028458],[-105.029688826588,39.6325233951807],[-105.029672302053,39.6324725398168],[-105.029661997984,39.6324206796365],[-105.029657021537,39.6323684978453],[-105.029124577114,39.6323488634359],[-105.029122804246,39.6323485133429],[-105.029066903443,39.6323455437792],[-105.029011030514,39.6323384563914],[-105.02895695584,39.6323279445038],[-105.028903796578,39.6323133181519],[-105.02885243296,39.6322956104819],[-105.028802867553,39.6322744782177],[-105.027382975433,39.6317008279516],[-105.027254634722,39.63164677706],[-105.027086380186,39.6315884470077],[-105.026911831833,39.6315421024645],[-105.026732766911,39.6315074073739],[-105.026550958562,39.63148471205],[-105.02636640194,39.6314747023866],[-105.026181762105,39.6314770465832],[-105.025400686477,39.6314732076126],[-105.025401256828,39.6313887899008],[-105.025425036918,39.6285258111289],[-105.025659369589,39.6285240121895],[-105.025815583945,39.6285239564862],[-105.026367816215,39.6285004461261],[-105.026915859767,39.6284398541159],[-105.027454386305,39.6283425018207],[-105.027980725706,39.6282094084103],[-105.02848865947,39.628041235115],[-105.02887746834,39.6279010654897],[-105.029313111063,39.627791624332],[-105.031096168656,39.6278018431091],[-105.031611343012,39.6278773368641],[-105.03238520006,39.6280262672622],[-105.032936632229,39.6281221464848],[-105.033491791242,39.6281916138303],[-105.034793825458,39.6281971200393],[-105.03479730616,39.6278055759302],[-105.035784284093,39.627805361893],[-105.035908513166,39.6278099708754],[-105.036031800594,39.6278228118852],[-105.036153256104,39.627844225251],[-105.036271994744,39.6278738631922],[-105.036387133285,39.6279110370583],[-105.036496894702,39.6279560823345],[-105.036602171141,39.6280083163777],[-105.036700304234,39.6280670426899],[-105.036710024261,39.6280736011053],[-105.036796653381,39.6281271341376],[-105.037385921504,39.6274654203178],[-105.037707761982,39.6271132211537],[-105.038007807321,39.626835746671],[-105.03948020908,39.6277917680539],[-105.03956064719,39.62784218628],[-105.039645557111,39.6278874745444],[-105.03973583272,39.6279266064221],[-105.039795159176,39.6279481155295],[-105.040027094078,39.6280409936479],[-105.040080953907,39.6279485481942],[-105.040144549633,39.6278602591878],[-105.040207156147,39.6277874089608],[-105.040258046954,39.6277416231517],[-105.040635388419,39.6279939569276],[-105.040911255657,39.6277479523503],[-105.04133024682,39.6280107419428],[-105.041709716073,39.6276656203511],[-105.042292146032,39.6280457220758],[-105.042775365409,39.627578146023],[-105.043023956957,39.6277033411264],[-105.043285971816,39.6278117725414],[-105.04355964379,39.6279020604136],[-105.043841429211,39.6279731618403],[-105.044131325713,39.6280254195433],[-105.044153494376,39.6280285940101],[-105.044126816822,39.6314557346927],[-105.053411830585,39.6315058090471],[-105.053341666013,39.6387714756195],[-105.058807344713,39.6387602108612],[-105.058750105785,39.6389693291357],[-105.059155929221,39.6388054450157],[-105.059284927935,39.6387606305014],[-105.059419196444,39.6387247585693],[-105.059556957708,39.6386981643222],[-105.059697321562,39.6386811887536],[-105.059800335834,39.6386747112928],[-105.060011366744,39.6387545060513],[-105.060868558472,39.6387434612804],[-105.065486009043,39.6387356871103],[-105.067444399224,39.6387500390297],[-105.072254605993,39.6387430655571],[-105.073196114881,39.6387413087426],[-105.073204844101,39.6386469525333],[-105.076909284022,39.6386383869939],[-105.076902024074,39.6391067864946],[-105.076893044594,39.6392711319032],[-105.076867202913,39.6394347303076],[-105.076821848806,39.6395955133337],[-105.076758760861,39.6397528006418],[-105.076724608513,39.6398223406396],[-105.076088115308,39.6409988308371],[-105.076035960809,39.6411091429477],[-105.075996215795,39.6412225884393],[-105.075969771581,39.641338484067],[-105.075956636776,39.6414554571748],[-105.075954577793,39.6415024637276],[-105.07594815563,39.6416839768377],[-105.075941290864,39.6417917070267],[-105.075922887768,39.6418990522329],[-105.07589206706,39.6420046370339],[-105.075849722163,39.6421074346846],[-105.075795853223,39.6422074454746],[-105.075779718525,39.6422331246469],[-105.074549324524,39.6441339477058],[-105.074463389326,39.6442510000795],[-105.074364176506,39.6443614843092],[-105.074253466451,39.6444647199888],[-105.074131261029,39.6445603642084],[-105.073999341959,39.6446473938839],[-105.07385682535,39.6447251196568],[-105.073745538901,39.6447768775553],[-105.072579438284,39.6452873941846],[-105.07251265728,39.6453197522824],[-105.072449402147,39.6453562411023],[-105.072391445966,39.6453972104385],[-105.072337020607,39.6454416241552],[-105.072288786454,39.6454898351764],[-105.072245859938,39.6455411543228],[-105.072208245507,39.645594894943],[-105.072177718612,39.6456510634556],[-105.07215339524,39.6457089703256],[-105.072135275924,39.645768615408],[-105.072124254379,39.645828973054],[-105.072119445804,39.6458896962557],[-105.072119439532,39.6458907257407],[-105.072119716804,39.6459909318408],[-105.072016730386,39.6459912431256],[-105.063236362339,39.646000116735],[-105.063195163831,39.6496265645205],[-105.062606518257,39.6496274633629],[-105.062605318407,39.6496775614043],[-105.057087320623,39.6496850339012],[-105.057068691949,39.6512309351478],[-105.055630384631,39.6512255060064],[-105.055630771144,39.6511644238797],[-105.053549674539,39.6511565363838],[-105.05371177178,39.6513561898908],[-105.054175225956,39.6514979604854],[-105.054254228679,39.6515006631141],[-105.054359822605,39.651510329688],[-105.054464485034,39.6515271979786],[-105.054565548061,39.6515509157445],[-105.054664796652,39.6515814897083],[-105.054759562767,39.6516185674841],[-105.054849852749,39.6516618066735],[-105.054934777055,39.6517112005552],[-105.055013449539,39.6517660612206],[-105.055086762801,39.651826049779],[-105.055152054828,39.6518904718],[-105.05521022102,39.6519593232577],[-105.057062238949,39.6519724965785],[-105.057060270819,39.6528475665455],[-105.057057552741,39.6529460235758],[-105.057056794773,39.6531665196206],[-105.05378336676,39.6531863632477],[-105.05321863909,39.6531842177211],[-105.053178370378,39.6531840646277],[-105.053091833464,39.6531843845661],[-105.052775971991,39.6531855523887],[-105.052288126653,39.6531873578536],[-105.05021633452,39.6532085513311],[-105.049608653902,39.6532409924023],[-105.048314297762,39.6533100812762],[-105.04609111673,39.6535698731688],[-105.041352678418,39.6541217878392],[-105.039403426971,39.6543558347261],[-105.038652103934,39.6544056598967],[-105.037916262873,39.6544086340675],[-105.037446265177,39.6543598751717],[-105.036832371687,39.6542753633291],[-105.036128476221,39.6540817369773],[-105.035412832142,39.6538200213308],[-105.03533970533,39.6537880061675],[-105.034654440919,39.6534879812978],[-105.034615256867,39.6532759242514]]]},"properties":{"OBJECTID":269,"NBHD_NAME":"Fort Logan","NBHD_ID":27,"DIST_NUM":2,"Nmbr_Age25Plus_NoDiplomaOrGED":623,"Pct_Age25Plus_NoDiplomaOrGED":9.52599388,"Nmbr_Age25Plus_NoCollDegree":3755,"Pct_Age25Plus_NoCollDegree":57.41590214,"Nmbr_Age25Plus_LessThanBA":4135,"Pct_Age25Plus_LessThanBA":63.22629969,"Nmbr_PopulationUnder18":1964,"Pct_PopulationUnder18":22.05007298,"Nmbr_PopulationOver70":1244,"Pct_PopulationOver70":13.96654317,"Nmbr_Age25Plus":6540,"Pct_Age25Plus":73.42539576,"Nmbr_OccupiedUnitsWithRenters":693,"Pct_OccupiedUnitsWithRenters":21.13449222,"Nmbr_OccupiedUnitsWithOwners":2586,"Pct_OccupiedUnitsWithOwners":78.86550778,"Nmbr_OccupiedUnits":3279,"Nmbr_HouseholdsCostBurdened":857,"Pct_HouseholdsCostBurdened":26.13601708,"Nmbr_PerCapitaIncome":131957,"Nmbr_PopulationPovDetermined":8421,"Nmbr_PopulationInPoverty":1045,"Pct_PopulationInPoverty":12.40945256,"Nmbr_HouseholdsNoVehAccess":171,"Pct_HouseholdsNoVehAccess":5.21500457,"Nmbr_Households":3279,"Nmbr_PopulationWithDisability":1009,"Pct_PopulationWithDisability":11.94931312,"Nmbr_PopCivilianNonInstitution":8444,"Nmbr_Population":8907,"Nmbr_Under18SingleParentFam":356,"Pct_Under18InSingleParentFam":18.56100104,"Nmbr_PopUnder18InHouseholds":1918,"Nmbr_PopulationDensity":3356.11557066,"Nmbr_PopNonHispanicWhite":5877,"Pct_PopNonHispanicWhite":65.98181206,"Nmbr_PopulationMinority":3030,"Pct_PopulationMinority":34.01818794,"Pct_PopOver16Unemployed":3.99983184,"GlobalID":"0a67bdd9-f4bc-4885-a352-99fefa32b622"}},{"type":"Feature","id":270,"geometry":{"type":"Polygon","coordinates":[[[-105.053233463282,39.6677845172076],[-105.053251446934,39.6663841347499],[-105.053249768706,39.6655668359072],[-105.053250105488,39.6647273850259],[-105.053242303623,39.6625740149058],[-105.053233936291,39.6596406566203],[-105.053226830348,39.6579110925111],[-105.053221028264,39.6571732646516],[-105.053216345156,39.6561648268387],[-105.053182398517,39.6539001394483],[-105.053189925318,39.6537514754285],[-105.05321041471,39.6533467189592],[-105.05321863909,39.6531842177211],[-105.05378336676,39.6531863632477],[-105.057056794773,39.6531665196206],[-105.057057552741,39.6529460235758],[-105.057060270819,39.6528475665455],[-105.057879786012,39.652847907122],[-105.058060030687,39.6528472124197],[-105.05804124522,39.6514586853162],[-105.058217038624,39.6514593462883],[-105.058223675959,39.6512510683117],[-105.061981240186,39.6512311598993],[-105.061979624177,39.651490245512],[-105.062585122552,39.6514945599111],[-105.062598884473,39.6502828856047],[-105.063883556668,39.6502907485095],[-105.06389567715,39.6496257342328],[-105.07081647162,39.6496162102058],[-105.070821170971,39.6500094976],[-105.069905849695,39.6500013470724],[-105.069690801461,39.6504669246449],[-105.069152908086,39.6511667316257],[-105.069116541427,39.6513055812671],[-105.068187667815,39.6521992120037],[-105.068040283952,39.6521986703777],[-105.068040235874,39.6524951668594],[-105.067513703757,39.652498377966],[-105.067518867321,39.6532458154851],[-105.067254273841,39.65324621434],[-105.067260840494,39.6550622798836],[-105.067268295188,39.6568783475692],[-105.070155884172,39.6568741876059],[-105.070157735287,39.6574421356745],[-105.070112651753,39.6579893218493],[-105.070057984535,39.6590865689871],[-105.071971052211,39.6596041832455],[-105.071972937742,39.6600231967017],[-105.076671820587,39.6593326053571],[-105.076673676629,39.6599084453073],[-105.078265484608,39.6607020778117],[-105.078915825759,39.661534185593],[-105.079215885397,39.6619923575035],[-105.081378183976,39.6619887541263],[-105.081388347153,39.6677313266296],[-105.081398768062,39.6701541109606],[-105.080968873088,39.6700142836632],[-105.080524594266,39.6699039157396],[-105.080069479304,39.6698237060713],[-105.079901757773,39.6698021736402],[-105.079437508436,39.6697644813155],[-105.079266142462,39.6697583774226],[-105.079265956086,39.6693448626076],[-105.078863607688,39.6693520009823],[-105.07876854883,39.6693574940506],[-105.078573154238,39.6693598823642],[-105.078378728059,39.6693488902363],[-105.078215434017,39.6693297735517],[-105.076706281588,39.6690824173057],[-105.076709580504,39.6694190743635],[-105.076022810557,39.6693174245579],[-105.075909493822,39.669993051606],[-105.075288409851,39.6700429701743],[-105.074935031042,39.6704689339157],[-105.074490727462,39.6702171589861],[-105.072981870531,39.6697741520265],[-105.072711767653,39.6697941035654],[-105.072525843438,39.669407709506],[-105.07199959681,39.669343338605],[-105.071991370739,39.6677791602447],[-105.068500352399,39.667780123899],[-105.067384928557,39.6677808283135],[-105.067301449659,39.6677808641898],[-105.062612418599,39.6677820413992],[-105.053233463282,39.6677845172076]],[[-105.062563343314,39.6518551478832],[-105.062556892015,39.6528908036535],[-105.063553075431,39.6528945074078],[-105.063559512039,39.651858851584],[-105.062563343314,39.6518551478832]],[[-105.063969937562,39.6532519197682],[-105.063982650846,39.6537783854652],[-105.064911404422,39.6537759937766],[-105.064909334577,39.6532502535283],[-105.063969937562,39.6532519197682]]]},"properties":{"OBJECTID":270,"NBHD_NAME":"Bear Valley","NBHD_ID":6,"DIST_NUM":2,"Nmbr_Age25Plus_NoDiplomaOrGED":467,"Pct_Age25Plus_NoDiplomaOrGED":7.53712072,"Nmbr_Age25Plus_NoCollDegree":3179,"Pct_Age25Plus_NoCollDegree":51.30729503,"Nmbr_Age25Plus_LessThanBA":3547,"Pct_Age25Plus_LessThanBA":57.24661072,"Nmbr_PopulationUnder18":1411,"Pct_PopulationUnder18":17.25782779,"Nmbr_PopulationOver70":1390,"Pct_PopulationOver70":17.00097847,"Nmbr_Age25Plus":6196,"Pct_Age25Plus":75.78277886,"Nmbr_OccupiedUnitsWithRenters":1252,"Pct_OccupiedUnitsWithRenters":34.45239406,"Nmbr_OccupiedUnitsWithOwners":2382,"Pct_OccupiedUnitsWithOwners":65.54760594,"Nmbr_OccupiedUnits":3634,"Nmbr_HouseholdsCostBurdened":1268,"Pct_HouseholdsCostBurdened":34.89268024,"Nmbr_PerCapitaIncome":79321,"Nmbr_PopulationPovDetermined":8173,"Nmbr_PopulationInPoverty":558,"Pct_PopulationInPoverty":6.82735838,"Nmbr_HouseholdsNoVehAccess":221,"Pct_HouseholdsNoVehAccess":6.08145294,"Nmbr_Households":3634,"Nmbr_PopulationWithDisability":1098,"Pct_PopulationWithDisability":13.49723417,"Nmbr_PopCivilianNonInstitution":8135,"Nmbr_Population":8176,"Nmbr_Under18SingleParentFam":608,"Pct_Under18InSingleParentFam":43.09000709,"Nmbr_PopUnder18InHouseholds":1411,"Nmbr_PopulationDensity":6047.04653027,"Nmbr_PopNonHispanicWhite":4668,"Pct_PopNonHispanicWhite":57.09393346,"Nmbr_PopulationMinority":3508,"Pct_PopulationMinority":42.90606654,"Pct_PopOver16Unemployed":2.19009585,"GlobalID":"d7a9a3bf-c07c-43ad-ac83-4f57b0cdecf6"}},{"type":"Feature","id":271,"geometry":{"type":"Polygon","coordinates":[[[-105.025108481786,39.6677159675768],[-105.025110897504,39.666944010002],[-105.025104590342,39.6658177109797],[-105.025120294156,39.6653335714547],[-105.025123841846,39.6650387972758],[-105.025135256103,39.6640696685336],[-105.025136922906,39.6637253043053],[-105.025148200728,39.662120010918],[-105.025158188864,39.6605022127304],[-105.025180160263,39.6574298670777],[-105.025183907038,39.6568172528638],[-105.025175324147,39.6568029928495],[-105.025349364808,39.6568019786684],[-105.025352019485,39.6568841054521],[-105.032661121696,39.6568778190677],[-105.032555709399,39.6568111459006],[-105.032456439091,39.6567370501262],[-105.032358609462,39.6566502990229],[-105.032279097462,39.6565663640589],[-105.032220316621,39.6564936507775],[-105.032176876303,39.6564318996617],[-105.032134288942,39.6563621430739],[-105.032161645883,39.6532760907637],[-105.034615256867,39.6532759242514],[-105.034654440919,39.6534879812978],[-105.03533970533,39.6537880061675],[-105.035412832142,39.6538200213308],[-105.036128476221,39.6540817369773],[-105.036832371687,39.6542753633291],[-105.037446265177,39.6543598751717],[-105.037916262873,39.6544086340675],[-105.038652103934,39.6544056598967],[-105.039403426971,39.6543558347261],[-105.041352678418,39.6541217878392],[-105.04609111673,39.6535698731688],[-105.048314297762,39.6533100812762],[-105.049608653902,39.6532409924023],[-105.05021633452,39.6532085513311],[-105.052288126653,39.6531873578536],[-105.052775971991,39.6531855523887],[-105.053091833464,39.6531843845661],[-105.053178370378,39.6531840646277],[-105.05321863909,39.6531842177211],[-105.05321041471,39.6533467189592],[-105.053189925318,39.6537514754285],[-105.053182398517,39.6539001394483],[-105.053216345156,39.6561648268387],[-105.053221028264,39.6571732646516],[-105.053226830348,39.6579110925111],[-105.053233936291,39.6596406566203],[-105.053242303623,39.6625740149058],[-105.053250105488,39.6647273850259],[-105.053249768706,39.6655668359072],[-105.053251446934,39.6663841347499],[-105.053233463282,39.6677845172076],[-105.051781746397,39.6677776092483],[-105.050794872047,39.6677707623418],[-105.049805901307,39.6677652633241],[-105.048808199128,39.6677538885465],[-105.04781131469,39.6677492276324],[-105.046823585164,39.6677479697391],[-105.046559044371,39.6677466064438],[-105.045826451266,39.6677424057677],[-105.045532567921,39.6677409267375],[-105.044831763954,39.6677368422088],[-105.043838618168,39.6677325267431],[-105.042847051417,39.6677278495822],[-105.041751408246,39.6677190406642],[-105.040682597617,39.6677131530092],[-105.039685627172,39.6677113420166],[-105.038686056902,39.6677019032451],[-105.03776721546,39.6676989272234],[-105.036845869771,39.6676922001306],[-105.035922025451,39.6676858758724],[-105.034961908332,39.6676814414939],[-105.033827389493,39.667677767775],[-105.031885337574,39.6676931120111],[-105.030908622125,39.6677007193065],[-105.029868887328,39.6677064253193],[-105.028872157333,39.6677136605668],[-105.027950336391,39.6677217626558],[-105.02696724534,39.6677263886139],[-105.026045330695,39.6677329459146],[-105.025108481786,39.6677159675768]]]},"properties":{"OBJECTID":271,"NBHD_NAME":"Harvey Park South","NBHD_ID":35,"DIST_NUM":2,"Nmbr_Age25Plus_NoDiplomaOrGED":1237,"Pct_Age25Plus_NoDiplomaOrGED":19.75407218,"Nmbr_Age25Plus_NoCollDegree":3762,"Pct_Age25Plus_NoCollDegree":60.07665283,"Nmbr_Age25Plus_LessThanBA":4212,"Pct_Age25Plus_LessThanBA":67.26285532,"Nmbr_PopulationUnder18":1892,"Pct_PopulationUnder18":21.14202704,"Nmbr_PopulationOver70":805,"Pct_PopulationOver70":8.99541848,"Nmbr_Age25Plus":6262,"Pct_Age25Plus":69.9742988,"Nmbr_OccupiedUnitsWithRenters":1452,"Pct_OccupiedUnitsWithRenters":40.83239595,"Nmbr_OccupiedUnitsWithOwners":2104,"Pct_OccupiedUnitsWithOwners":59.16760405,"Nmbr_OccupiedUnits":3556,"Nmbr_HouseholdsCostBurdened":885,"Pct_HouseholdsCostBurdened":24.88751406,"Nmbr_PerCapitaIncome":74109,"Nmbr_PopulationPovDetermined":8666,"Nmbr_PopulationInPoverty":1006,"Pct_PopulationInPoverty":11.60858528,"Nmbr_HouseholdsNoVehAccess":391,"Pct_HouseholdsNoVehAccess":10.99550056,"Nmbr_Households":3556,"Nmbr_PopulationWithDisability":1205,"Pct_PopulationWithDisability":13.85057471,"Nmbr_PopCivilianNonInstitution":8700,"Nmbr_Population":8949,"Nmbr_Under18SingleParentFam":541,"Pct_Under18InSingleParentFam":28.59408034,"Nmbr_PopUnder18InHouseholds":1892,"Nmbr_PopulationDensity":6548.41030562,"Nmbr_PopNonHispanicWhite":3638,"Pct_PopNonHispanicWhite":40.65258688,"Nmbr_PopulationMinority":5311,"Pct_PopulationMinority":59.34741312,"Pct_PopOver16Unemployed":3.62779307,"GlobalID":"34189b07-5daa-41fd-90ae-8212cf85319a"}},{"type":"Feature","id":272,"geometry":{"type":"Polygon","coordinates":[[[-104.90186366587,39.6240934465146],[-104.904038835291,39.6240887045259],[-104.911631685173,39.6240840821983],[-104.913406751507,39.6240830070492],[-104.913389965133,39.6254556192236],[-104.913316782118,39.6313492593142],[-104.913227401088,39.6386491277795],[-104.917858075291,39.6422466416123],[-104.920660526452,39.6444235021248],[-104.922496280655,39.6458494940287],[-104.931873448188,39.6458255401185],[-104.931792653183,39.6494473181209],[-104.931713250669,39.6530455407173],[-104.931702914445,39.6530455726431],[-104.930517484988,39.6530445860535],[-104.929345686521,39.6530461104165],[-104.928182910865,39.6530496593259],[-104.927195488913,39.6530490319917],[-104.926191100625,39.6530584222685],[-104.926088523136,39.6530576137315],[-104.925197336622,39.6530529575525],[-104.925020952214,39.65305642995],[-104.924204705985,39.6530590400418],[-104.923956302643,39.6530643868346],[-104.922809730771,39.6530806523452],[-104.921735663153,39.653094451893],[-104.920458496612,39.6530912823535],[-104.920074993993,39.6530829387388],[-104.919154185105,39.6530809440693],[-104.918585133704,39.6530796946323],[-104.918448167495,39.6530814698555],[-104.918325875759,39.6528275795044],[-104.9181559723,39.6524748379477],[-104.917489412849,39.6511721135192],[-104.916675702245,39.6496884587258],[-104.91155241604,39.6407954545854],[-104.910423852683,39.6388737196051],[-104.910218483119,39.6385239999048],[-104.909380042138,39.6370961982144],[-104.908457908885,39.635529860157],[-104.908253257593,39.6351008279592],[-104.907389818321,39.6335968103096],[-104.906021077891,39.6312913527786],[-104.904743275695,39.6290300811891],[-104.904533086459,39.6286784213229],[-104.904453590675,39.6285454195425],[-104.904350997991,39.6283502247273],[-104.904288841874,39.6282423766677],[-104.903362132994,39.6266343810712],[-104.902961904201,39.6259954774942],[-104.902369381705,39.6249667183953],[-104.902053277664,39.6244296926849],[-104.90186366587,39.6240934465146]],[[-104.903787492516,39.6268280176205],[-104.903917071313,39.626828675175],[-104.903909316276,39.6241861950992],[-104.902903787437,39.6241810884777],[-104.902796238386,39.6243040845574],[-104.903284563214,39.625954488399],[-104.903787492516,39.6268280176205]]]},"properties":{"OBJECTID":272,"NBHD_NAME":"Southmoor Park","NBHD_ID":58,"DIST_NUM":4,"Nmbr_Age25Plus_NoDiplomaOrGED":89,"Pct_Age25Plus_NoDiplomaOrGED":1.8207856,"Nmbr_Age25Plus_NoCollDegree":1113,"Pct_Age25Plus_NoCollDegree":22.7700491,"Nmbr_Age25Plus_LessThanBA":1385,"Pct_Age25Plus_LessThanBA":28.33469722,"Nmbr_PopulationUnder18":564,"Pct_PopulationUnder18":9.32231405,"Nmbr_PopulationOver70":490,"Pct_PopulationOver70":8.09917355,"Nmbr_Age25Plus":4888,"Pct_Age25Plus":80.79338843,"Nmbr_OccupiedUnitsWithRenters":2586,"Pct_OccupiedUnitsWithRenters":74.05498282,"Nmbr_OccupiedUnitsWithOwners":906,"Pct_OccupiedUnitsWithOwners":25.94501718,"Nmbr_OccupiedUnits":3492,"Nmbr_HouseholdsCostBurdened":1152,"Pct_HouseholdsCostBurdened":32.98969072,"Nmbr_PerCapitaIncome":125970,"Nmbr_PopulationPovDetermined":6039,"Nmbr_PopulationInPoverty":566,"Pct_PopulationInPoverty":9.37241265,"Nmbr_HouseholdsNoVehAccess":131,"Pct_HouseholdsNoVehAccess":3.75143184,"Nmbr_Households":3492,"Nmbr_PopulationWithDisability":536,"Pct_PopulationWithDisability":8.89331342,"Nmbr_PopCivilianNonInstitution":6027,"Nmbr_Population":6050,"Nmbr_Under18SingleParentFam":166,"Pct_Under18InSingleParentFam":29.43262411,"Nmbr_PopUnder18InHouseholds":564,"Nmbr_PopulationDensity":6492.16761992,"Nmbr_PopNonHispanicWhite":5005,"Pct_PopNonHispanicWhite":82.72727273,"Nmbr_PopulationMinority":1045,"Pct_PopulationMinority":17.27272727,"Pct_PopOver16Unemployed":2.45969342,"GlobalID":"3d8069d8-0275-4598-93f9-dca39f167b0f"}},{"type":"Feature","id":273,"geometry":{"type":"Polygon","coordinates":[[[-104.902053277664,39.6244296926849],[-104.902369381705,39.6249667183953],[-104.902961904201,39.6259954774942],[-104.903362132994,39.6266343810712],[-104.904288841874,39.6282423766677],[-104.904350997991,39.6283502247273],[-104.904453590675,39.6285454195425],[-104.904533086459,39.6286784213229],[-104.904743275695,39.6290300811891],[-104.906021077891,39.6312913527786],[-104.907389818321,39.6335968103096],[-104.908253257593,39.6351008279592],[-104.908457908885,39.635529860157],[-104.909380042138,39.6370961982144],[-104.910218483119,39.6385239999048],[-104.910423852683,39.6388737196051],[-104.91155241604,39.6407954545854],[-104.916675702245,39.6496884587258],[-104.917489412849,39.6511721135192],[-104.9181559723,39.6524748379477],[-104.918325875759,39.6528275795044],[-104.918448167495,39.6530814698555],[-104.918378164632,39.6530806615978],[-104.917764686736,39.6530835259471],[-104.916661992716,39.6530749699333],[-104.915346911642,39.6530879954605],[-104.912929962068,39.6530907041697],[-104.912679644474,39.6530915108494],[-104.911054755681,39.6530964198018],[-104.909323318168,39.653101456342],[-104.909095363705,39.6531014053704],[-104.908839399934,39.6531031421115],[-104.907907087871,39.653105655131],[-104.907374335722,39.653107431163],[-104.907155738789,39.6531080446977],[-104.906933041173,39.6531086368813],[-104.905947451968,39.6531115518135],[-104.904988501413,39.653114250215],[-104.904726187715,39.6531149798214],[-104.904355415142,39.6531161908613],[-104.902277746027,39.6531152511706],[-104.90054283412,39.6531108758932],[-104.898758672735,39.6531139810919],[-104.894550951206,39.6530962064332],[-104.894082642437,39.6530942183847],[-104.891869166802,39.6530882758491],[-104.88797758185,39.6530807722995],[-104.887723399751,39.6530753300021],[-104.887461224114,39.6530729332911],[-104.886426631994,39.6530713838547],[-104.884784806496,39.6530689062288],[-104.882742801803,39.6530640302301],[-104.881420218367,39.6530608531023],[-104.881353222736,39.6530607074799],[-104.880221244184,39.6530582421161],[-104.880091481648,39.6530579701157],[-104.880239897556,39.6458994998391],[-104.880332732891,39.6413145167888],[-104.88508501055,39.6389640398317],[-104.885092344935,39.6386332592749],[-104.885173605478,39.6313783106351],[-104.885254803742,39.624128491598],[-104.894640609308,39.6241089428932],[-104.90186366587,39.6240934465146],[-104.902053277664,39.6244296926849]]]},"properties":{"OBJECTID":273,"NBHD_NAME":"Hampden South","NBHD_ID":33,"DIST_NUM":4,"Nmbr_Age25Plus_NoDiplomaOrGED":357,"Pct_Age25Plus_NoDiplomaOrGED":2.80373832,"Nmbr_Age25Plus_NoCollDegree":4555,"Pct_Age25Plus_NoCollDegree":35.77318778,"Nmbr_Age25Plus_LessThanBA":5385,"Pct_Age25Plus_LessThanBA":42.29168303,"Nmbr_PopulationUnder18":2628,"Pct_PopulationUnder18":15.71958368,"Nmbr_PopulationOver70":1963,"Pct_PopulationOver70":11.74183515,"Nmbr_Age25Plus":12733,"Pct_Age25Plus":76.16341668,"Nmbr_OccupiedUnitsWithRenters":4273,"Pct_OccupiedUnitsWithRenters":51.81906379,"Nmbr_OccupiedUnitsWithOwners":3973,"Pct_OccupiedUnitsWithOwners":48.18093621,"Nmbr_OccupiedUnits":8246,"Nmbr_HouseholdsCostBurdened":3186,"Pct_HouseholdsCostBurdened":38.63691487,"Nmbr_PerCapitaIncome":220495,"Nmbr_PopulationPovDetermined":16718,"Nmbr_PopulationInPoverty":1324,"Pct_PopulationInPoverty":7.91960761,"Nmbr_HouseholdsNoVehAccess":335,"Pct_HouseholdsNoVehAccess":4.06257579,"Nmbr_Households":8246,"Nmbr_PopulationWithDisability":1721,"Pct_PopulationWithDisability":10.30292146,"Nmbr_PopCivilianNonInstitution":16704,"Nmbr_Population":16718,"Nmbr_Under18SingleParentFam":706,"Pct_Under18InSingleParentFam":26.86453577,"Nmbr_PopUnder18InHouseholds":2628,"Nmbr_PopulationDensity":5742.31778518,"Nmbr_PopNonHispanicWhite":11851,"Pct_PopNonHispanicWhite":70.88766599,"Nmbr_PopulationMinority":4867,"Pct_PopulationMinority":29.11233401,"Pct_PopOver16Unemployed":4.00178684,"GlobalID":"b0a21cc5-dace-420d-89ca-2b724e49cb0e"}},{"type":"Feature","id":274,"geometry":{"type":"Polygon","coordinates":[[[-104.905638059475,39.6784410357139],[-104.905495449002,39.678394673414],[-104.905357361488,39.6783387249174],[-104.905226455048,39.6782738902591],[-104.905103614895,39.6782005172778],[-104.904989726883,39.6781189532657],[-104.90488566986,39.6780302325051],[-104.90483809266,39.6779846933473],[-104.903538377356,39.6767612323129],[-104.903546519068,39.6748621803547],[-104.903544997913,39.6733687030901],[-104.903543842508,39.6712050199141],[-104.903540713975,39.6676253049124],[-104.905891981382,39.6676442135202],[-104.907402965566,39.667641202003],[-104.908589948931,39.6676392862811],[-104.909762998751,39.6676369476322],[-104.910931969207,39.6676352614016],[-104.912874165475,39.6676319373459],[-104.914636447607,39.6675920085853],[-104.915615442254,39.6675965843415],[-104.915852236224,39.6675908509059],[-104.916285941698,39.6675858897543],[-104.916378028561,39.6675848362351],[-104.917143507197,39.667584353928],[-104.917544081728,39.6675840996324],[-104.917558791988,39.6729832435836],[-104.919218421984,39.6738802598989],[-104.919234339895,39.6738885745984],[-104.91929805474,39.6739166858995],[-104.919365355912,39.6739406969492],[-104.919434473783,39.6739599126804],[-104.919505407106,39.6739743327328],[-104.91957815355,39.6739843006288],[-104.919651834026,39.6739887824678],[-104.919725551124,39.6739888034264],[-104.919817949544,39.673985141141],[-104.919920069932,39.6739873608653],[-104.920020353997,39.6739967782444],[-104.920119693361,39.6740130538426],[-104.920217205549,39.6740354974398],[-104.920311108706,39.6740647867262],[-104.920401408326,39.6741002353151],[-104.920487219288,39.6741414953644],[-104.920568541475,39.6741885669332],[-104.920644492581,39.6742407596117],[-104.921049510803,39.6745619013633],[-104.921047252452,39.6748357381323],[-104.922250738521,39.6748337659493],[-104.92225402096,39.6756220386799],[-104.922298250208,39.6756438755224],[-104.922353143154,39.6756650785747],[-104.922411625082,39.6756818379716],[-104.922468373068,39.6756934412374],[-104.922529601546,39.675700262237],[-104.922665405699,39.6757108810676],[-104.922732879508,39.6757143008755],[-104.922772857184,39.6757131245302],[-104.922794172665,39.6757132291871],[-104.922817292612,39.6757099110943],[-104.922866194317,39.6757036309472],[-104.922912456764,39.6756942493545],[-104.922950742994,39.6756827692785],[-104.922999712098,39.6756682537552],[-104.923061180323,39.675645906484],[-104.923095036897,39.6756330319801],[-104.923145835765,39.6756120049489],[-104.923230545016,39.6755715835921],[-104.923300116338,39.6755358923136],[-104.923351856496,39.6755083493846],[-104.923414302979,39.6754750252389],[-104.923423004681,39.6765783523607],[-104.92446305199,39.6765813896047],[-104.924464342637,39.6762073432668],[-104.924758778746,39.6761528477025],[-104.924753584098,39.6763532322253],[-104.925282945689,39.676353076018],[-104.925286870761,39.6767415609073],[-104.92574432806,39.6767369329051],[-104.925746474053,39.6765832043479],[-104.925781112122,39.6765833735371],[-104.925773970797,39.6758276834828],[-104.925724234799,39.6758274405391],[-104.925725153897,39.6752807788446],[-104.927581505968,39.6752726739239],[-104.927575371154,39.6748268691313],[-104.92925669288,39.6748247488387],[-104.930066712852,39.6748235309816],[-104.926291912135,39.6693995857136],[-104.925469467895,39.6694072365232],[-104.925399268729,39.6694120410475],[-104.92531844925,39.6694123324892],[-104.925237674788,39.6694071329139],[-104.925157830203,39.6693967906381],[-104.925079806956,39.6693809664356],[-104.925003602057,39.6693600036822],[-104.924930103179,39.6693339065233],[-104.925085781612,39.6689767431885],[-104.924959117738,39.6688275315651],[-104.924905705605,39.6686261734828],[-104.924711938716,39.6684292761415],[-104.922918925711,39.6678844579156],[-104.922668824149,39.6678434223927],[-104.922664108921,39.6676608336218],[-104.921352359021,39.6676677671255],[-104.921432469803,39.6677532672637],[-104.920701710129,39.6681679909782],[-104.920572257265,39.6680352329412],[-104.921007766843,39.667777600086],[-104.920804373508,39.6675841568664],[-104.920801937293,39.667581839921],[-104.921310603367,39.6675821332492],[-104.921402796549,39.6675822230165],[-104.92190189884,39.6675819331601],[-104.922226648299,39.6675800986607],[-104.922639021748,39.667579722287],[-104.923708283779,39.6675777629658],[-104.923880123878,39.6675339275666],[-104.92505234397,39.6675020442175],[-104.925237511713,39.6674974631939],[-104.925664275139,39.6674875208359],[-104.925871050944,39.6677831614305],[-104.926253293817,39.6683323923072],[-104.927342251216,39.6698998624888],[-104.927679399246,39.6703538637866],[-104.928575376791,39.6716515625258],[-104.930273333137,39.6740992771303],[-104.930448428961,39.6743464677862],[-104.930648793071,39.6746092066182],[-104.930759858245,39.6747802607997],[-104.931026157022,39.6751043795015],[-104.932518150456,39.6768301622549],[-104.933106759459,39.6774853311035],[-104.933780759929,39.6782231132606],[-104.933875392685,39.6783306090964],[-104.93397658043,39.6784455506214],[-104.933976164218,39.6784457692939],[-104.933886758271,39.6784451641108],[-104.933699350184,39.6784536093446],[-104.933285388677,39.678460193597],[-104.933029576536,39.6784610193688],[-104.931616468857,39.6784634615877],[-104.930886286209,39.6784643908579],[-104.925437846284,39.678470057913],[-104.925196439787,39.6784638190361],[-104.923899115086,39.6784708536511],[-104.923424245658,39.6784749176688],[-104.922266095611,39.678471761928],[-104.920980053366,39.678460287368],[-104.918791549935,39.6784563316011],[-104.915961552478,39.6784633891079],[-104.912811617249,39.6784622844593],[-104.908201322137,39.6784563472794],[-104.906578083262,39.6784571141839],[-104.906413769911,39.6784527926572],[-104.906294281789,39.6784464162296],[-104.906252828677,39.6784429190684],[-104.906115588816,39.6784801677762],[-104.905786082946,39.6784774733651],[-104.905638059475,39.6784410357139]]]},"properties":{"OBJECTID":274,"NBHD_NAME":"Goldsmith","NBHD_ID":30,"DIST_NUM":4,"Nmbr_Age25Plus_NoDiplomaOrGED":208,"Pct_Age25Plus_NoDiplomaOrGED":5.03753936,"Nmbr_Age25Plus_NoCollDegree":2106,"Pct_Age25Plus_NoCollDegree":51.00508598,"Nmbr_Age25Plus_LessThanBA":2532,"Pct_Age25Plus_LessThanBA":61.32235408,"Nmbr_PopulationUnder18":1288,"Pct_PopulationUnder18":21.75308225,"Nmbr_PopulationOver70":595,"Pct_PopulationOver70":10.04897821,"Nmbr_Age25Plus":4129,"Pct_Age25Plus":69.73484209,"Nmbr_OccupiedUnitsWithRenters":1829,"Pct_OccupiedUnitsWithRenters":69.57017878,"Nmbr_OccupiedUnitsWithOwners":800,"Pct_OccupiedUnitsWithOwners":30.42982122,"Nmbr_OccupiedUnits":2629,"Nmbr_HouseholdsCostBurdened":1148,"Pct_HouseholdsCostBurdened":43.66679346,"Nmbr_PerCapitaIncome":69821,"Nmbr_PopulationPovDetermined":5596,"Nmbr_PopulationInPoverty":922,"Pct_PopulationInPoverty":16.47605432,"Nmbr_HouseholdsNoVehAccess":348,"Pct_HouseholdsNoVehAccess":13.23697223,"Nmbr_Households":2629,"Nmbr_PopulationWithDisability":777,"Pct_PopulationWithDisability":13.83793411,"Nmbr_PopCivilianNonInstitution":5615,"Nmbr_Population":5921,"Nmbr_Under18SingleParentFam":337,"Pct_Under18InSingleParentFam":26.16459627,"Nmbr_PopUnder18InHouseholds":1288,"Nmbr_PopulationDensity":7655.78507503,"Nmbr_PopNonHispanicWhite":4290,"Pct_PopNonHispanicWhite":72.45397737,"Nmbr_PopulationMinority":1631,"Pct_PopulationMinority":27.54602263,"Pct_PopOver16Unemployed":7.17269998,"GlobalID":"9385fe14-ebf6-45d9-86bc-f3593fed6254"}},{"type":"Feature","id":275,"geometry":{"type":"Polygon","coordinates":[[[-104.940696653426,39.6954045047206],[-104.940695895778,39.6947624271796],[-104.940632850525,39.694762471493],[-104.940632920786,39.6947564275323],[-104.940629953095,39.6929418291689],[-104.940647994091,39.6911297804946],[-104.940628959292,39.6893214025379],[-104.94065139814,39.6874931697676],[-104.940692957716,39.6856869549725],[-104.940708408604,39.6848925618426],[-104.940688958264,39.6844420394712],[-104.940688110818,39.683433814466],[-104.940687394974,39.683128279689],[-104.940686780164,39.6830432110722],[-104.940687294851,39.6829623157238],[-104.940985474307,39.6830476784628],[-104.941246713746,39.6831224651759],[-104.941939084532,39.6832922077146],[-104.94306037088,39.6835738851246],[-104.943765815453,39.6837389623171],[-104.944899840483,39.6840312633774],[-104.946176917607,39.6843038922491],[-104.946870290103,39.6844242029829],[-104.947858112789,39.6845588980257],[-104.948619148779,39.6846372491073],[-104.949599123284,39.6847003641811],[-104.950078693083,39.6847188650759],[-104.950328388413,39.6847228494494],[-104.950602946306,39.684727229918],[-104.95123154872,39.6847372565504],[-104.953747934045,39.6847392209003],[-104.955493954147,39.6847298608998],[-104.95856369428,39.6847261782749],[-104.959447130438,39.684728733927],[-104.959447441017,39.6848656318113],[-104.959446801726,39.685022074594],[-104.959446304838,39.6851436966793],[-104.959444208413,39.6863686739021],[-104.959394675788,39.6875066709161],[-104.959352683553,39.6893052049588],[-104.959344193039,39.6911481523059],[-104.959343141282,39.6929629305504],[-104.959337181333,39.6947744702023],[-104.959321475005,39.696582531861],[-104.958103414793,39.6965834462993],[-104.956963531004,39.6965847074899],[-104.955822811151,39.696579434403],[-104.954669616717,39.6965788965546],[-104.953516392645,39.6965821224166],[-104.952355164648,39.6965863287922],[-104.951193147667,39.6965778232236],[-104.950018617407,39.6965788562068],[-104.948844138382,39.6965733575336],[-104.947686512948,39.696571358061],[-104.946528862705,39.6965724352671],[-104.945371212686,39.6965735012792],[-104.944188711419,39.6965713496479],[-104.943026619165,39.6965723717848],[-104.941881458359,39.6965669424263],[-104.941316393864,39.6965687206966],[-104.94069803089,39.6965695558555],[-104.940696653426,39.6954045047206]]]},"properties":{"OBJECTID":275,"NBHD_NAME":"Cory - Merrill","NBHD_ID":21,"DIST_NUM":6,"Nmbr_Age25Plus_NoDiplomaOrGED":21,"Pct_Age25Plus_NoDiplomaOrGED":0.69306931,"Nmbr_Age25Plus_NoCollDegree":531,"Pct_Age25Plus_NoCollDegree":17.52475248,"Nmbr_Age25Plus_LessThanBA":660,"Pct_Age25Plus_LessThanBA":21.78217822,"Nmbr_PopulationUnder18":961,"Pct_PopulationUnder18":22.7995255,"Nmbr_PopulationOver70":423,"Pct_PopulationOver70":10.03558719,"Nmbr_Age25Plus":3030,"Pct_Age25Plus":71.886121,"Nmbr_OccupiedUnitsWithRenters":301,"Pct_OccupiedUnitsWithRenters":17.66431925,"Nmbr_OccupiedUnitsWithOwners":1403,"Pct_OccupiedUnitsWithOwners":82.33568075,"Nmbr_OccupiedUnits":1704,"Nmbr_HouseholdsCostBurdened":342,"Pct_HouseholdsCostBurdened":20.07042254,"Nmbr_PerCapitaIncome":82192,"Nmbr_PopulationPovDetermined":4136,"Nmbr_PopulationInPoverty":214,"Pct_PopulationInPoverty":5.17408124,"Nmbr_HouseholdsNoVehAccess":13,"Pct_HouseholdsNoVehAccess":0.7629108,"Nmbr_Households":1704,"Nmbr_PopulationWithDisability":182,"Pct_PopulationWithDisability":4.35615127,"Nmbr_PopCivilianNonInstitution":4178,"Nmbr_Population":4215,"Nmbr_Under18SingleParentFam":105,"Pct_Under18InSingleParentFam":11.01783841,"Nmbr_PopUnder18InHouseholds":953,"Nmbr_PopulationDensity":5023.76481176,"Nmbr_PopNonHispanicWhite":3572,"Pct_PopNonHispanicWhite":84.74495848,"Nmbr_PopulationMinority":643,"Pct_PopulationMinority":15.25504152,"Pct_PopOver16Unemployed":4.5,"GlobalID":"bbc113ed-aa43-49d5-b6af-b4fe343e9b56"}},{"type":"Feature","id":276,"geometry":{"type":"Polygon","coordinates":[[[-104.870665226809,39.710033245596],[-104.870665482095,39.7099350471065],[-104.865974146644,39.7110525916798],[-104.865969433782,39.7039037451304],[-104.86701558551,39.7035706754748],[-104.86823915017,39.7032690915132],[-104.868274766966,39.7032607038924],[-104.868344261117,39.7032398007713],[-104.868411129445,39.7032144224717],[-104.868475369177,39.7031849121167],[-104.868535206844,39.7031509168541],[-104.868591524347,39.703113127692],[-104.868643433405,39.703071540118],[-104.868690042201,39.7030264927348],[-104.868731341746,39.7029790140977],[-104.868767338015,39.7029284187803],[-104.86879802189,39.7028757359381],[-104.868821613491,39.7028212991061],[-104.869336384127,39.7015011562297],[-104.869389673592,39.7014046686575],[-104.869459896132,39.701302438574],[-104.869540733435,39.7012054129576],[-104.869633068144,39.7011142827353],[-104.86973512079,39.7010293813775],[-104.8698459893,39.7009520766614],[-104.86996567465,39.7008823689189],[-104.870092393362,39.7008209345375],[-104.870225251573,39.7007684553771],[-104.87036424783,39.7007249310581],[-104.870507600434,39.7006910389421],[-104.870653532308,39.7006667688007],[-104.87065020048,39.6983634193127],[-104.86820511316,39.698365064784],[-104.868208322432,39.7001797452935],[-104.867150136674,39.7001785172171],[-104.867146732084,39.6992752848916],[-104.865965024104,39.6992781856783],[-104.865962934428,39.6965592657909],[-104.867132138136,39.6965587007192],[-104.870647733451,39.6965580072372],[-104.875310321391,39.6965564438694],[-104.875317560714,39.6984380632542],[-104.877722582244,39.6984460098794],[-104.877732210039,39.6965586461621],[-104.884648723814,39.696564156783],[-104.894095324545,39.6965936479198],[-104.894093408243,39.6958894613419],[-104.894766822733,39.6958918996854],[-104.894768745469,39.6965960860492],[-104.896819217045,39.6966035331526],[-104.896828118888,39.69660151991],[-104.896869962545,39.6965914395641],[-104.89691094094,39.6965786091455],[-104.896950166846,39.6965630246574],[-104.896987636338,39.6965450290142],[-104.897022464039,39.6965242743937],[-104.897055532373,39.6965014519911],[-104.897331968252,39.696279467885],[-104.897901463383,39.6960720243911],[-104.899158434128,39.6953656976421],[-104.899566945715,39.6958005165985],[-104.899641923427,39.6957597194597],[-104.900379674325,39.6965507057428],[-104.899749040782,39.6971548922971],[-104.899836879471,39.6971867679597],[-104.90350892918,39.6985192326789],[-104.903544625034,39.6985359762641],[-104.903530918115,39.6997102187106],[-104.903526208275,39.7001342659686],[-104.903524086047,39.7003253776381],[-104.903502017867,39.7038825035251],[-104.903510710557,39.7075081045448],[-104.903511193238,39.7080784462393],[-104.903510897027,39.7085314218135],[-104.903510721998,39.7085520108985],[-104.903511219426,39.7096432752768],[-104.903511730977,39.7108374892309],[-104.903511057634,39.711125743474],[-104.903494676757,39.7112824179375],[-104.90335952665,39.7112112249235],[-104.901709273093,39.7112084419509],[-104.892909879488,39.7111932127983],[-104.892559010494,39.7111552725503],[-104.892370799434,39.7111203145009],[-104.892126426292,39.711036536166],[-104.891860353388,39.710918668241],[-104.891585285899,39.7107510007544],[-104.890994623489,39.7103790499076],[-104.889847145974,39.7096709196463],[-104.889291239907,39.7093278501809],[-104.888675816307,39.708944359558],[-104.887559676487,39.7082488360902],[-104.887309856569,39.7080931573525],[-104.886815797894,39.7077904136295],[-104.886509807622,39.7075963191689],[-104.886240996744,39.7074347388625],[-104.886009615219,39.7073049038998],[-104.885821839851,39.7072189802648],[-104.885555621743,39.7071205125986],[-104.885371801697,39.7070641304424],[-104.885150720361,39.707007162654],[-104.884938952624,39.7069664102825],[-104.884730905788,39.7069366011758],[-104.884425859774,39.7069152356254],[-104.884109519934,39.7069119822192],[-104.883809539056,39.706929576579],[-104.883613266441,39.7069563865937],[-104.883130191439,39.707056979476],[-104.878979574507,39.7080434205942],[-104.875373456781,39.7088980366835],[-104.870665226809,39.710033245596]]]},"properties":{"OBJECTID":276,"NBHD_NAME":"Windsor","NBHD_ID":78,"DIST_NUM":5,"Nmbr_Age25Plus_NoDiplomaOrGED":849,"Pct_Age25Plus_NoDiplomaOrGED":7.41096369,"Nmbr_Age25Plus_NoCollDegree":5358,"Pct_Age25Plus_NoCollDegree":46.7702514,"Nmbr_Age25Plus_LessThanBA":6566,"Pct_Age25Plus_LessThanBA":57.31494413,"Nmbr_PopulationUnder18":1954,"Pct_PopulationUnder18":13.49447514,"Nmbr_PopulationOver70":3084,"Pct_PopulationOver70":21.29834254,"Nmbr_Age25Plus":11456,"Pct_Age25Plus":79.1160221,"Nmbr_OccupiedUnitsWithRenters":4470,"Pct_OccupiedUnitsWithRenters":54.31348724,"Nmbr_OccupiedUnitsWithOwners":3760,"Pct_OccupiedUnitsWithOwners":45.68651276,"Nmbr_OccupiedUnits":8230,"Nmbr_HouseholdsCostBurdened":4091,"Pct_HouseholdsCostBurdened":49.70838396,"Nmbr_PerCapitaIncome":146023,"Nmbr_PopulationPovDetermined":14448,"Nmbr_PopulationInPoverty":2406,"Pct_PopulationInPoverty":16.65282392,"Nmbr_HouseholdsNoVehAccess":868,"Pct_HouseholdsNoVehAccess":10.54678007,"Nmbr_Households":8230,"Nmbr_PopulationWithDisability":2516,"Pct_PopulationWithDisability":17.48922564,"Nmbr_PopCivilianNonInstitution":14386,"Nmbr_Population":14480,"Nmbr_Under18SingleParentFam":816,"Pct_Under18InSingleParentFam":41.7604913,"Nmbr_PopUnder18InHouseholds":1954,"Nmbr_PopulationDensity":8471.34131185,"Nmbr_PopNonHispanicWhite":7256,"Pct_PopNonHispanicWhite":50.11049724,"Nmbr_PopulationMinority":7224,"Pct_PopulationMinority":49.88950276,"Pct_PopOver16Unemployed":6.11858103,"GlobalID":"a9ffe57c-afe8-4aec-b709-f804bf60b8b7"}},{"type":"Feature","id":277,"geometry":{"type":"Polygon","coordinates":[[[-104.940704692328,39.7115637933913],[-104.940686363142,39.7110760707139],[-104.94069094063,39.703813379736],[-104.940696788438,39.6977287605985],[-104.940027752574,39.6977320969314],[-104.940026197307,39.6979270070673],[-104.938562856513,39.6979327269984],[-104.938564151563,39.696660278125],[-104.939553005414,39.696658474587],[-104.93955372066,39.6965689122814],[-104.940611841059,39.696571204845],[-104.94069803089,39.6965695558555],[-104.941316393864,39.6965687206966],[-104.941881458359,39.6965669424263],[-104.943026619165,39.6965723717848],[-104.944188711419,39.6965713496479],[-104.945371212686,39.6965735012792],[-104.946528862705,39.6965724352671],[-104.947686512948,39.696571358061],[-104.948844138382,39.6965733575336],[-104.950018617407,39.6965788562068],[-104.951193147667,39.6965778232236],[-104.952355164648,39.6965863287922],[-104.953516392645,39.6965821224166],[-104.954669616717,39.6965788965546],[-104.955822811151,39.696579434403],[-104.956963531004,39.6965847074899],[-104.958103414793,39.6965834462993],[-104.959321475005,39.696582531861],[-104.959328816888,39.6983972185376],[-104.959328067571,39.7002242208383],[-104.959333683836,39.7020323770836],[-104.959359555683,39.7038639604058],[-104.959328782475,39.7056667996573],[-104.959323140734,39.707321506798],[-104.959328059781,39.7074903656416],[-104.959327434822,39.7093012337026],[-104.959308641053,39.7109328862474],[-104.959261006209,39.7111179752914],[-104.959314248854,39.7111876199906],[-104.959314842285,39.7117262100668],[-104.959307664419,39.7129706198083],[-104.959301765566,39.71399333787],[-104.9593007255,39.7141736022136],[-104.959302567156,39.7145133061003],[-104.959306901283,39.7153129482673],[-104.959308766433,39.7156570653317],[-104.958971589301,39.7156920278837],[-104.958903987108,39.7156999524005],[-104.95880791721,39.7157118651714],[-104.958655767137,39.7157358723622],[-104.958478755579,39.7157570202712],[-104.958351553449,39.7157725628699],[-104.958114155785,39.7157879418821],[-104.95790156552,39.7158130422243],[-104.957798396822,39.7158235480848],[-104.957660531111,39.715839040935],[-104.957551120141,39.7158522630372],[-104.95740882945,39.7158653333292],[-104.957210616624,39.7158699097528],[-104.957072875238,39.715869274086],[-104.956793826522,39.7158693581699],[-104.956687166548,39.7158716108165],[-104.956613429616,39.7158685249789],[-104.956482078567,39.7158459559281],[-104.956365810874,39.7158265445569],[-104.956284140171,39.7158151857781],[-104.9561003586,39.7157923740929],[-104.955991160595,39.7157781427883],[-104.955905956501,39.7157640217146],[-104.955807451672,39.7157460648198],[-104.955725780307,39.7157347057997],[-104.955598703011,39.7157341177474],[-104.955495619113,39.7157336406241],[-104.9554387882,39.715727886915],[-104.955343829825,39.7157109756893],[-104.955265777837,39.7156913972395],[-104.955089167814,39.7156607240408],[-104.954951639606,39.7156326337298],[-104.954792763306,39.7156071900035],[-104.954721767052,39.7155945067409],[-104.954630404027,39.7155724643042],[-104.95450635559,39.715525218737],[-104.954365356276,39.7154864741128],[-104.954245580684,39.7154612105565],[-104.954107036931,39.7154495869826],[-104.95403332114,39.7154437541823],[-104.953944560651,39.7154299585566],[-104.953846005779,39.7154185199004],[-104.953778575613,39.7154044802542],[-104.95369703349,39.7153766484302],[-104.953630585294,39.7153506026592],[-104.953503089996,39.7152896138659],[-104.953351684906,39.7152178758905],[-104.953196811005,39.71513514018],[-104.953063157619,39.7150662293835],[-104.952903777306,39.7149917084486],[-104.952812587245,39.7149477029184],[-104.952702927629,39.7148789032663],[-104.952657853198,39.71484712257],[-104.952594125306,39.7148142255603],[-104.952502070629,39.7147671271394],[-104.952421415694,39.7147396421299],[-104.952220187594,39.714675563071],[-104.952117359843,39.7146424837104],[-104.952033131961,39.7146173838509],[-104.951933794465,39.7145925565109],[-104.951860102241,39.714583977261],[-104.951732373966,39.7145531833843],[-104.951683606254,39.714539229712],[-104.951609258324,39.7145007922248],[-104.951534977537,39.7144537760991],[-104.951500554109,39.7144237599618],[-104.951429903071,39.7143671519977],[-104.951296722849,39.7142381881338],[-104.951194347051,39.7141474587395],[-104.951117678105,39.7140650851352],[-104.951015428791,39.7139582277472],[-104.950928053443,39.7138812947272],[-104.950878845741,39.7138100302575],[-104.950776428195,39.7137247907691],[-104.950717274389,39.7136754426757],[-104.950660702946,39.7136367439978],[-104.95063237484,39.7136228853361],[-104.950509282894,39.7135677476139],[-104.950452668647,39.7135345393188],[-104.950403161391,39.7135017077342],[-104.950326248658,39.7134505601066],[-104.950205801816,39.7133981798647],[-104.950121702582,39.7133569499887],[-104.950061663635,39.7133072540866],[-104.950030143714,39.7132470532572],[-104.950034190814,39.7131842735256],[-104.950020122841,39.7131649904989],[-104.950014262622,39.7131640091391],[-104.949952674342,39.7131536941929],[-104.949896796197,39.7131400492452],[-104.949787207171,39.7130630116563],[-104.949646646153,39.7129693565918],[-104.949590075865,39.7129306579914],[-104.949467072633,39.7128645384478],[-104.949385661742,39.7128205755727],[-104.949315870303,39.7127680881793],[-104.949252339806,39.7127104825013],[-104.949203027651,39.7126529436186],[-104.949147818192,39.7125541971402],[-104.949130452419,39.7125022984647],[-104.94909559536,39.7124146283945],[-104.949064055047,39.7123571726801],[-104.949039518942,39.7123131329527],[-104.948997272587,39.7122611175069],[-104.948903091835,39.7121460598995],[-104.948853653154,39.7121046486961],[-104.948800614092,39.7120690544184],[-104.948723694091,39.7120192784925],[-104.948642305699,39.7119725699441],[-104.948599933614,39.7119366824434],[-104.948551618486,39.7118654211172],[-104.948509480909,39.711799679623],[-104.948456506991,39.7117558496062],[-104.948365153699,39.7117334587039],[-104.948255096325,39.7117164706848],[-104.948201953129,39.711694259084],[-104.948117867843,39.7116516555797],[-104.948032883348,39.7116104200152],[-104.947973649559,39.711571708311],[-104.947892457187,39.7115002921967],[-104.946182772544,39.711494656612],[-104.945579403187,39.7114931873867],[-104.944974253725,39.711492049245],[-104.944383324024,39.7114906319798],[-104.943768402942,39.7114890982445],[-104.943164098549,39.7114934456786],[-104.942559793305,39.7114977895527],[-104.942185108086,39.7114695815],[-104.941349415171,39.7114431703318],[-104.940908704355,39.711463521374],[-104.940704692328,39.7115637933913]]]},"properties":{"OBJECTID":277,"NBHD_NAME":"Belcaro","NBHD_ID":7,"DIST_NUM":10,"Nmbr_Age25Plus_NoDiplomaOrGED":24,"Pct_Age25Plus_NoDiplomaOrGED":0.60836502,"Nmbr_Age25Plus_NoCollDegree":753,"Pct_Age25Plus_NoCollDegree":19.08745247,"Nmbr_Age25Plus_LessThanBA":775,"Pct_Age25Plus_LessThanBA":19.64512041,"Nmbr_PopulationUnder18":683,"Pct_PopulationUnder18":14.02752105,"Nmbr_PopulationOver70":1289,"Pct_PopulationOver70":26.47360854,"Nmbr_Age25Plus":3945,"Pct_Age25Plus":81.02279729,"Nmbr_OccupiedUnitsWithRenters":716,"Pct_OccupiedUnitsWithRenters":28.95268904,"Nmbr_OccupiedUnitsWithOwners":1757,"Pct_OccupiedUnitsWithOwners":71.04731096,"Nmbr_OccupiedUnits":2473,"Nmbr_HouseholdsCostBurdened":686,"Pct_HouseholdsCostBurdened":27.73958755,"Nmbr_PerCapitaIncome":96155,"Nmbr_PopulationPovDetermined":4869,"Nmbr_PopulationInPoverty":363,"Pct_PopulationInPoverty":7.45532964,"Nmbr_HouseholdsNoVehAccess":181,"Pct_HouseholdsNoVehAccess":7.31904569,"Nmbr_Households":2473,"Nmbr_PopulationWithDisability":718,"Pct_PopulationWithDisability":14.74635449,"Nmbr_PopCivilianNonInstitution":4869,"Nmbr_Population":4869,"Nmbr_Under18SingleParentFam":59,"Pct_Under18InSingleParentFam":8.63836018,"Nmbr_PopUnder18InHouseholds":683,"Nmbr_PopulationDensity":4179.32968153,"Nmbr_PopNonHispanicWhite":4019,"Pct_PopNonHispanicWhite":82.54261655,"Nmbr_PopulationMinority":850,"Pct_PopulationMinority":17.45738345,"Pct_PopOver16Unemployed":3,"GlobalID":"047c702c-24b0-451a-852a-f53f686879b7"}},{"type":"Feature","id":278,"geometry":{"type":"Polygon","coordinates":[[[-104.959308766433,39.7156570653317],[-104.959306901283,39.7153129482673],[-104.959302567156,39.7145133061003],[-104.9593007255,39.7141736022136],[-104.959301765566,39.71399333787],[-104.959307664419,39.7129706198083],[-104.959314842285,39.7117262100668],[-104.959314248854,39.7111876199906],[-104.959261006209,39.7111179752914],[-104.959308641053,39.7109328862474],[-104.959327434822,39.7093012337026],[-104.959328059781,39.7074903656416],[-104.959323140734,39.707321506798],[-104.959328782475,39.7056667996573],[-104.959359555683,39.7038639604058],[-104.959333683836,39.7020323770836],[-104.959328067571,39.7002242208383],[-104.959328816888,39.6983972185376],[-104.959321475005,39.696582531861],[-104.959337181333,39.6947744702023],[-104.959343141282,39.6929629305504],[-104.959344193039,39.6911481523059],[-104.959352683553,39.6893052049588],[-104.959394675788,39.6875066709161],[-104.959444208413,39.6863686739021],[-104.959446304838,39.6851436966793],[-104.959446801726,39.685022074594],[-104.959447441017,39.6848656318113],[-104.959447130438,39.684728733927],[-104.960048385118,39.6847304693683],[-104.961170170695,39.6847319701654],[-104.961744320763,39.6847679800114],[-104.962156822658,39.6848094285916],[-104.96261822608,39.6848765687956],[-104.963168226652,39.6849982567411],[-104.963701519728,39.6851465716763],[-104.964237657169,39.6853418758345],[-104.964645964321,39.6855143427373],[-104.965299643467,39.6858239153803],[-104.968191387925,39.687253809028],[-104.968607838646,39.687458900541],[-104.968842021691,39.6875742283513],[-104.969913350297,39.6881018146877],[-104.973282403106,39.689754416259],[-104.973424217202,39.689823973085],[-104.973417745598,39.6900020428467],[-104.973426401899,39.6904720044737],[-104.97342685219,39.6907469386071],[-104.973426292153,39.6911335639374],[-104.973413938236,39.6929715983997],[-104.973412615744,39.6947470604149],[-104.973388017133,39.6966044981944],[-104.973381101023,39.6983549467132],[-104.973400960816,39.6984315614016],[-104.973389440163,39.7002036075979],[-104.973383525457,39.7020573507087],[-104.973378867255,39.7038620258944],[-104.973373268797,39.7056735590254],[-104.973373845925,39.7074909520046],[-104.973376292905,39.7092959988354],[-104.97339289853,39.7111090002799],[-104.973394067722,39.7115451648229],[-104.9733971053,39.7129164545034],[-104.973392387749,39.7147290149441],[-104.973145332862,39.7147296254585],[-104.973145981276,39.7165367174963],[-104.973150950422,39.7180051281699],[-104.973232162978,39.7181966328986],[-104.973247941422,39.7184035580954],[-104.97313747985,39.7183787706086],[-104.973021268118,39.7183507969778],[-104.972953943696,39.718335682342],[-104.972873101852,39.718317532809],[-104.972763111261,39.7182895869993],[-104.972703672236,39.7182755942622],[-104.972106634419,39.7181335928681],[-104.971852003081,39.7180765145499],[-104.971773902256,39.7180624375525],[-104.971682533314,39.718040064811],[-104.971551274094,39.7180041296149],[-104.971413673173,39.7179842944018],[-104.971325858582,39.717961937353],[-104.971208881093,39.7179178303044],[-104.971110423911,39.7178926798676],[-104.970982740935,39.7178540148773],[-104.97089516493,39.7178000878812],[-104.970795961531,39.7177560601606],[-104.970750783803,39.7177366395161],[-104.970683368477,39.7177198646306],[-104.970587533462,39.7177005593],[-104.970485625505,39.7176616664323],[-104.970334052661,39.7176091667175],[-104.970245454322,39.7175730791533],[-104.970136476154,39.7175290064479],[-104.970090472102,39.717501346572],[-104.9700197799,39.7174478378968],[-104.969939280691,39.7173984030403],[-104.96986500556,39.7173486530481],[-104.969790769432,39.7172937560434],[-104.969721038946,39.7172306428433],[-104.96962934082,39.7171344874334],[-104.969538510583,39.7170410810463],[-104.969429140366,39.71693146258],[-104.969355938758,39.716857352604],[-104.969278335921,39.7167777317999],[-104.969214806104,39.7167173922976],[-104.969145058014,39.7166566807147],[-104.969077881198,39.7166086781875],[-104.968990191143,39.7165701913481],[-104.968905294858,39.7165149023102],[-104.968841724361,39.7164600526355],[-104.96879319823,39.7164135065722],[-104.968733327934,39.7163394565916],[-104.968714241258,39.7163189960179],[-104.968620491338,39.7162184970028],[-104.968490882495,39.7160827054935],[-104.968459242041,39.7160362359809],[-104.968400221796,39.715967337153],[-104.968343885851,39.7158960477161],[-104.96826981864,39.7158191876266],[-104.968196682102,39.7157368412715],[-104.968119018795,39.7156654559495],[-104.968037801635,39.7155940540505],[-104.967971649503,39.7155282107053],[-104.96790096064,39.7154747013197],[-104.967756982954,39.715359090456],[-104.967567084912,39.7152051808703],[-104.967398035371,39.7151145068846],[-104.967291897978,39.7150481393611],[-104.967161949928,39.7149576422506],[-104.96701423233,39.7148667215998],[-104.966883211155,39.7148005840751],[-104.9667885019,39.7147507394083],[-104.966675253856,39.7146846820108],[-104.966548854124,39.7145952300328],[-104.96645073391,39.7145264955786],[-104.966365860695,39.7144688024422],[-104.966309319133,39.7144249643832],[-104.966242984891,39.71438348412],[-104.966150940157,39.7143339940478],[-104.96605619027,39.7142896390707],[-104.965960486066,39.7142538589307],[-104.965875323546,39.714234255234],[-104.965833578832,39.7142313202331],[-104.965762550616,39.7142227619961],[-104.965684392843,39.7142169165195],[-104.965649756816,39.7142140137436],[-104.965596459594,39.7142110264291],[-104.965543204463,39.7142025483523],[-104.965507708587,39.7141958671502],[-104.965451850376,39.7141791415373],[-104.965380926851,39.714156856949],[-104.965313536653,39.7141373334168],[-104.965250485922,39.7141315563203],[-104.96517579879,39.7141367072386],[-104.965108137111,39.7141528713638],[-104.965002201163,39.7141770972944],[-104.964906042536,39.7142010242266],[-104.964839269349,39.7142171922392],[-104.964743087566,39.7142442077534],[-104.964661973182,39.7142764388103],[-104.964601378221,39.7142981256849],[-104.964515775838,39.7143361700716],[-104.964384614481,39.7144052347737],[-104.964281962761,39.714464820638],[-104.964192661128,39.714521722035],[-104.964121255661,39.714562576391],[-104.964068576877,39.7145949366282],[-104.964043590188,39.7146085491271],[-104.963979524223,39.7146192385597],[-104.963936806772,39.7146272799609],[-104.963891423254,39.7146353088444],[-104.963827233989,39.7146621262358],[-104.963777259942,39.7146893509219],[-104.963709453403,39.7147243876758],[-104.963585722212,39.7147512766382],[-104.96346554594,39.7147781814347],[-104.963376442718,39.714809002596],[-104.963319317397,39.714841685944],[-104.963198639403,39.7149341318285],[-104.963119916228,39.7150020621885],[-104.963060085169,39.7150398797549],[-104.963024350305,39.7150644243296],[-104.962956666481,39.7150833325563],[-104.962864991341,39.7151017880145],[-104.96276527384,39.7151260401268],[-104.962634390247,39.7151583856491],[-104.96247156048,39.7151847516411],[-104.962290828635,39.7152278503364],[-104.962144777237,39.715268019116],[-104.962081525086,39.7152883193209],[-104.962006668342,39.7153154302662],[-104.961900648306,39.7153502909959],[-104.961751060079,39.7153880404472],[-104.961588082173,39.7154336215599],[-104.961457239672,39.7154604755355],[-104.961361141821,39.7154761643365],[-104.961255329064,39.7154839154783],[-104.961159323118,39.7154875937916],[-104.961049955858,39.7154953286168],[-104.960940567158,39.7155058082798],[-104.960848041857,39.7155191110256],[-104.960742229237,39.7155268618575],[-104.960617754922,39.7155345270745],[-104.960472801669,39.71554724573],[-104.960334933866,39.7155630848813],[-104.960206883531,39.7155734784461],[-104.960143684063,39.7155869151578],[-104.960093824116,39.7155990400923],[-104.960051063176,39.7156125701608],[-104.959990553058,39.7156229303654],[-104.959927395574,39.7156308765264],[-104.959831357656,39.7156386712169],[-104.959743381098,39.7156382671886],[-104.959690167353,39.7156242962314],[-104.959579932162,39.715629280717],[-104.959488316486,39.7156398408835],[-104.959399387837,39.7156476680892],[-104.959330342211,39.7156548278887],[-104.959308766433,39.7156570653317]]]},"properties":{"OBJECTID":278,"NBHD_NAME":"Washington Park","NBHD_ID":70,"DIST_NUM":6,"Nmbr_Age25Plus_NoDiplomaOrGED":105,"Pct_Age25Plus_NoDiplomaOrGED":1.86269292,"Nmbr_Age25Plus_NoCollDegree":781,"Pct_Age25Plus_NoCollDegree":13.85488735,"Nmbr_Age25Plus_LessThanBA":955,"Pct_Age25Plus_LessThanBA":16.94163562,"Nmbr_PopulationUnder18":1334,"Pct_PopulationUnder18":18.26896741,"Nmbr_PopulationOver70":847,"Pct_PopulationOver70":11.59956176,"Nmbr_Age25Plus":5637,"Pct_Age25Plus":77.19802794,"Nmbr_OccupiedUnitsWithRenters":477,"Pct_OccupiedUnitsWithRenters":15.01416431,"Nmbr_OccupiedUnitsWithOwners":2700,"Pct_OccupiedUnitsWithOwners":84.98583569,"Nmbr_OccupiedUnits":3177,"Nmbr_HouseholdsCostBurdened":690,"Pct_HouseholdsCostBurdened":21.71860246,"Nmbr_PerCapitaIncome":215089,"Nmbr_PopulationPovDetermined":7302,"Nmbr_PopulationInPoverty":313,"Pct_PopulationInPoverty":4.28649685,"Nmbr_HouseholdsNoVehAccess":41,"Pct_HouseholdsNoVehAccess":1.29052565,"Nmbr_Households":3177,"Nmbr_PopulationWithDisability":519,"Pct_PopulationWithDisability":7.11446196,"Nmbr_PopCivilianNonInstitution":7295,"Nmbr_Population":7302,"Nmbr_Under18SingleParentFam":76,"Pct_Under18InSingleParentFam":5.69715142,"Nmbr_PopUnder18InHouseholds":1334,"Nmbr_PopulationDensity":4834.15744205,"Nmbr_PopNonHispanicWhite":6509,"Pct_PopNonHispanicWhite":89.13996165,"Nmbr_PopulationMinority":793,"Pct_PopulationMinority":10.86003835,"Pct_PopOver16Unemployed":3.85902551,"GlobalID":"9eae2c46-a37e-4558-9b23-546bdc286a54"}},{"type":"Feature","id":279,"geometry":{"type":"Polygon","coordinates":[[[-104.973424217202,39.689823973085],[-104.973560070844,39.6898906112431],[-104.973605648544,39.6899129664839],[-104.974740664419,39.6904826362084],[-104.975176304595,39.6907242699102],[-104.975787636898,39.6911200864319],[-104.976160986263,39.6913949951416],[-104.976797709079,39.6919295250271],[-104.978139475282,39.6931401117973],[-104.979098519324,39.6940053582571],[-104.979107541344,39.6940134978314],[-104.979414176061,39.6942845191396],[-104.979884312559,39.6947000472744],[-104.980272819239,39.6950277408959],[-104.981050153057,39.6956411801129],[-104.981170409621,39.695742379916],[-104.982027445619,39.696489191259],[-104.982218069053,39.6966577485324],[-104.982769559986,39.6966595761057],[-104.983942651417,39.6966204137443],[-104.985070486918,39.6966253482029],[-104.986219401112,39.6966282116501],[-104.987430740281,39.6966343058692],[-104.987475490398,39.7002129076094],[-104.987477147944,39.7003454600562],[-104.987469590148,39.7010152820029],[-104.987475311938,39.701185627888],[-104.987494895213,39.7012672234999],[-104.987528987081,39.7014092719537],[-104.987540358745,39.7015305112843],[-104.987546274413,39.701727470265],[-104.98755751849,39.7019205540474],[-104.987561937499,39.7019964455056],[-104.987528056323,39.7021342479868],[-104.987487911308,39.702642984607],[-104.987488044435,39.7033547053726],[-104.987488644723,39.7038807766559],[-104.987557771209,39.705730382186],[-104.987622781722,39.70753570066],[-104.987601803919,39.7084614614041],[-104.987598080243,39.7093365090182],[-104.987581714757,39.7102389544269],[-104.987575003439,39.7111579131304],[-104.986963623135,39.711158679808],[-104.986369126332,39.7111595166337],[-104.98577909749,39.7111569386407],[-104.985194400941,39.711154381026],[-104.984612382315,39.7111501166903],[-104.98401436903,39.7111457790594],[-104.983432337853,39.7111432243774],[-104.982781885362,39.7111403659689],[-104.982135925431,39.7111306602941],[-104.98212792823,39.7111306250842],[-104.982104824749,39.7111305233615],[-104.981531723172,39.7111221649326],[-104.980969236369,39.7111203705188],[-104.980382755067,39.7111188105981],[-104.979798078866,39.7111134810071],[-104.979225843619,39.7111082035923],[-104.978662485998,39.7111039920308],[-104.978082245541,39.71109970301],[-104.977497518306,39.7111012250557],[-104.976907460167,39.7111027204873],[-104.976320958551,39.7111038852119],[-104.975736231763,39.7111053985043],[-104.975153284411,39.7111065736501],[-104.974560562499,39.7111077018915],[-104.973966954495,39.7111084803545],[-104.97339289853,39.7111090002799],[-104.973376292905,39.7092959988354],[-104.973373845925,39.7074909520046],[-104.973373268797,39.7056735590254],[-104.973378867255,39.7038620258944],[-104.973383525457,39.7020573507087],[-104.973389440163,39.7002036075979],[-104.973400960816,39.6984315614016],[-104.973381101023,39.6983549467132],[-104.973388017133,39.6966044981944],[-104.973412615744,39.6947470604149],[-104.973413938236,39.6929715983997],[-104.973426292153,39.6911335639374],[-104.97342685219,39.6907469386071],[-104.973426401899,39.6904720044737],[-104.973417745598,39.6900020428467],[-104.973424217202,39.689823973085]]]},"properties":{"OBJECTID":279,"NBHD_NAME":"Washington Park West","NBHD_ID":71,"DIST_NUM":7,"Nmbr_Age25Plus_NoDiplomaOrGED":91,"Pct_Age25Plus_NoDiplomaOrGED":1.52326749,"Nmbr_Age25Plus_NoCollDegree":1101,"Pct_Age25Plus_NoCollDegree":18.42986274,"Nmbr_Age25Plus_LessThanBA":1253,"Pct_Age25Plus_LessThanBA":20.97422163,"Nmbr_PopulationUnder18":909,"Pct_PopulationUnder18":12.31373611,"Nmbr_PopulationOver70":421,"Pct_PopulationOver70":5.7030615,"Nmbr_Age25Plus":5974,"Pct_Age25Plus":80.92657816,"Nmbr_OccupiedUnitsWithRenters":2009,"Pct_OccupiedUnitsWithRenters":51.68510419,"Nmbr_OccupiedUnitsWithOwners":1878,"Pct_OccupiedUnitsWithOwners":48.31489581,"Nmbr_OccupiedUnits":3887,"Nmbr_HouseholdsCostBurdened":1225,"Pct_HouseholdsCostBurdened":31.51530744,"Nmbr_PerCapitaIncome":141259,"Nmbr_PopulationPovDetermined":7382,"Nmbr_PopulationInPoverty":463,"Pct_PopulationInPoverty":6.272013,"Nmbr_HouseholdsNoVehAccess":153,"Pct_HouseholdsNoVehAccess":3.93619758,"Nmbr_Households":3887,"Nmbr_PopulationWithDisability":488,"Pct_PopulationWithDisability":6.64940728,"Nmbr_PopCivilianNonInstitution":7339,"Nmbr_Population":7382,"Nmbr_Under18SingleParentFam":106,"Pct_Under18InSingleParentFam":11.66116612,"Nmbr_PopUnder18InHouseholds":909,"Nmbr_PopulationDensity":8459.91309885,"Nmbr_PopNonHispanicWhite":6167,"Pct_PopNonHispanicWhite":83.54104579,"Nmbr_PopulationMinority":1215,"Pct_PopulationMinority":16.45895421,"Pct_PopOver16Unemployed":4.29655172,"GlobalID":"0bc4e05e-642e-449d-8e07-674785190c94"}},{"type":"Feature","id":280,"geometry":{"type":"Polygon","coordinates":[[[-104.973247941422,39.7184035580954],[-104.973232162978,39.7181966328986],[-104.973150950422,39.7180051281699],[-104.973145981276,39.7165367174963],[-104.973145332862,39.7147296254585],[-104.973392387749,39.7147290149441],[-104.9733971053,39.7129164545034],[-104.973394067722,39.7115451648229],[-104.97339289853,39.7111090002799],[-104.973966954495,39.7111084803545],[-104.974560562499,39.7111077018915],[-104.975153284411,39.7111065736501],[-104.975736231763,39.7111053985043],[-104.976320958551,39.7111038852119],[-104.976907460167,39.7111027204873],[-104.977497518306,39.7111012250557],[-104.978082245541,39.71109970301],[-104.978662485998,39.7111039920308],[-104.979225843619,39.7111082035923],[-104.979798078866,39.7111134810071],[-104.980382755067,39.7111188105981],[-104.980969236369,39.7111203705188],[-104.981531723172,39.7111221649326],[-104.982104824749,39.7111305233615],[-104.98212792823,39.7111306250842],[-104.982135925431,39.7111306602941],[-104.982781885362,39.7111403659689],[-104.983432337853,39.7111432243774],[-104.98401436903,39.7111457790594],[-104.984612382315,39.7111501166903],[-104.985194400941,39.711154381026],[-104.98577909749,39.7111569386407],[-104.986369126332,39.7111595166337],[-104.986963623135,39.711158679808],[-104.987575003439,39.7111579131304],[-104.98754937295,39.7121121348137],[-104.987542954271,39.7129909444186],[-104.987536334919,39.7138972057775],[-104.987525442193,39.7147801133798],[-104.987510917471,39.7156736422316],[-104.987505806382,39.7161300252419],[-104.987501661586,39.7165757737825],[-104.987505845643,39.7174628636658],[-104.987497523512,39.7183588213823],[-104.987498139397,39.7193694329567],[-104.987450197413,39.7209439900355],[-104.987485667738,39.7225364104218],[-104.987481971663,39.7241372382554],[-104.987458785904,39.7248776768896],[-104.987435451655,39.7256383616786],[-104.987429989742,39.7266169701484],[-104.987429702101,39.7266685034999],[-104.987423599543,39.7269440636269],[-104.987415487434,39.727275835061],[-104.986149778615,39.7272778629277],[-104.984892960583,39.7272795737299],[-104.983622785044,39.7272846432054],[-104.982978411352,39.7272807839549],[-104.982364257375,39.727277053988],[-104.981750121145,39.7272709187978],[-104.981138648834,39.7272651349263],[-104.979937807552,39.7272694414938],[-104.979356536619,39.7272661843045],[-104.97877082412,39.7272625612371],[-104.977558464155,39.7272619883462],[-104.976407313643,39.7272774604227],[-104.97525003567,39.7272801970711],[-104.97408209229,39.7272828744599],[-104.973506123498,39.7272837301041],[-104.972939045678,39.7272842794308],[-104.97291454349,39.7255769464624],[-104.97291590513,39.7237396702431],[-104.972910661022,39.7219534945904],[-104.972911156622,39.7202315143663],[-104.972930763204,39.7201060047555],[-104.972994900793,39.7199679986188],[-104.97310008251,39.719808213677],[-104.97318386612,39.7196575977414],[-104.973248638877,39.719434832863],[-104.973251678904,39.7193770385578],[-104.973251908898,39.7187625946397],[-104.973270996352,39.7187060579962],[-104.973247941422,39.7184035580954]]]},"properties":{"OBJECTID":280,"NBHD_NAME":"Speer","NBHD_ID":59,"DIST_NUM":10,"Nmbr_Age25Plus_NoDiplomaOrGED":294,"Pct_Age25Plus_NoDiplomaOrGED":2.74689339,"Nmbr_Age25Plus_NoCollDegree":2174,"Pct_Age25Plus_NoCollDegree":20.31206204,"Nmbr_Age25Plus_LessThanBA":2677,"Pct_Age25Plus_LessThanBA":25.01167897,"Nmbr_PopulationUnder18":608,"Pct_PopulationUnder18":5.07427808,"Nmbr_PopulationOver70":666,"Pct_PopulationOver70":5.55833751,"Nmbr_Age25Plus":10703,"Pct_Age25Plus":89.32565515,"Nmbr_OccupiedUnitsWithRenters":5724,"Pct_OccupiedUnitsWithRenters":72.10884354,"Nmbr_OccupiedUnitsWithOwners":2214,"Pct_OccupiedUnitsWithOwners":27.89115646,"Nmbr_OccupiedUnits":7938,"Nmbr_HouseholdsCostBurdened":2583,"Pct_HouseholdsCostBurdened":32.53968254,"Nmbr_PerCapitaIncome":257653,"Nmbr_PopulationPovDetermined":11982,"Nmbr_PopulationInPoverty":866,"Pct_PopulationInPoverty":7.22750793,"Nmbr_HouseholdsNoVehAccess":926,"Pct_HouseholdsNoVehAccess":11.6654069,"Nmbr_Households":7938,"Nmbr_PopulationWithDisability":961,"Pct_PopulationWithDisability":8.041841,"Nmbr_PopCivilianNonInstitution":11950,"Nmbr_Population":11982,"Nmbr_Under18SingleParentFam":87,"Pct_Under18InSingleParentFam":14.30921053,"Nmbr_PopUnder18InHouseholds":608,"Nmbr_PopulationDensity":14031.42948159,"Nmbr_PopNonHispanicWhite":10043,"Pct_PopNonHispanicWhite":83.81739276,"Nmbr_PopulationMinority":1939,"Pct_PopulationMinority":16.18260724,"Pct_PopOver16Unemployed":2.34458063,"GlobalID":"e35f19a6-6046-4a72-b144-eab4fccf9b02"}},{"type":"Feature","id":281,"geometry":{"type":"Polygon","coordinates":[[[-104.940704692328,39.7115637933913],[-104.940908704355,39.711463521374],[-104.941349415171,39.7114431703318],[-104.942185108086,39.7114695815],[-104.942559793305,39.7114977895527],[-104.943164098549,39.7114934456786],[-104.943768402942,39.7114890982445],[-104.944383324024,39.7114906319798],[-104.944974253725,39.711492049245],[-104.945579403187,39.7114931873867],[-104.946182772544,39.711494656612],[-104.947892457187,39.7115002921967],[-104.947973649559,39.711571708311],[-104.948032883348,39.7116104200152],[-104.948117867843,39.7116516555797],[-104.948201953129,39.711694259084],[-104.948255096325,39.7117164706848],[-104.948365153699,39.7117334587039],[-104.948456506991,39.7117558496062],[-104.948509480909,39.711799679623],[-104.948551618486,39.7118654211172],[-104.948599933614,39.7119366824434],[-104.948642305699,39.7119725699441],[-104.948723694091,39.7120192784925],[-104.948800614092,39.7120690544184],[-104.948853653154,39.7121046486961],[-104.948903091835,39.7121460598995],[-104.948997272587,39.7122611175069],[-104.949039518942,39.7123131329527],[-104.949064055047,39.7123571726801],[-104.94909559536,39.7124146283945],[-104.949130452419,39.7125022984647],[-104.949147818192,39.7125541971402],[-104.949203027651,39.7126529436186],[-104.949252339806,39.7127104825013],[-104.949315870303,39.7127680881793],[-104.949385661742,39.7128205755727],[-104.949467072633,39.7128645384478],[-104.949590075865,39.7129306579914],[-104.949646646153,39.7129693565918],[-104.949787207171,39.7130630116563],[-104.949896796197,39.7131400492452],[-104.949952674342,39.7131536941929],[-104.950014262622,39.7131640091391],[-104.950020122841,39.7131649904989],[-104.950034190814,39.7131842735256],[-104.950030143714,39.7132470532572],[-104.950061663635,39.7133072540866],[-104.950121702582,39.7133569499887],[-104.950205801816,39.7133981798647],[-104.950326248658,39.7134505601066],[-104.950403161391,39.7135017077342],[-104.950452668647,39.7135345393188],[-104.950509282894,39.7135677476139],[-104.95063237484,39.7136228853361],[-104.950660702946,39.7136367439978],[-104.950717274389,39.7136754426757],[-104.950776428195,39.7137247907691],[-104.950878845741,39.7138100302575],[-104.950928053443,39.7138812947272],[-104.951015428791,39.7139582277472],[-104.951117678105,39.7140650851352],[-104.951194347051,39.7141474587395],[-104.951296722849,39.7142381881338],[-104.951429903071,39.7143671519977],[-104.951500554109,39.7144237599618],[-104.951534977537,39.7144537760991],[-104.951609258324,39.7145007922248],[-104.951683606254,39.714539229712],[-104.951732373966,39.7145531833843],[-104.951860102241,39.714583977261],[-104.951933794465,39.7145925565109],[-104.952033131961,39.7146173838509],[-104.952117359843,39.7146424837104],[-104.952220187594,39.714675563071],[-104.952421415694,39.7147396421299],[-104.952502070629,39.7147671271394],[-104.952594125306,39.7148142255603],[-104.952657853198,39.71484712257],[-104.952702927629,39.7148789032663],[-104.952812587245,39.7149477029184],[-104.952903777306,39.7149917084486],[-104.953063157619,39.7150662293835],[-104.953196811005,39.71513514018],[-104.953351684906,39.7152178758905],[-104.953503089996,39.7152896138659],[-104.953630585294,39.7153506026592],[-104.95369703349,39.7153766484302],[-104.953778575613,39.7154044802542],[-104.953846005779,39.7154185199004],[-104.953944560651,39.7154299585566],[-104.95403332114,39.7154437541823],[-104.954107036931,39.7154495869826],[-104.954245580684,39.7154612105565],[-104.954365356276,39.7154864741128],[-104.95450635559,39.715525218737],[-104.954630404027,39.7155724643042],[-104.954721767052,39.7155945067409],[-104.954792763306,39.7156071900035],[-104.954951639606,39.7156326337298],[-104.955089167814,39.7156607240408],[-104.955265777837,39.7156913972395],[-104.955343829825,39.7157109756893],[-104.9554387882,39.715727886915],[-104.955495619113,39.7157336406241],[-104.955598703011,39.7157341177474],[-104.955725780307,39.7157347057997],[-104.955807451672,39.7157460648198],[-104.955905956501,39.7157640217146],[-104.955991160595,39.7157781427883],[-104.9561003586,39.7157923740929],[-104.956284140171,39.7158151857781],[-104.956365810874,39.7158265445569],[-104.956482078567,39.7158459559281],[-104.956613429616,39.7158685249789],[-104.956687166548,39.7158716108165],[-104.956793826522,39.7158693581699],[-104.957072875238,39.715869274086],[-104.957210616624,39.7158699097528],[-104.95740882945,39.7158653333292],[-104.957551120141,39.7158522630372],[-104.957660531111,39.715839040935],[-104.957798396822,39.7158235480848],[-104.95790156552,39.7158130422243],[-104.958114155785,39.7157879418821],[-104.958351553449,39.7157725628699],[-104.958478755579,39.7157570202712],[-104.958655767137,39.7157358723622],[-104.95880791721,39.7157118651714],[-104.958903987108,39.7156999524005],[-104.958971589301,39.7156920278837],[-104.959308766433,39.7156570653317],[-104.959311027047,39.7160740867549],[-104.959319960364,39.7181868617443],[-104.959310678599,39.718344932978],[-104.959304384763,39.7184526408029],[-104.959438741416,39.7194212566788],[-104.959434711972,39.7209822797829],[-104.959443064082,39.7225512520172],[-104.95945490755,39.7241284752404],[-104.959459158331,39.7249610031305],[-104.959785457756,39.7251776640711],[-104.959931394856,39.7252706439512],[-104.960050642242,39.7253669333427],[-104.960112307273,39.7254385938939],[-104.960149105281,39.7255077378538],[-104.960170556255,39.7256076973092],[-104.959592797173,39.7256119070453],[-104.959451460697,39.7256140037716],[-104.958884387233,39.725615513746],[-104.958228452593,39.7256145540949],[-104.957856926688,39.72561490154],[-104.957649833755,39.7256149764692],[-104.957281866255,39.7256149953738],[-104.957050772976,39.7256153017093],[-104.956705022008,39.7256157646673],[-104.956449051228,39.7256149254482],[-104.956128193713,39.7256144720334],[-104.955838446954,39.7256138185171],[-104.955539817213,39.7256124368708],[-104.955226067388,39.7256123570677],[-104.954961203642,39.7256121599899],[-104.954627898502,39.7256123311225],[-104.954386121161,39.7256149847467],[-104.954033262576,39.7256150635603],[-104.953811951439,39.7256147226221],[-104.953418209452,39.7256146097295],[-104.952823616286,39.7256118457927],[-104.952658303547,39.7256110768108],[-104.952213914513,39.7256090085036],[-104.95161307598,39.7256092979784],[-104.951496640838,39.725609441493],[-104.95100157207,39.7256095343647],[-104.950394512798,39.7256097883363],[-104.950334073033,39.7256098493485],[-104.950013210461,39.7256100655402],[-104.949794563206,39.7256100726768],[-104.949507487408,39.725608729752],[-104.949193738386,39.725608634066],[-104.948954648436,39.7256085438804],[-104.948582237237,39.7256085147113],[-104.948400959004,39.7256035469187],[-104.947380593045,39.7256049351541],[-104.946777979717,39.7256048482194],[-104.946751313778,39.7256050662031],[-104.946170919884,39.7256050807965],[-104.945650063176,39.7256067455431],[-104.945098100197,39.7256082614715],[-104.944553270877,39.7256067198796],[-104.943996887778,39.725605121212],[-104.943455613868,39.7256035913394],[-104.943152535111,39.7256028433095],[-104.942916117435,39.7256020672427],[-104.942541925506,39.7256023541016],[-104.942389047282,39.7256026588441],[-104.941941973482,39.7256029410634],[-104.941848645489,39.7256031832302],[-104.941334932013,39.7256007449146],[-104.940691440635,39.7255997479797],[-104.94068852175,39.7252970658801],[-104.940696119473,39.7243441429091],[-104.940694416978,39.7241118144445],[-104.940702963148,39.7231513460282],[-104.940700736606,39.7225387919085],[-104.940702645734,39.720961629503],[-104.940707994079,39.7193988954015],[-104.940708512935,39.7183500309335],[-104.940708788236,39.7177937301815],[-104.940707945237,39.717456609552],[-104.940704863636,39.7162242866965],[-104.940697796079,39.7150649294493],[-104.940695236136,39.7146450071116],[-104.940684770232,39.7130595452377],[-104.940704692328,39.7115637933913]]]},"properties":{"OBJECTID":281,"NBHD_NAME":"Cherry Creek","NBHD_ID":13,"DIST_NUM":10,"Nmbr_Age25Plus_NoDiplomaOrGED":57,"Pct_Age25Plus_NoDiplomaOrGED":0.9735269,"Nmbr_Age25Plus_NoCollDegree":1111,"Pct_Age25Plus_NoCollDegree":18.97523484,"Nmbr_Age25Plus_LessThanBA":1298,"Pct_Age25Plus_LessThanBA":22.16908625,"Nmbr_PopulationUnder18":362,"Pct_PopulationUnder18":5.6316117,"Nmbr_PopulationOver70":1789,"Pct_PopulationOver70":27.83136279,"Nmbr_Age25Plus":5855,"Pct_Age25Plus":91.0858743,"Nmbr_OccupiedUnitsWithRenters":2100,"Pct_OccupiedUnitsWithRenters":51.2195122,"Nmbr_OccupiedUnitsWithOwners":2000,"Pct_OccupiedUnitsWithOwners":48.7804878,"Nmbr_OccupiedUnits":4100,"Nmbr_HouseholdsCostBurdened":1245,"Pct_HouseholdsCostBurdened":30.36585366,"Nmbr_PerCapitaIncome":208362,"Nmbr_PopulationPovDetermined":6428,"Nmbr_PopulationInPoverty":299,"Pct_PopulationInPoverty":4.65152458,"Nmbr_HouseholdsNoVehAccess":521,"Pct_HouseholdsNoVehAccess":12.70731707,"Nmbr_Households":4100,"Nmbr_PopulationWithDisability":1027,"Pct_PopulationWithDisability":16.02184087,"Nmbr_PopCivilianNonInstitution":6410,"Nmbr_Population":6428,"Nmbr_Under18SingleParentFam":105,"Pct_Under18InSingleParentFam":29.00552486,"Nmbr_PopUnder18InHouseholds":362,"Nmbr_PopulationDensity":7682.21765124,"Nmbr_PopNonHispanicWhite":5396,"Pct_PopNonHispanicWhite":83.94523958,"Nmbr_PopulationMinority":1032,"Pct_PopulationMinority":16.05476042,"Pct_PopOver16Unemployed":5.0296646,"GlobalID":"c2f66d91-ab8c-40f6-9383-a6ba66d2f5e1"}},{"type":"Feature","id":282,"geometry":{"type":"Polygon","coordinates":[[[-104.960170556255,39.7256076973092],[-104.960149105281,39.7255077378538],[-104.960112307273,39.7254385938939],[-104.960050642242,39.7253669333427],[-104.959931394856,39.7252706439512],[-104.959785457756,39.7251776640711],[-104.959459158331,39.7249610031305],[-104.95945490755,39.7241284752404],[-104.959443064082,39.7225512520172],[-104.959434711972,39.7209822797829],[-104.959438741416,39.7194212566788],[-104.959304384763,39.7184526408029],[-104.959310678599,39.718344932978],[-104.959319960364,39.7181868617443],[-104.959311027047,39.7160740867549],[-104.959308766433,39.7156570653317],[-104.959330342211,39.7156548278887],[-104.959399387837,39.7156476680892],[-104.959488316486,39.7156398408835],[-104.959579932162,39.715629280717],[-104.959690167353,39.7156242962314],[-104.959743381098,39.7156382671886],[-104.959831357656,39.7156386712169],[-104.959927395574,39.7156308765264],[-104.959990553058,39.7156229303654],[-104.960051063176,39.7156125701608],[-104.960093824116,39.7155990400923],[-104.960143684063,39.7155869151578],[-104.960206883531,39.7155734784461],[-104.960334933866,39.7155630848813],[-104.960472801669,39.71554724573],[-104.960617754922,39.7155345270745],[-104.960742229237,39.7155268618575],[-104.960848041857,39.7155191110256],[-104.960940567158,39.7155058082798],[-104.961049955858,39.7154953286168],[-104.961159323118,39.7154875937916],[-104.961255329064,39.7154839154783],[-104.961361141821,39.7154761643365],[-104.961457239672,39.7154604755355],[-104.961588082173,39.7154336215599],[-104.961751060079,39.7153880404472],[-104.961900648306,39.7153502909959],[-104.962006668342,39.7153154302662],[-104.962081525086,39.7152883193209],[-104.962144777237,39.715268019116],[-104.962290828635,39.7152278503364],[-104.96247156048,39.7151847516411],[-104.962634390247,39.7151583856491],[-104.96276527384,39.7151260401268],[-104.962864991341,39.7151017880145],[-104.962956666481,39.7150833325563],[-104.963024350305,39.7150644243296],[-104.963060085169,39.7150398797549],[-104.963119916228,39.7150020621885],[-104.963198639403,39.7149341318285],[-104.963319317397,39.714841685944],[-104.963376442718,39.714809002596],[-104.96346554594,39.7147781814347],[-104.963585722212,39.7147512766382],[-104.963709453403,39.7147243876758],[-104.963777259942,39.7146893509219],[-104.963827233989,39.7146621262358],[-104.963891423254,39.7146353088444],[-104.963936806772,39.7146272799609],[-104.963979524223,39.7146192385597],[-104.964043590188,39.7146085491271],[-104.964068576877,39.7145949366282],[-104.964121255661,39.714562576391],[-104.964192661128,39.714521722035],[-104.964281962761,39.714464820638],[-104.964384614481,39.7144052347737],[-104.964515775838,39.7143361700716],[-104.964601378221,39.7142981256849],[-104.964661973182,39.7142764388103],[-104.964743087566,39.7142442077534],[-104.964839269349,39.7142171922392],[-104.964906042536,39.7142010242266],[-104.965002201163,39.7141770972944],[-104.965108137111,39.7141528713638],[-104.96517579879,39.7141367072386],[-104.965250485922,39.7141315563203],[-104.965313536653,39.7141373334168],[-104.965380926851,39.714156856949],[-104.965451850376,39.7141791415373],[-104.965507708587,39.7141958671502],[-104.965543204463,39.7142025483523],[-104.965596459594,39.7142110264291],[-104.965649756816,39.7142140137436],[-104.965684392843,39.7142169165195],[-104.965762550616,39.7142227619961],[-104.965833578832,39.7142313202331],[-104.965875323546,39.714234255234],[-104.965960486066,39.7142538589307],[-104.96605619027,39.7142896390707],[-104.966150940157,39.7143339940478],[-104.966242984891,39.71438348412],[-104.966309319133,39.7144249643832],[-104.966365860695,39.7144688024422],[-104.96645073391,39.7145264955786],[-104.966548854124,39.7145952300328],[-104.966675253856,39.7146846820108],[-104.9667885019,39.7147507394083],[-104.966883211155,39.7148005840751],[-104.96701423233,39.7148667215998],[-104.967161949928,39.7149576422506],[-104.967291897978,39.7150481393611],[-104.967398035371,39.7151145068846],[-104.967567084912,39.7152051808703],[-104.967756982954,39.715359090456],[-104.96790096064,39.7154747013197],[-104.967971649503,39.7155282107053],[-104.968037801635,39.7155940540505],[-104.968119018795,39.7156654559495],[-104.968196682102,39.7157368412715],[-104.96826981864,39.7158191876266],[-104.968343885851,39.7158960477161],[-104.968400221796,39.715967337153],[-104.968459242041,39.7160362359809],[-104.968490882495,39.7160827054935],[-104.968620491338,39.7162184970028],[-104.968714241258,39.7163189960179],[-104.968733327934,39.7163394565916],[-104.96879319823,39.7164135065722],[-104.968841724361,39.7164600526355],[-104.968905294858,39.7165149023102],[-104.968990191143,39.7165701913481],[-104.969077881198,39.7166086781875],[-104.969145058014,39.7166566807147],[-104.969214806104,39.7167173922976],[-104.969278335921,39.7167777317999],[-104.969355938758,39.716857352604],[-104.969429140366,39.71693146258],[-104.969538510583,39.7170410810463],[-104.96962934082,39.7171344874334],[-104.969721038946,39.7172306428433],[-104.969790769432,39.7172937560434],[-104.96986500556,39.7173486530481],[-104.969939280691,39.7173984030403],[-104.9700197799,39.7174478378968],[-104.970090472102,39.717501346572],[-104.970136476154,39.7175290064479],[-104.970245454322,39.7175730791533],[-104.970334052661,39.7176091667175],[-104.970485625505,39.7176616664323],[-104.970587533462,39.7177005593],[-104.970683368477,39.7177198646306],[-104.970750783803,39.7177366395161],[-104.970795961531,39.7177560601606],[-104.97089516493,39.7178000878812],[-104.970982740935,39.7178540148773],[-104.971110423911,39.7178926798676],[-104.971208881093,39.7179178303044],[-104.971325858582,39.717961937353],[-104.971413673173,39.7179842944018],[-104.971551274094,39.7180041296149],[-104.971682533314,39.718040064811],[-104.971773902256,39.7180624375525],[-104.971852003081,39.7180765145499],[-104.972106634419,39.7181335928681],[-104.972703672236,39.7182755942622],[-104.972763111261,39.7182895869993],[-104.972873101852,39.718317532809],[-104.972953943696,39.718335682342],[-104.973021268118,39.7183507969778],[-104.97313747985,39.7183787706086],[-104.973247941422,39.7184035580954],[-104.973270996352,39.7187060579962],[-104.973251908898,39.7187625946397],[-104.973251678904,39.7193770385578],[-104.973248638877,39.719434832863],[-104.97318386612,39.7196575977414],[-104.97310008251,39.719808213677],[-104.972994900793,39.7199679986188],[-104.972930763204,39.7201060047555],[-104.972911156622,39.7202315143663],[-104.972910661022,39.7219534945904],[-104.97291590513,39.7237396702431],[-104.97291454349,39.7255769464624],[-104.972939045678,39.7272842794308],[-104.97293533762,39.7290789906635],[-104.971778929194,39.7290803243839],[-104.97062157753,39.729088849533],[-104.969461641967,39.7290863699508],[-104.968887444043,39.7290861813513],[-104.968307021108,39.7290863049961],[-104.967730153907,39.7290864420646],[-104.967141732248,39.7290865237739],[-104.966563949884,39.7290900824593],[-104.965881278869,39.7290941916697],[-104.96482263252,39.7290969304797],[-104.964241292374,39.7291008047545],[-104.963664393823,39.7291050395827],[-104.963088409756,39.7291058437736],[-104.962506201409,39.7291069605403],[-104.961931992806,39.7291081107607],[-104.96135067323,39.7291092254225],[-104.960770250616,39.7291093114873],[-104.960192494408,39.7291094077255],[-104.960181384352,39.7273190884151],[-104.960162901836,39.7271155091767],[-104.960170556255,39.7256076973092]]]},"properties":{"OBJECTID":282,"NBHD_NAME":"Country Club","NBHD_ID":22,"DIST_NUM":10,"Nmbr_Age25Plus_NoDiplomaOrGED":13,"Pct_Age25Plus_NoDiplomaOrGED":0.53169734,"Nmbr_Age25Plus_NoCollDegree":161,"Pct_Age25Plus_NoCollDegree":6.58486708,"Nmbr_Age25Plus_LessThanBA":220,"Pct_Age25Plus_LessThanBA":8.99795501,"Nmbr_PopulationUnder18":686,"Pct_PopulationUnder18":21.15977791,"Nmbr_PopulationOver70":481,"Pct_PopulationOver70":14.83652067,"Nmbr_Age25Plus":2445,"Pct_Age25Plus":75.41640962,"Nmbr_OccupiedUnitsWithRenters":155,"Pct_OccupiedUnitsWithRenters":11.36363636,"Nmbr_OccupiedUnitsWithOwners":1209,"Pct_OccupiedUnitsWithOwners":88.63636364,"Nmbr_OccupiedUnits":1364,"Nmbr_HouseholdsCostBurdened":254,"Pct_HouseholdsCostBurdened":18.62170088,"Nmbr_PerCapitaIncome":160709,"Nmbr_PopulationPovDetermined":3242,"Nmbr_PopulationInPoverty":74,"Pct_PopulationInPoverty":2.28254164,"Nmbr_HouseholdsNoVehAccess":7,"Pct_HouseholdsNoVehAccess":0.51319648,"Nmbr_Households":1364,"Nmbr_PopulationWithDisability":150,"Pct_PopulationWithDisability":4.6267736,"Nmbr_PopCivilianNonInstitution":3242,"Nmbr_Population":3242,"Nmbr_Under18SingleParentFam":70,"Pct_Under18InSingleParentFam":10.20408163,"Nmbr_PopUnder18InHouseholds":686,"Nmbr_PopulationDensity":4992.67277947,"Nmbr_PopNonHispanicWhite":2877,"Pct_PopNonHispanicWhite":88.741517579999993,"Nmbr_PopulationMinority":365,"Pct_PopulationMinority":11.25848242,"Pct_PopOver16Unemployed":2.9,"GlobalID":"be360ed1-5207-46d6-a4f2-dbd0afae40b7"}},{"type":"Feature","id":283,"geometry":{"type":"Polygon","coordinates":[[[-104.940663578845,39.740129369815],[-104.940664110581,39.7382793981149],[-104.940670412945,39.736708785658],[-104.940661976562,39.7350914324488],[-104.940667839131,39.7346906494153],[-104.940673557171,39.7336392335223],[-104.940678100439,39.7328465550628],[-104.940682501322,39.7320717193623],[-104.940688152997,39.7310285384312],[-104.940688969685,39.7304801718998],[-104.940692735206,39.7292276526697],[-104.940699160762,39.7273070116872],[-104.940700783792,39.7268804701477],[-104.940691440635,39.7255997479797],[-104.941334932013,39.7256007449146],[-104.941848645489,39.7256031832302],[-104.941941973482,39.7256029410634],[-104.942389047282,39.7256026588441],[-104.942541925506,39.7256023541016],[-104.942916117435,39.7256020672427],[-104.943152535111,39.7256028433095],[-104.943455613868,39.7256035913394],[-104.943996887778,39.725605121212],[-104.944553270877,39.7256067198796],[-104.945098100197,39.7256082614715],[-104.945650063176,39.7256067455431],[-104.946170919884,39.7256050807965],[-104.946751313778,39.7256050662031],[-104.946777979717,39.7256048482194],[-104.947380593045,39.7256049351541],[-104.948400959004,39.7256035469187],[-104.948582237237,39.7256085147113],[-104.948954648436,39.7256085438804],[-104.949193738386,39.725608634066],[-104.949507487408,39.725608729752],[-104.949794563206,39.7256100726768],[-104.950013210461,39.7256100655402],[-104.950334073033,39.7256098493485],[-104.950394512798,39.7256097883363],[-104.95100157207,39.7256095343647],[-104.951496640838,39.725609441493],[-104.95161307598,39.7256092979784],[-104.952213914513,39.7256090085036],[-104.952658303547,39.7256110768108],[-104.952823616286,39.7256118457927],[-104.953418209452,39.7256146097295],[-104.953811951439,39.7256147226221],[-104.954033262576,39.7256150635603],[-104.954386121161,39.7256149847467],[-104.954627898502,39.7256123311225],[-104.954961203642,39.7256121599899],[-104.955226067388,39.7256123570677],[-104.955539817213,39.7256124368708],[-104.955838446954,39.7256138185171],[-104.956128193713,39.7256144720334],[-104.956449051228,39.7256149254482],[-104.956705022008,39.7256157646673],[-104.957050772976,39.7256153017093],[-104.957281866255,39.7256149953738],[-104.957649833755,39.7256149764692],[-104.957856926688,39.72561490154],[-104.958228452593,39.7256145540949],[-104.958884387233,39.725615513746],[-104.959451460697,39.7256140037716],[-104.959592797173,39.7256119070453],[-104.960170556255,39.7256076973092],[-104.960162901836,39.7271155091767],[-104.960181384352,39.7273190884151],[-104.960192494408,39.7291094077255],[-104.960169400666,39.7304932671426],[-104.960094200284,39.7306782285852],[-104.959897577796,39.7309326374927],[-104.959839550684,39.7310806163669],[-104.959844436704,39.7314848811955],[-104.959833724017,39.7319525590962],[-104.959799177953,39.7322832070734],[-104.959795488302,39.7334547380559],[-104.959793042823,39.7350418407802],[-104.959784746988,39.7368114761444],[-104.959777038522,39.7383892878791],[-104.959780851861,39.7397248806165],[-104.95978160542,39.7399891160668],[-104.959469425261,39.7400079293576],[-104.959282528631,39.7400348665163],[-104.959139242039,39.7400554841746],[-104.958797374744,39.7401194553633],[-104.958443225943,39.7401620936789],[-104.95811047276,39.7401969367934],[-104.957991303629,39.7402025648853],[-104.957892589144,39.7402072576106],[-104.957427730114,39.7401961926314],[-104.956851687036,39.7401928490655],[-104.956270307948,39.7401898207487],[-104.95568270818,39.7401864178586],[-104.955175374918,39.7401833838962],[-104.95474306046,39.7401837833732],[-104.954193678646,39.7401815797618],[-104.954165218617,39.7401831637361],[-104.953598959475,39.7401791627233],[-104.953566956762,39.7401790145192],[-104.95298824718,39.7401756392554],[-104.952399742735,39.7401742748774],[-104.951822817022,39.7401702156785],[-104.951239641134,39.7401695566251],[-104.950701815751,39.7401673904018],[-104.950651163589,39.7401647517063],[-104.950059981947,39.7401647356854],[-104.949470605064,39.740161293518],[-104.949421703901,39.7401620943561],[-104.948930102181,39.7401604794785],[-104.948846539906,39.7401600881203],[-104.948369180727,39.7401561353678],[-104.948261599744,39.7401576898576],[-104.947824224816,39.7401563246036],[-104.947682879783,39.7401556612606],[-104.947273062584,39.7401544235025],[-104.946539663251,39.7401516628284],[-104.946165423262,39.7401481861],[-104.945945822764,39.7401505840507],[-104.945616004289,39.7401507459921],[-104.945366197705,39.7401505985098],[-104.944791047245,39.7401468565282],[-104.944509251589,39.740144840705],[-104.94416027934,39.7401425063075],[-104.94305029513,39.7401419554185],[-104.941870798578,39.7401340715016],[-104.941316083843,39.7401317822697],[-104.940663578845,39.740129369815]]]},"properties":{"OBJECTID":283,"NBHD_NAME":"Congress Park","NBHD_ID":20,"DIST_NUM":10,"Nmbr_Age25Plus_NoDiplomaOrGED":311,"Pct_Age25Plus_NoDiplomaOrGED":3.42134213,"Nmbr_Age25Plus_NoCollDegree":1697,"Pct_Age25Plus_NoCollDegree":18.66886689,"Nmbr_Age25Plus_LessThanBA":1964,"Pct_Age25Plus_LessThanBA":21.60616062,"Nmbr_PopulationUnder18":1722,"Pct_PopulationUnder18":15.04587156,"Nmbr_PopulationOver70":720,"Pct_PopulationOver70":6.29095675,"Nmbr_Age25Plus":9090,"Pct_Age25Plus":79.42332896,"Nmbr_OccupiedUnitsWithRenters":3409,"Pct_OccupiedUnitsWithRenters":56.2634098,"Nmbr_OccupiedUnitsWithOwners":2650,"Pct_OccupiedUnitsWithOwners":43.7365902,"Nmbr_OccupiedUnits":6059,"Nmbr_HouseholdsCostBurdened":1982,"Pct_HouseholdsCostBurdened":32.71166859,"Nmbr_PerCapitaIncome":192339,"Nmbr_PopulationPovDetermined":11370,"Nmbr_PopulationInPoverty":1128,"Pct_PopulationInPoverty":9.92084433,"Nmbr_HouseholdsNoVehAccess":887,"Pct_HouseholdsNoVehAccess":14.63937944,"Nmbr_Households":6059,"Nmbr_PopulationWithDisability":886,"Pct_PopulationWithDisability":7.77738764,"Nmbr_PopCivilianNonInstitution":11392,"Nmbr_Population":11445,"Nmbr_Under18SingleParentFam":407,"Pct_Under18InSingleParentFam":23.63530778,"Nmbr_PopUnder18InHouseholds":1722,"Nmbr_PopulationDensity":11120.4815312,"Nmbr_PopNonHispanicWhite":8839,"Pct_PopNonHispanicWhite":77.23023154,"Nmbr_PopulationMinority":2606,"Pct_PopulationMinority":22.76976846,"Pct_PopOver16Unemployed":3.3506529,"GlobalID":"0b117cd8-e18a-496d-a5e6-6d9936fe1008"}},{"type":"Feature","id":284,"geometry":{"type":"Polygon","coordinates":[[[-104.940621034984,39.751036810207],[-104.940628217594,39.7492445301946],[-104.940634999574,39.7473911639065],[-104.940639756734,39.7461259605793],[-104.940644642174,39.7449561555684],[-104.940653346083,39.7437534249349],[-104.940650831146,39.7433999590009],[-104.940653900625,39.7425691853849],[-104.940656233865,39.7419422445504],[-104.940656861339,39.7417521374786],[-104.940657992083,39.7413873646213],[-104.940663578845,39.740129369815],[-104.941316083843,39.7401317822697],[-104.941870798578,39.7401340715016],[-104.94305029513,39.7401419554185],[-104.94416027934,39.7401425063075],[-104.944509251589,39.740144840705],[-104.944791047245,39.7401468565282],[-104.945366197705,39.7401505985098],[-104.945616004289,39.7401507459921],[-104.945945822764,39.7401505840507],[-104.946165423262,39.7401481861],[-104.946539663251,39.7401516628284],[-104.947273062584,39.7401544235025],[-104.947682879783,39.7401556612606],[-104.947824224816,39.7401563246036],[-104.948261599744,39.7401576898576],[-104.948369180727,39.7401561353678],[-104.948846539906,39.7401600881203],[-104.948930102181,39.7401604794785],[-104.949421703901,39.7401620943561],[-104.949470605064,39.740161293518],[-104.950059981947,39.7401647356854],[-104.950651163589,39.7401647517063],[-104.950701815751,39.7401673904018],[-104.951239641134,39.7401695566251],[-104.951822817022,39.7401702156785],[-104.952399742735,39.7401742748774],[-104.95298824718,39.7401756392554],[-104.953566956762,39.7401790145192],[-104.953598959475,39.7401791627233],[-104.954165218617,39.7401831637361],[-104.954193678646,39.7401815797618],[-104.95474306046,39.7401837833732],[-104.955175374918,39.7401833838962],[-104.95568270818,39.7401864178586],[-104.956270307948,39.7401898207487],[-104.956851687036,39.7401928490655],[-104.957427730114,39.7401961926314],[-104.957892589144,39.7402072576106],[-104.957991303629,39.7402025648853],[-104.95811047276,39.7401969367934],[-104.958443225943,39.7401620936789],[-104.958797374744,39.7401194553633],[-104.959139242039,39.7400554841746],[-104.959282528631,39.7400348665163],[-104.959469425261,39.7400079293576],[-104.95978160542,39.7399891160668],[-104.959777057461,39.741618414209],[-104.959783083735,39.7432597702404],[-104.959790138596,39.7447676411143],[-104.959784100856,39.7469363738369],[-104.959767250061,39.7482004907531],[-104.959761133234,39.7494560778137],[-104.959766530048,39.7507175501221],[-104.959222362907,39.7507201986194],[-104.958786527897,39.7507411867998],[-104.958378966287,39.7507852947412],[-104.957868040178,39.750858437422],[-104.957259312556,39.7509311265088],[-104.956662208464,39.7509952871766],[-104.955296338359,39.7511306976545],[-104.954944972181,39.7511510331076],[-104.954504738514,39.7511654650411],[-104.949863610947,39.7511551153883],[-104.949061484076,39.7511533076277],[-104.945730023154,39.7511457433955],[-104.943243108146,39.7511463581803],[-104.942402083422,39.7511341409665],[-104.940621034984,39.751036810207]]]},"properties":{"OBJECTID":284,"NBHD_NAME":"City Park","NBHD_ID":14,"DIST_NUM":9,"Nmbr_Age25Plus_NoDiplomaOrGED":49,"Pct_Age25Plus_NoDiplomaOrGED":1.63007319,"Nmbr_Age25Plus_NoCollDegree":534,"Pct_Age25Plus_NoCollDegree":17.76447106,"Nmbr_Age25Plus_LessThanBA":638,"Pct_Age25Plus_LessThanBA":21.22421823,"Nmbr_PopulationUnder18":525,"Pct_PopulationUnder18":14.61988304,"Nmbr_PopulationOver70":415,"Pct_PopulationOver70":11.55666945,"Nmbr_Age25Plus":3006,"Pct_Age25Plus":83.70927318,"Nmbr_OccupiedUnitsWithRenters":1174,"Pct_OccupiedUnitsWithRenters":61.69206516,"Nmbr_OccupiedUnitsWithOwners":729,"Pct_OccupiedUnitsWithOwners":38.30793484,"Nmbr_OccupiedUnits":1903,"Nmbr_HouseholdsCostBurdened":530,"Pct_HouseholdsCostBurdened":27.85076195,"Nmbr_PerCapitaIncome":73969,"Nmbr_PopulationPovDetermined":3477,"Nmbr_PopulationInPoverty":356,"Pct_PopulationInPoverty":10.23871153,"Nmbr_HouseholdsNoVehAccess":242,"Pct_HouseholdsNoVehAccess":12.71676301,"Nmbr_Households":1903,"Nmbr_PopulationWithDisability":242,"Pct_PopulationWithDisability":6.96002301,"Nmbr_PopCivilianNonInstitution":3477,"Nmbr_Population":3591,"Nmbr_Under18SingleParentFam":284,"Pct_Under18InSingleParentFam":54.0952381,"Nmbr_PopUnder18InHouseholds":525,"Nmbr_PopulationDensity":4673.21590221,"Nmbr_PopNonHispanicWhite":2816,"Pct_PopNonHispanicWhite":78.41826789,"Nmbr_PopulationMinority":775,"Pct_PopulationMinority":21.58173211,"Pct_PopOver16Unemployed":1.3,"GlobalID":"18b090a0-b639-4c80-bd40-4de5160ce5b2"}},{"type":"Feature","id":285,"geometry":{"type":"Polygon","coordinates":[[[-104.973412216403,39.7400299708927],[-104.97299165463,39.7400390691632],[-104.972999809768,39.7395452999685],[-104.973019073456,39.738401294569],[-104.973008305617,39.7368765909981],[-104.972998994731,39.7351580074869],[-104.972978767332,39.733709440987],[-104.972979680224,39.7320499251537],[-104.972948115667,39.7304540906362],[-104.97293533762,39.7290789906635],[-104.972939045678,39.7272842794308],[-104.973506123498,39.7272837301041],[-104.97408209229,39.7272828744599],[-104.97525003567,39.7272801970711],[-104.976407313643,39.7272774604227],[-104.977558464155,39.7272619883462],[-104.97877082412,39.7272625612371],[-104.979356536619,39.7272661843045],[-104.979937807552,39.7272694414938],[-104.981138648834,39.7272651349263],[-104.981750121145,39.7272709187978],[-104.982364257375,39.727277053988],[-104.982978411352,39.7272807839549],[-104.983622785044,39.7272846432054],[-104.984892960583,39.7272795737299],[-104.986149778615,39.7272778629277],[-104.987415487434,39.727275835061],[-104.987403972278,39.7290948753112],[-104.987402930399,39.7304537833037],[-104.987402860116,39.7320446705431],[-104.987415396873,39.7338566062508],[-104.987400692912,39.7352604063219],[-104.987393518605,39.7368502303383],[-104.987413072017,39.7384319342795],[-104.987394648639,39.7396147214104],[-104.987390687512,39.7400130196941],[-104.987388831495,39.7401071102541],[-104.986258206966,39.7401140436173],[-104.986135225032,39.7400632271935],[-104.985479159964,39.7400617327974],[-104.984855986587,39.740060378941],[-104.984223074702,39.7400534884792],[-104.983583940587,39.7400465677076],[-104.982963552851,39.7400290876187],[-104.982327060329,39.7400256029375],[-104.981727876858,39.7400260537806],[-104.981102021804,39.7400267275405],[-104.980495743777,39.7400247385901],[-104.979910803956,39.740022497652],[-104.979332091611,39.7400195955101],[-104.978742709506,39.7400169861838],[-104.978205794095,39.7400122043344],[-104.977640434145,39.7400069507946],[-104.97647586569,39.7400055502411],[-104.976096196708,39.7400148414793],[-104.975444517995,39.7400212037228],[-104.975321828154,39.7400223725195],[-104.974792001617,39.7400206950385],[-104.974151059783,39.7400178325757],[-104.973412216403,39.7400299708927]]]},"properties":{"OBJECTID":285,"NBHD_NAME":"Capitol Hill","NBHD_ID":9,"DIST_NUM":10,"Nmbr_Age25Plus_NoDiplomaOrGED":522,"Pct_Age25Plus_NoDiplomaOrGED":3.53970299,"Nmbr_Age25Plus_NoCollDegree":3994,"Pct_Age25Plus_NoCollDegree":27.08347461,"Nmbr_Age25Plus_LessThanBA":5108,"Pct_Age25Plus_LessThanBA":34.6375534,"Nmbr_PopulationUnder18":250,"Pct_PopulationUnder18":1.55086849,"Nmbr_PopulationOver70":610,"Pct_PopulationOver70":3.78411911,"Nmbr_Age25Plus":14747,"Pct_Age25Plus":91.48263027,"Nmbr_OccupiedUnitsWithRenters":9048,"Pct_OccupiedUnitsWithRenters":76.16802761,"Nmbr_OccupiedUnitsWithOwners":2831,"Pct_OccupiedUnitsWithOwners":23.83197239,"Nmbr_OccupiedUnits":11879,"Nmbr_HouseholdsCostBurdened":4581,"Pct_HouseholdsCostBurdened":38.56385218,"Nmbr_PerCapitaIncome":344530,"Nmbr_PopulationPovDetermined":16075,"Nmbr_PopulationInPoverty":1524,"Pct_PopulationInPoverty":9.48055988,"Nmbr_HouseholdsNoVehAccess":2420,"Pct_HouseholdsNoVehAccess":20.37208519,"Nmbr_Households":11879,"Nmbr_PopulationWithDisability":1982,"Pct_PopulationWithDisability":12.32817068,"Nmbr_PopCivilianNonInstitution":16077,"Nmbr_Population":16120,"Nmbr_Under18SingleParentFam":74,"Pct_Under18InSingleParentFam":31.4893617,"Nmbr_PopUnder18InHouseholds":235,"Nmbr_PopulationDensity":23832.6954431,"Nmbr_PopNonHispanicWhite":11919,"Pct_PopNonHispanicWhite":73.93920596,"Nmbr_PopulationMinority":4201,"Pct_PopulationMinority":26.06079404,"Pct_PopOver16Unemployed":4.139084,"GlobalID":"b08f2274-4542-45fd-b6eb-1339b9bd7936"}},{"type":"Feature","id":286,"geometry":{"type":"Polygon","coordinates":[[[-104.973383172756,39.7437795337828],[-104.973387156355,39.7432490286936],[-104.973388730365,39.7426841971539],[-104.973392020902,39.741654050283],[-104.973412216403,39.7400299708927],[-104.974151059783,39.7400178325757],[-104.974792001617,39.7400206950385],[-104.975321828154,39.7400223725195],[-104.975444517995,39.7400212037228],[-104.976096196708,39.7400148414793],[-104.97647586569,39.7400055502411],[-104.977640434145,39.7400069507946],[-104.978205794095,39.7400122043344],[-104.978742709506,39.7400169861838],[-104.979332091611,39.7400195955101],[-104.979910803956,39.740022497652],[-104.980495743777,39.7400247385901],[-104.981102021804,39.7400267275405],[-104.981727876858,39.7400260537806],[-104.982327060329,39.7400256029375],[-104.982963552851,39.7400290876187],[-104.983583940587,39.7400465677076],[-104.984223074702,39.7400534884792],[-104.984855986587,39.740060378941],[-104.985479159964,39.7400617327974],[-104.986135225032,39.7400632271935],[-104.986258206966,39.7401140436173],[-104.987388831495,39.7401071102541],[-104.987383821613,39.7408527899191],[-104.98739707386,39.7414722481987],[-104.987406131771,39.741692595389],[-104.987411415936,39.7419535600085],[-104.987416583393,39.7422087507281],[-104.987386673731,39.7430595639291],[-104.987376177189,39.7433581541634],[-104.987419619209,39.7448342656432],[-104.987407278273,39.7450630982887],[-104.987407504977,39.7454673574069],[-104.987407765558,39.7459324626634],[-104.987407911701,39.7461927764094],[-104.987400795913,39.7466796858671],[-104.987396865762,39.7469740979751],[-104.98740027988,39.747358465168],[-104.987307427566,39.7474214162398],[-104.987201831828,39.7475234758522],[-104.98610542858,39.7475267831338],[-104.985675993508,39.747527652147],[-104.985574129952,39.7475968682567],[-104.985479753424,39.7475769778966],[-104.985376371059,39.7475658408057],[-104.985218626544,39.7475558248453],[-104.985091068569,39.7475482721162],[-104.984938785924,39.7475457683076],[-104.984851652271,39.7475491725959],[-104.984760331915,39.747547990564],[-104.984217665951,39.7475583308763],[-104.98393671077,39.7475588153218],[-104.983590018427,39.7475518037733],[-104.983123861139,39.7475517509375],[-104.982948098059,39.7475517304461],[-104.982310622952,39.7475516735232],[-104.981687393223,39.7475489303341],[-104.98107483221,39.7475462308876],[-104.979885313327,39.7475354890264],[-104.978721536316,39.7475303399224],[-104.978364135068,39.7475287562991],[-104.978206051738,39.7475054070163],[-104.978177634981,39.7475008200884],[-104.977544156362,39.746964399134],[-104.976993304866,39.7465559967287],[-104.97648667457,39.7461797017145],[-104.976141770741,39.7459084861863],[-104.974777280235,39.7448354848149],[-104.973980769166,39.7442320868221],[-104.973383172756,39.7437795337828]]]},"properties":{"OBJECTID":286,"NBHD_NAME":"North Capitol Hill","NBHD_ID":47,"DIST_NUM":10,"Nmbr_Age25Plus_NoDiplomaOrGED":129,"Pct_Age25Plus_NoDiplomaOrGED":2.0027946,"Nmbr_Age25Plus_NoCollDegree":1624,"Pct_Age25Plus_NoCollDegree":25.21347617,"Nmbr_Age25Plus_LessThanBA":1801,"Pct_Age25Plus_LessThanBA":27.96149666,"Nmbr_PopulationUnder18":164,"Pct_PopulationUnder18":2.24811515,"Nmbr_PopulationOver70":445,"Pct_PopulationOver70":6.10006854,"Nmbr_Age25Plus":6441,"Pct_Age25Plus":88.29335161,"Nmbr_OccupiedUnitsWithRenters":4325,"Pct_OccupiedUnitsWithRenters":87.88864052,"Nmbr_OccupiedUnitsWithOwners":596,"Pct_OccupiedUnitsWithOwners":12.11135948,"Nmbr_OccupiedUnits":4921,"Nmbr_HouseholdsCostBurdened":1792,"Pct_HouseholdsCostBurdened":36.41536273,"Nmbr_PerCapitaIncome":186436,"Nmbr_PopulationPovDetermined":7223,"Nmbr_PopulationInPoverty":825,"Pct_PopulationInPoverty":11.42184688,"Nmbr_HouseholdsNoVehAccess":1283,"Pct_HouseholdsNoVehAccess":26.0719366,"Nmbr_Households":4921,"Nmbr_PopulationWithDisability":951,"Pct_PopulationWithDisability":13.15170792,"Nmbr_PopCivilianNonInstitution":7231,"Nmbr_Population":7295,"Nmbr_Under18SingleParentFam":63,"Pct_Under18InSingleParentFam":40.38461538,"Nmbr_PopUnder18InHouseholds":156,"Nmbr_PopulationDensity":20692.12063328,"Nmbr_PopNonHispanicWhite":5174,"Pct_PopNonHispanicWhite":70.9252913,"Nmbr_PopulationMinority":2121,"Pct_PopulationMinority":29.0747087,"Pct_PopOver16Unemployed":2.61968767,"GlobalID":"093e290c-51e4-4c4c-ad06-52b2b279f982"}},{"type":"Feature","id":287,"geometry":{"type":"Polygon","coordinates":[[[-104.987388831495,39.7401071102541],[-104.987390687512,39.7400130196941],[-104.987394648639,39.7396147214104],[-104.987413072017,39.7384319342795],[-104.987393518605,39.7368502303383],[-104.987400692912,39.7352604063219],[-104.987415396873,39.7338566062508],[-104.987402860116,39.7320446705431],[-104.987402930399,39.7304537833037],[-104.987403972278,39.7290948753112],[-104.987415487434,39.727275835061],[-104.987423599543,39.7269440636269],[-104.987531438615,39.7270028086074],[-104.987774711591,39.7271353311402],[-104.988077564487,39.7272896985963],[-104.988313935681,39.7274194120167],[-104.988543119708,39.7275597311659],[-104.9886872175,39.7276670805239],[-104.988736833219,39.7276889151384],[-104.988792727743,39.7277028844774],[-104.988892014009,39.7277390044245],[-104.988952215571,39.72777186597],[-104.989064366722,39.7278722130282],[-104.989250851274,39.7280178359634],[-104.9893676174,39.7280948676241],[-104.989465778527,39.7281635824199],[-104.989547172082,39.7282157527079],[-104.98959932251,39.728255785362],[-104.989648718969,39.7283078167628],[-104.989708818699,39.7283547472513],[-104.989799790342,39.7284344116084],[-104.989863328184,39.7284974852698],[-104.989926649572,39.7285904132061],[-104.989985681359,39.7286620462499],[-104.990035098867,39.7287113323494],[-104.990105747845,39.7287744368951],[-104.990171912773,39.7288430124056],[-104.990221347738,39.7288898962049],[-104.990414541498,39.7290914816223],[-104.990463919729,39.7291462577503],[-104.990527319242,39.7292285475214],[-104.990593285971,39.72932457507],[-104.990677741384,39.729445046312],[-104.990747203917,39.7295493243048],[-104.990845911022,39.7296657397226],[-104.990919818356,39.729770036838],[-104.991035184692,39.7299180944838],[-104.991116123711,39.7300334031079],[-104.991249267744,39.7301815374668],[-104.991323248645,39.7302758832308],[-104.991403378828,39.730380206867],[-104.991539860787,39.7305585536039],[-104.991631529658,39.7306653290266],[-104.991732638003,39.7308188151579],[-104.991806567501,39.7309203663388],[-104.991859374159,39.7309930011592],[-104.991935893401,39.7311052015294],[-104.992013180275,39.7312342199407],[-104.992083595293,39.7313302655713],[-104.992132007802,39.7313960180431],[-104.992213002499,39.7315041195047],[-104.992335425775,39.7316604424665],[-104.992462194422,39.7318305096155],[-104.9925809247,39.7320060330337],[-104.992668932007,39.7321278910777],[-104.992833648536,39.7323362126133],[-104.992948944012,39.7324952491178],[-104.993033364928,39.7326215523569],[-104.993124080483,39.7327379308627],[-104.993247317465,39.7329052373049],[-104.993249267403,39.7329080370904],[-104.993327377125,39.7330201973376],[-104.993425941964,39.7331575421823],[-104.993502506304,39.7332642511882],[-104.993537667612,39.7333189645685],[-104.993597469575,39.7334081002805],[-104.993734061818,39.7335727180247],[-104.993793993284,39.7336440101386],[-104.99392312147,39.7338576673189],[-104.993975932273,39.7339303008593],[-104.99403570561,39.734023554223],[-104.994122799604,39.7341495247107],[-104.994217930873,39.7342703824248],[-104.994305144511,39.7343798820453],[-104.994407467076,39.734489789495],[-104.994452387544,39.7345472898701],[-104.994494562577,39.7346157596871],[-104.994550840766,39.7347007619034],[-104.994719015936,39.7349241944848],[-104.994800005817,39.7350340097039],[-104.994887201284,39.7351462539893],[-104.994978760179,39.7352698409099],[-104.995048333691,39.7353603903518],[-104.99518220012,39.7355342598363],[-104.9952974269,39.7357042749646],[-104.995406629756,39.7358468106585],[-104.995497281905,39.7359731386604],[-104.995599521965,39.7360950553157],[-104.995654894045,39.7361827982244],[-104.995728679707,39.7363059649943],[-104.995808628976,39.7364373945091],[-104.995879113349,39.736525202103],[-104.995949657345,39.7366047738714],[-104.996299953266,39.7370928728944],[-104.996391460001,39.7372243510388],[-104.996482118101,39.7373503352527],[-104.996678387017,39.7376246722169],[-104.996860690078,39.7378632608747],[-104.996983154442,39.7380168326577],[-104.997040098017,39.7380850321014],[-104.997064242739,39.738113950266],[-104.997162881876,39.7382430564017],[-104.997217935622,39.7383757504586],[-104.997397195721,39.7385432914875],[-104.997464345119,39.7386008857505],[-104.99749251561,39.7386394396832],[-104.997545442135,39.7386969732082],[-104.99758683156,39.738751711989],[-104.997636123616,39.7388202111382],[-104.997660623314,39.7388748778328],[-104.997709777909,39.7389625929211],[-104.997761639002,39.7390448289698],[-104.997800359541,39.7390998999035],[-104.997870986664,39.7391684895444],[-104.997906272318,39.7392067308047],[-104.997941439517,39.7392614430989],[-104.997968545008,39.7393246997879],[-104.99799648351,39.7393958530731],[-104.998021131052,39.7394299308478],[-104.998066848353,39.7395011593525],[-104.998116141664,39.739569658283],[-104.998150555383,39.7396054934614],[-104.998196528525,39.7396410349988],[-104.998263657017,39.7397017170196],[-104.998313029211,39.7397592350155],[-104.998350922999,39.7398057228241],[-104.998379016185,39.7398552571747],[-104.998410530986,39.7399236797805],[-104.99856693318,39.7401937178919],[-104.998253965336,39.7401808245635],[-104.998126304387,39.7401791073494],[-104.996936721,39.7401638384886],[-104.996512580455,39.74015836668],[-104.996441867084,39.7401575079292],[-104.99526990934,39.7401476203814],[-104.994360104456,39.7401397466648],[-104.993534072479,39.7401353600049],[-104.992919582081,39.7401320897524],[-104.992504308079,39.740129878689],[-104.991655142153,39.7401252009527],[-104.990423449976,39.7401168503193],[-104.990076976194,39.740111876957],[-104.989940691429,39.7401225522469],[-104.989818775765,39.7401633330519],[-104.989677158958,39.7402378333039],[-104.989554591435,39.7403687452894],[-104.989427402334,39.7404658395095],[-104.989305185017,39.7405479316006],[-104.98910530186,39.7406071546063],[-104.988939662367,39.7406402365387],[-104.98875483653,39.740635676066],[-104.988534009081,39.740565238738],[-104.988532017635,39.7405640891896],[-104.988403211002,39.7404895593903],[-104.988282339706,39.7403876338495],[-104.988122549524,39.7402855351245],[-104.988102215588,39.7402736209428],[-104.98796754467,39.7401947264586],[-104.98791909249,39.7401682262015],[-104.987846263159,39.7401491313628],[-104.987768566797,39.7401300158948],[-104.987510913159,39.7401063621487],[-104.987388831495,39.7401071102541]]]},"properties":{"OBJECTID":287,"NBHD_NAME":"Civic Center","NBHD_ID":16,"DIST_NUM":10,"Nmbr_Age25Plus_NoDiplomaOrGED":6,"Pct_Age25Plus_NoDiplomaOrGED":0.24865313,"Nmbr_Age25Plus_NoCollDegree":588,"Pct_Age25Plus_NoCollDegree":24.36800663,"Nmbr_Age25Plus_LessThanBA":806,"Pct_Age25Plus_LessThanBA":33.40240365,"Nmbr_PopulationUnder18":70,"Pct_PopulationUnder18":2.48933144,"Nmbr_PopulationOver70":115,"Pct_PopulationOver70":4.08961593,"Nmbr_Age25Plus":2413,"Pct_Age25Plus":85.81081081,"Nmbr_OccupiedUnitsWithRenters":1437,"Pct_OccupiedUnitsWithRenters":76.64,"Nmbr_OccupiedUnitsWithOwners":438,"Pct_OccupiedUnitsWithOwners":23.36,"Nmbr_OccupiedUnits":1875,"Nmbr_HouseholdsCostBurdened":711,"Pct_HouseholdsCostBurdened":37.92,"Nmbr_PerCapitaIncome":93375,"Nmbr_PopulationPovDetermined":2812,"Nmbr_PopulationInPoverty":249,"Pct_PopulationInPoverty":8.85490754,"Nmbr_HouseholdsNoVehAccess":241,"Pct_HouseholdsNoVehAccess":12.85333333,"Nmbr_Households":1875,"Nmbr_PopulationWithDisability":309,"Pct_PopulationWithDisability":10.9886202,"Nmbr_PopCivilianNonInstitution":2812,"Nmbr_Population":2812,"Nmbr_Under18SingleParentFam":45,"Pct_Under18InSingleParentFam":64.28571429,"Nmbr_PopUnder18InHouseholds":70,"Nmbr_PopulationDensity":9253.59411417,"Nmbr_PopNonHispanicWhite":1921,"Pct_PopNonHispanicWhite":68.314367,"Nmbr_PopulationMinority":891,"Pct_PopulationMinority":31.685633,"Pct_PopOver16Unemployed":3,"GlobalID":"66cae562-4fcb-45ab-b8b7-04df57722865"}},{"type":"Feature","id":288,"geometry":{"type":"Polygon","coordinates":[[[-104.98740027988,39.747358465168],[-104.987396865762,39.7469740979751],[-104.987400795913,39.7466796858671],[-104.987407911701,39.7461927764094],[-104.987407765558,39.7459324626634],[-104.987407504977,39.7454673574069],[-104.987407278273,39.7450630982887],[-104.987419619209,39.7448342656432],[-104.987376177189,39.7433581541634],[-104.987386673731,39.7430595639291],[-104.987416583393,39.7422087507281],[-104.987411415936,39.7419535600085],[-104.987406131771,39.741692595389],[-104.98739707386,39.7414722481987],[-104.987383821613,39.7408527899191],[-104.987388831495,39.7401071102541],[-104.987510913159,39.7401063621487],[-104.987768566797,39.7401300158948],[-104.987846263159,39.7401491313628],[-104.98791909249,39.7401682262015],[-104.98796754467,39.7401947264586],[-104.988102215588,39.7402736209428],[-104.988122549524,39.7402855351245],[-104.988282339706,39.7403876338495],[-104.988403211002,39.7404895593903],[-104.988532017635,39.7405640891896],[-104.988534009081,39.740565238738],[-104.98875483653,39.740635676066],[-104.988939662367,39.7406402365387],[-104.98910530186,39.7406071546063],[-104.989305185017,39.7405479316006],[-104.989427402334,39.7404658395095],[-104.989554591435,39.7403687452894],[-104.989677158958,39.7402378333039],[-104.989818775765,39.7401633330519],[-104.989940691429,39.7401225522469],[-104.990076976194,39.740111876957],[-104.990423449976,39.7401168503193],[-104.991655142153,39.7401252009527],[-104.992504308079,39.740129878689],[-104.992919582081,39.7401320897524],[-104.993534072479,39.7401353600049],[-104.994360104456,39.7401397466648],[-104.99526990934,39.7401476203814],[-104.996441867084,39.7401575079292],[-104.996512580455,39.74015836668],[-104.996936721,39.7401638384886],[-104.998126304387,39.7401791073494],[-104.998253965336,39.7401808245635],[-104.99856693318,39.7401937178919],[-104.998613704608,39.7402744729069],[-104.998623921369,39.7402921120616],[-104.99869427798,39.7403987906925],[-104.998749753496,39.7404731494069],[-104.998777889116,39.7405168500883],[-104.998816544866,39.7405811851718],[-104.998837549656,39.7406276012748],[-104.998854995429,39.7406743453921],[-104.998865390965,39.7407124796819],[-104.99888975498,39.7407863622949],[-104.998910619612,39.7408523377064],[-104.998930734811,39.7408987497986],[-104.998951798091,39.7409369299529],[-104.998979970858,39.7409754834987],[-104.999025729358,39.7410412213449],[-104.99904319742,39.7410848769382],[-104.999057186236,39.7411178796667],[-104.999074691102,39.7411563879735],[-104.999095774143,39.7411918229758],[-104.999113338125,39.7412220959091],[-104.99911946501,39.7412355048426],[-104.999298524079,39.7415574627287],[-104.999336145127,39.7416423830047],[-104.999385206041,39.7417438231164],[-104.999434344688,39.7418342829131],[-104.999487062159,39.7419216692255],[-104.999524818314,39.7419877161397],[-104.999542335639,39.7420245082859],[-104.999654567239,39.7422435772805],[-104.999702925579,39.7423189342985],[-104.999744992921,39.7424038733192],[-104.999793861088,39.7425324220315],[-104.999839425845,39.7426256116413],[-104.999874224313,39.7427324814957],[-104.999908117103,39.7428417497159],[-104.999946589933,39.7429321637787],[-104.9999886186,39.7430225927335],[-105.00000957519,39.7430758713342],[-105.000044724216,39.7431336710083],[-105.000096495734,39.7432292889426],[-105.000135066072,39.7433059769729],[-105.000184148867,39.7434046719702],[-105.000219143945,39.7434840899354],[-105.000254002623,39.7435827242848],[-105.000271044506,39.7436864300421],[-105.000287292479,39.7437767495304],[-105.000290273855,39.7438574043676],[-105.000295926627,39.7440622935939],[-105.000301595965,39.7442647804458],[-105.000324891587,39.7444889613735],[-105.000341728426,39.7446214917428],[-105.000365394169,39.7447938571816],[-105.000389081315,39.7449631344181],[-105.000398950026,39.7450753887305],[-105.000405311879,39.7451807649944],[-105.000411238816,39.7453472218016],[-105.00041452108,39.7453856692614],[-105.000421583231,39.7455198840415],[-105.00014873602,39.7457537782755],[-104.998958874989,39.7466659782739],[-104.99774836582,39.7476017552708],[-104.996552990166,39.7485303785992],[-104.995333576622,39.7494588863761],[-104.994127316965,39.7504083702858],[-104.992928269053,39.7513396857057],[-104.991690824998,39.7522890101521],[-104.990830758177,39.7515903997388],[-104.989975676103,39.7509422485252],[-104.989101339942,39.7502542012116],[-104.988670733982,39.7499256455063],[-104.988226867915,39.7495870792343],[-104.987525738607,39.7490483597403],[-104.987396921799,39.7489125945654],[-104.98739847203,39.7482139330102],[-104.98740027988,39.747358465168]]]},"properties":{"OBJECTID":288,"NBHD_NAME":"CBD","NBHD_ID":10,"DIST_NUM":9,"Nmbr_Age25Plus_NoDiplomaOrGED":140,"Pct_Age25Plus_NoDiplomaOrGED":4.24371022,"Nmbr_Age25Plus_NoCollDegree":973,"Pct_Age25Plus_NoCollDegree":29.493786,"Nmbr_Age25Plus_LessThanBA":1026,"Pct_Age25Plus_LessThanBA":31.10033343,"Nmbr_PopulationUnder18":20,"Pct_PopulationUnder18":0.43187217,"Nmbr_PopulationOver70":205,"Pct_PopulationOver70":4.4266897,"Nmbr_Age25Plus":3299,"Pct_Age25Plus":71.23731376,"Nmbr_OccupiedUnitsWithRenters":2067,"Pct_OccupiedUnitsWithRenters":73.14225053,"Nmbr_OccupiedUnitsWithOwners":759,"Pct_OccupiedUnitsWithOwners":26.85774947,"Nmbr_OccupiedUnits":2826,"Nmbr_HouseholdsCostBurdened":1017,"Pct_HouseholdsCostBurdened":35.98726115,"Nmbr_PerCapitaIncome":208374,"Nmbr_PopulationPovDetermined":4256,"Nmbr_PopulationInPoverty":987,"Pct_PopulationInPoverty":23.19078947,"Nmbr_HouseholdsNoVehAccess":960,"Pct_HouseholdsNoVehAccess":33.97027601,"Nmbr_Households":2826,"Nmbr_PopulationWithDisability":578,"Pct_PopulationWithDisability":12.48110559,"Nmbr_PopCivilianNonInstitution":4631,"Nmbr_Population":4631,"Nmbr_Under18SingleParentFam":13,"Pct_Under18InSingleParentFam":100,"Nmbr_PopUnder18InHouseholds":13,"Nmbr_PopulationDensity":10743.19169238,"Nmbr_PopNonHispanicWhite":3255,"Pct_PopNonHispanicWhite":70.28719499,"Nmbr_PopulationMinority":1376,"Pct_PopulationMinority":29.71280501,"Pct_PopOver16Unemployed":4.91457341,"GlobalID":"a26b1bad-6931-4a2d-aa20-6327475f90bd"}},{"type":"Feature","id":289,"geometry":{"type":"Polygon","coordinates":[[[-104.991690824998,39.7522890101521],[-104.992928269053,39.7513396857057],[-104.994127316965,39.7504083702858],[-104.995333576622,39.7494588863761],[-104.996552990166,39.7485303785992],[-104.99774836582,39.7476017552708],[-104.998958874989,39.7466659782739],[-105.00014873602,39.7457537782755],[-105.000421583231,39.7455198840415],[-105.000436446373,39.745802355736],[-105.000442681238,39.7459255757892],[-105.000414478318,39.7463900908956],[-105.000414177635,39.7464322982075],[-105.000413808507,39.7464841133296],[-105.000423912146,39.7465634255155],[-105.000448240984,39.7466427982336],[-105.000471661035,39.7467249120861],[-105.000548513712,39.7469194652498],[-105.000594356277,39.7469742219263],[-105.000626051335,39.7470179371499],[-105.000667331313,39.7470891459854],[-105.000709517577,39.7471579565742],[-105.000737597947,39.7472098924291],[-105.000769049693,39.7472879224766],[-105.00080748647,39.7473838263406],[-105.000866042319,39.7475261417889],[-105.000866310061,39.747526642079],[-105.000918687444,39.7476245080924],[-105.000953800428,39.7476877977811],[-105.001017173178,39.7477779737756],[-105.001040845753,39.7478247433813],[-105.00113881723,39.7480506129692],[-105.001205570939,39.7481655104693],[-105.00130691799,39.748291878839],[-105.001405270999,39.7484642169537],[-105.001467773055,39.7485519869119],[-105.001524227187,39.7486150236806],[-105.001714095736,39.7487963284693],[-105.001795444337,39.7488594707008],[-105.001932571188,39.7489557918217],[-105.00203431083,39.7490272557709],[-105.002193509208,39.749145631898],[-105.002291636542,39.7492249731569],[-105.002517227476,39.7493844656795],[-105.002654415016,39.7494725502459],[-105.00278537872,39.7495606087552],[-105.002940133977,39.7496789652679],[-105.003055928589,39.749774852015],[-105.003214299595,39.749884987681],[-105.003274449359,39.7499288222399],[-105.003404437814,39.7500292296576],[-105.003608520745,39.7502133363811],[-105.003784367717,39.7503671258279],[-105.003950667914,39.7504879318598],[-105.00444335597,39.7508492922143],[-105.004608691788,39.7509810742063],[-105.004774064579,39.751107708646],[-105.004897863157,39.751203970363],[-105.005056184836,39.7513219960703],[-105.005411744879,39.7515873777383],[-105.005587714863,39.7517246935815],[-105.005707961426,39.7518205964698],[-105.005799037309,39.7518923554427],[-105.005928997277,39.7519979066609],[-105.00617923024,39.7521959289874],[-105.006355203257,39.7523332432507],[-105.006445657635,39.7524017253912],[-105.006503787991,39.7524457357131],[-105.006577179494,39.7525036933387],[-105.006763833238,39.7526396793504],[-105.006968164205,39.7527908382225],[-105.00711580416,39.7529115610542],[-105.007257256759,39.753027110829],[-105.007387192156,39.7531367788637],[-105.007510137909,39.7532289159205],[-105.007566716972,39.7532754788604],[-105.00760918328,39.7533058541987],[-105.007770916373,39.7534458520331],[-105.00782738037,39.7535088858656],[-105.007859023198,39.7535611781383],[-105.007889721569,39.7536213586033],[-105.007917617718,39.7537007442385],[-105.007948504344,39.7538607844088],[-105.007983111595,39.7539975049821],[-105.008038885271,39.7541590215393],[-105.008107938329,39.7543288294836],[-105.008132213308,39.7544174653074],[-105.00816687681,39.7545462936317],[-105.008173282485,39.7546472083261],[-105.008183453776,39.7547182840733],[-105.008186106127,39.7547826706341],[-105.008186492835,39.7547920755573],[-105.007583783118,39.7554034615937],[-105.007154438928,39.7558906620662],[-105.007023515865,39.756047279105],[-105.0068371212,39.7562523919485],[-105.006747400183,39.7563662867804],[-105.006645936376,39.7565062123708],[-105.006597510384,39.7565643459056],[-105.006507808419,39.7566754954356],[-105.006440796582,39.7567521715383],[-105.006328523327,39.7568806372474],[-105.006175183678,39.7570632393238],[-105.006115944364,39.7571415731757],[-105.006033433657,39.7572414284224],[-105.005943770774,39.7573467442155],[-105.00586924299,39.757449378038],[-105.005838587403,39.7575093018151],[-105.0058273924,39.7575837194277],[-105.00581169342,39.7576663538925],[-105.005796061926,39.7577393807286],[-105.005755383196,39.757833577897],[-105.0056985396,39.757950354915],[-105.005653574161,39.7580218861391],[-105.005612308607,39.7580731857448],[-105.005496716794,39.7581982954237],[-105.005157239198,39.758547230326],[-105.005074926835,39.7586186041],[-105.004866531912,39.7587893054268],[-105.004728707582,39.7589143205533],[-105.004538012487,39.7590967635588],[-105.004422235169,39.7592476074206],[-105.004294713361,39.7594244820798],[-105.004249757876,39.7594942964113],[-105.004186804514,39.7595942326678],[-105.004114901042,39.7597023669923],[-105.004025229704,39.7598080240892],[-105.003917938465,39.7598902724718],[-105.003816910735,39.7599670566357],[-105.003716759837,39.7600455603254],[-105.003586348283,39.7601277107175],[-105.0034300667,39.7602214194219],[-105.003168867383,39.7604060402373],[-105.001893606772,39.7597612722438],[-105.00177819667,39.7596715668845],[-105.001330647518,39.7594582878537],[-105.000825549723,39.7592101040804],[-105.000104374849,39.7588367786565],[-104.999830776618,39.7586722740557],[-104.999547640587,39.758473755867],[-104.998574674099,39.7577493309749],[-104.997377530667,39.7567644475048],[-104.997019222016,39.7564696613377],[-104.996118952422,39.7557289781813],[-104.99514791645,39.7549935509497],[-104.994701297971,39.7546580863159],[-104.994272374385,39.7543353930582],[-104.993827678443,39.7539810596671],[-104.993418351848,39.7536546726414],[-104.992992432935,39.7532870333838],[-104.992597448944,39.752945606244],[-104.992143693171,39.752616964111],[-104.991690824998,39.7522890101521]]]},"properties":{"OBJECTID":289,"NBHD_NAME":"Union Station","NBHD_ID":63,"DIST_NUM":9,"Nmbr_Age25Plus_NoDiplomaOrGED":128,"Pct_Age25Plus_NoDiplomaOrGED":1.67648985,"Nmbr_Age25Plus_NoCollDegree":1230,"Pct_Age25Plus_NoCollDegree":16.11001965,"Nmbr_Age25Plus_LessThanBA":1598,"Pct_Age25Plus_LessThanBA":20.92992796,"Nmbr_PopulationUnder18":148,"Pct_PopulationUnder18":1.71534539,"Nmbr_PopulationOver70":872,"Pct_PopulationOver70":10.10662958,"Nmbr_Age25Plus":7635,"Pct_Age25Plus":88.49095967,"Nmbr_OccupiedUnitsWithRenters":4054,"Pct_OccupiedUnitsWithRenters":72.32827832,"Nmbr_OccupiedUnitsWithOwners":1551,"Pct_OccupiedUnitsWithOwners":27.67172168,"Nmbr_OccupiedUnits":5605,"Nmbr_HouseholdsCostBurdened":2132,"Pct_HouseholdsCostBurdened":38.03746655,"Nmbr_PerCapitaIncome":309353,"Nmbr_PopulationPovDetermined":8628,"Nmbr_PopulationInPoverty":855,"Pct_PopulationInPoverty":9.90959666,"Nmbr_HouseholdsNoVehAccess":1052,"Pct_HouseholdsNoVehAccess":18.76895629,"Nmbr_Households":5605,"Nmbr_PopulationWithDisability":907,"Pct_PopulationWithDisability":10.51228558,"Nmbr_PopCivilianNonInstitution":8628,"Nmbr_Population":8628,"Nmbr_Under18SingleParentFam":87,"Pct_Under18InSingleParentFam":58.78378378,"Nmbr_PopUnder18InHouseholds":148,"Nmbr_PopulationDensity":19667.48272871,"Nmbr_PopNonHispanicWhite":6860,"Pct_PopNonHispanicWhite":79.50857673,"Nmbr_PopulationMinority":1768,"Pct_PopulationMinority":20.49142327,"Pct_PopOver16Unemployed":2.56002357,"GlobalID":"ee4a86d6-20f9-4ae2-b099-b42e65a97e02"}},{"type":"Feature","id":290,"geometry":{"type":"Polygon","coordinates":[[[-104.866035226846,39.7984106722269],[-104.866040845538,39.7983873051247],[-104.866057610699,39.7982573331787],[-104.866046505285,39.7969407364078],[-104.865999465605,39.7945106222499],[-104.865991566998,39.7926823828447],[-104.865985151453,39.7911979843656],[-104.865981344664,39.7903167098102],[-104.865978531754,39.7901377469761],[-104.865944249304,39.78674778632],[-104.86591955869,39.7843062996159],[-104.865900636768,39.7824352977716],[-104.86590412818,39.7822781800517],[-104.865897559104,39.7805965804033],[-104.865890776699,39.7788609523365],[-104.86589035898,39.7786859734119],[-104.865894835167,39.7770813022713],[-104.865892498524,39.7769115926506],[-104.865887872863,39.7759386707832],[-104.865887419007,39.7758432903036],[-104.865812197934,39.7758403610147],[-104.862896999387,39.7755800034258],[-104.861540504995,39.7754679077232],[-104.859786720589,39.7753229585196],[-104.856590172525,39.7750475663119],[-104.853744990682,39.7748007016958],[-104.851880152671,39.7746297444671],[-104.851061216698,39.7745546612475],[-104.848054815946,39.7742934256624],[-104.847035536838,39.7742046805554],[-104.845054198651,39.7740321488939],[-104.841941329632,39.7737646526654],[-104.840792280313,39.7736658906886],[-104.837607366975,39.7733944928995],[-104.834462866819,39.7731187917764],[-104.833824236449,39.7730632141901],[-104.831566010807,39.7728666519568],[-104.830389048627,39.772766307092],[-104.828163414852,39.7725765212325],[-104.828163789146,39.7724787396339],[-104.82817337861,39.7691580496124],[-104.832869116538,39.7691727433775],[-104.832868995263,39.7665688557209],[-104.832870027451,39.7663667397982],[-104.83359141017,39.7665400032863],[-104.835572835003,39.7669173536967],[-104.837590237433,39.7671600123239],[-104.856403829082,39.7685694042155],[-104.856397935601,39.7676613757677],[-104.856362711606,39.7620049032082],[-104.856337809564,39.7581305013478],[-104.855481762726,39.7578097671324],[-104.854972891344,39.7579318895567],[-104.854827785516,39.757852853787],[-104.854314430415,39.7580754947348],[-104.85344788467,39.757640759002],[-104.85297077639,39.7575005301667],[-104.852018997118,39.7573419019862],[-104.850777601473,39.756770563763],[-104.848218913856,39.7564335093643],[-104.848012708848,39.7554674017126],[-104.847738962041,39.7552627347826],[-104.846868719978,39.7552328581738],[-104.846863679494,39.7547239235356],[-104.85631654379,39.7547320766438],[-104.86577912595,39.7547467287305],[-104.865967633323,39.7547467148846],[-104.865967839572,39.7548222110806],[-104.875219843252,39.7548198704391],[-104.875326543386,39.7548200936664],[-104.8753263268,39.7547445974857],[-104.879934974774,39.7547442599749],[-104.879940769176,39.7474524930447],[-104.884657378065,39.7474552875353],[-104.884664081656,39.7474684820316],[-104.885826739317,39.7474663763966],[-104.887001445283,39.7474656402917],[-104.888174541234,39.7474648816321],[-104.889330364641,39.7474643646296],[-104.890505371402,39.7474640520621],[-104.891681144011,39.7474620727962],[-104.892846753843,39.7474607175148],[-104.894015040578,39.7474580966033],[-104.896375655316,39.7474506624123],[-104.897560561332,39.7474446070272],[-104.898767376843,39.7474425992407],[-104.898749603014,39.749825748908],[-104.898734944157,39.7510167499939],[-104.899890083189,39.7510206200116],[-104.901062970721,39.7510175704262],[-104.902237232694,39.7510186654715],[-104.90342757858,39.7510165703016],[-104.903424647649,39.7522130106541],[-104.90342363715,39.7534079249993],[-104.903403318563,39.7547306972849],[-104.903393728136,39.7580154427718],[-104.903458937319,39.7584100508932],[-104.903461861237,39.7602196616086],[-104.903456516909,39.761424142924],[-104.903439419912,39.7619838090708],[-104.903429001385,39.7638359291653],[-104.903449261707,39.7656435790182],[-104.903447094583,39.7667264312796],[-104.903452079069,39.7674606385782],[-104.9034582834,39.7680471543856],[-104.903516910233,39.7681918610163],[-104.903513298545,39.768475581388],[-104.903495186934,39.7692772720204],[-104.903493164134,39.771101628357],[-104.903492028448,39.7717692487285],[-104.903497518669,39.7727333974808],[-104.903499951203,39.7733124632247],[-104.903505825373,39.7734353096029],[-104.903511611327,39.7735688313074],[-104.903531121922,39.7737157733489],[-104.903540748827,39.7738039283743],[-104.903556824491,39.7739481826834],[-104.903619246012,39.7743383022031],[-104.903642237047,39.7744825915002],[-104.903654965377,39.7746134796034],[-104.90365740119,39.774733637632],[-104.903660106327,39.7748202653129],[-104.903583955848,39.7752325323951],[-104.90358677517,39.7765274370442],[-104.903565413619,39.7773110902317],[-104.903496844312,39.7773932610475],[-104.903560570455,39.7774409537162],[-104.903568499366,39.7781851489103],[-104.903568052717,39.7782376407184],[-104.903567439453,39.7783097134356],[-104.903568839809,39.7784311494643],[-104.903569520023,39.778489841509],[-104.903571493216,39.7786601089436],[-104.903549703148,39.7791539419768],[-104.903539269894,39.779284500285],[-104.90353135311,39.7793356928983],[-104.903542103622,39.7814672238429],[-104.903534610222,39.7828358882414],[-104.903510614306,39.7838233737774],[-104.90353395117,39.7911158632001],[-104.903554749766,39.7983935637716],[-104.901419390953,39.7983923384332],[-104.901417260195,39.8002041737821],[-104.899068305072,39.8002028499365],[-104.899070496502,39.7983910141778],[-104.894165399138,39.7983881890582],[-104.884627455712,39.7983830051762],[-104.884449507364,39.7983831046585],[-104.884427334639,39.8056674369304],[-104.884405467434,39.8128151762319],[-104.875332583001,39.8128302095379],[-104.866260575048,39.8128455787984],[-104.866236253565,39.8056965554051],[-104.866213175613,39.7984106003682],[-104.866035226846,39.7984106722269]]]},"properties":{"OBJECTID":290,"NBHD_NAME":"Central Park","NBHD_ID":60,"DIST_NUM":8,"Nmbr_Age25Plus_NoDiplomaOrGED":408,"Pct_Age25Plus_NoDiplomaOrGED":2.08418472,"Nmbr_Age25Plus_NoCollDegree":4963,"Pct_Age25Plus_NoCollDegree":25.35247242,"Nmbr_Age25Plus_LessThanBA":5653,"Pct_Age25Plus_LessThanBA":28.87719657,"Nmbr_PopulationUnder18":9561,"Pct_PopulationUnder18":31.93493437,"Nmbr_PopulationOver70":1021,"Pct_PopulationOver70":3.41026754,"Nmbr_Age25Plus":19576,"Pct_Age25Plus":65.38628545,"Nmbr_OccupiedUnitsWithRenters":3024,"Pct_OccupiedUnitsWithRenters":29.71406112,"Nmbr_OccupiedUnitsWithOwners":7153,"Pct_OccupiedUnitsWithOwners":70.28593888,"Nmbr_OccupiedUnits":10177,"Nmbr_HouseholdsCostBurdened":2650,"Pct_HouseholdsCostBurdened":26.03910779,"Nmbr_PerCapitaIncome":372033,"Nmbr_PopulationPovDetermined":27842,"Nmbr_PopulationInPoverty":804,"Pct_PopulationInPoverty":2.88772358,"Nmbr_HouseholdsNoVehAccess":388,"Pct_HouseholdsNoVehAccess":3.81251842,"Nmbr_Households":10177,"Nmbr_PopulationWithDisability":1244,"Pct_PopulationWithDisability":4.44873583,"Nmbr_PopCivilianNonInstitution":27963,"Nmbr_Population":29939,"Nmbr_Under18SingleParentFam":1232,"Pct_Under18InSingleParentFam":12.88568141,"Nmbr_PopUnder18InHouseholds":9561,"Nmbr_PopulationDensity":3332.99903613,"Nmbr_PopNonHispanicWhite":20022,"Pct_PopNonHispanicWhite":66.87598116,"Nmbr_PopulationMinority":9917,"Pct_PopulationMinority":33.12401884,"Pct_PopOver16Unemployed":3.56434828,"GlobalID":"94aa3ce8-bb4d-408b-bcaa-e95dda455571"}},{"type":"Feature","id":291,"geometry":{"type":"Polygon","coordinates":[[[-104.809897981937,39.7728315437287],[-104.819253950229,39.7728136087094],[-104.828162608066,39.7727875757371],[-104.828163414852,39.7725765212325],[-104.830389048627,39.772766307092],[-104.831566010807,39.7728666519568],[-104.833824236449,39.7730632141901],[-104.834462866819,39.7731187917764],[-104.837607366975,39.7733944928995],[-104.840792280313,39.7736658906886],[-104.841941329632,39.7737646526654],[-104.845054198651,39.7740321488939],[-104.847035536838,39.7742046805554],[-104.848054815946,39.7742934256624],[-104.851061216698,39.7745546612475],[-104.851880152671,39.7746297444671],[-104.853744990682,39.7748007016958],[-104.856590172525,39.7750475663119],[-104.859786720589,39.7753229585196],[-104.861540504995,39.7754679077232],[-104.862896999387,39.7755800034258],[-104.865812197934,39.7758403610147],[-104.865887419007,39.7758432903036],[-104.865887872863,39.7759386707832],[-104.865892498524,39.7769115926506],[-104.865894835167,39.7770813022713],[-104.86589035898,39.7786859734119],[-104.865890776699,39.7788609523365],[-104.865897559104,39.7805965804033],[-104.86590412818,39.7822781800517],[-104.865900636768,39.7824352977716],[-104.86591955869,39.7843062996159],[-104.865944249304,39.78674778632],[-104.865978531754,39.7901377469761],[-104.865981344664,39.7903167098102],[-104.865985151453,39.7911979843656],[-104.865991566998,39.7926823828447],[-104.865999465605,39.7945106222499],[-104.866046505285,39.7969407364078],[-104.866057610699,39.7982573331787],[-104.866040845538,39.7983873051247],[-104.866035226846,39.7984106722269],[-104.856614060397,39.7983791413673],[-104.847192905398,39.798346513922],[-104.83764402968,39.798271579306],[-104.828094290623,39.7981951785977],[-104.81916787175,39.7982516643123],[-104.809632058852,39.79830680313],[-104.809690925165,39.7969845380518],[-104.80970988139,39.7967362906219],[-104.809721905415,39.7947913592038],[-104.809752718576,39.7904311749861],[-104.809753888013,39.7902647115845],[-104.809769770458,39.7878684438915],[-104.809797351864,39.7837554990995],[-104.809849005738,39.7803456044267],[-104.809876782115,39.7784721865896],[-104.80990215947,39.7767604858132],[-104.809904610154,39.7765951661345],[-104.809897919818,39.7750489014607],[-104.809879307823,39.7731883492844],[-104.809897981937,39.7728315437287]]]},"properties":{"OBJECTID":291,"NBHD_NAME":"Montbello","NBHD_ID":45,"DIST_NUM":11,"Nmbr_Age25Plus_NoDiplomaOrGED":6032,"Pct_Age25Plus_NoDiplomaOrGED":28.85986316,"Nmbr_Age25Plus_NoCollDegree":16427,"Pct_Age25Plus_NoCollDegree":78.59432563,"Nmbr_Age25Plus_LessThanBA":18020,"Pct_Age25Plus_LessThanBA":86.21597053,"Nmbr_PopulationUnder18":10620,"Pct_PopulationUnder18":30.19876589,"Nmbr_PopulationOver70":1992,"Pct_PopulationOver70":5.66440129,"Nmbr_Age25Plus":20901,"Pct_Age25Plus":59.43355987,"Nmbr_OccupiedUnitsWithRenters":3584,"Pct_OccupiedUnitsWithRenters":36.77406115,"Nmbr_OccupiedUnitsWithOwners":6162,"Pct_OccupiedUnitsWithOwners":63.22593885,"Nmbr_OccupiedUnits":9746,"Nmbr_HouseholdsCostBurdened":3673,"Pct_HouseholdsCostBurdened":37.68725631,"Nmbr_PerCapitaIncome":137438,"Nmbr_PopulationPovDetermined":35002,"Nmbr_PopulationInPoverty":4456,"Pct_PopulationInPoverty":12.7307011,"Nmbr_HouseholdsNoVehAccess":640,"Pct_HouseholdsNoVehAccess":6.56679663,"Nmbr_Households":9746,"Nmbr_PopulationWithDisability":3282,"Pct_PopulationWithDisability":9.33978372,"Nmbr_PopCivilianNonInstitution":35140,"Nmbr_Population":35167,"Nmbr_Under18SingleParentFam":2500,"Pct_Under18InSingleParentFam":23.56045613,"Nmbr_PopUnder18InHouseholds":10611,"Nmbr_PopulationDensity":6947.73788536,"Nmbr_PopNonHispanicWhite":2948,"Pct_PopNonHispanicWhite":8.38285893,"Nmbr_PopulationMinority":32219,"Pct_PopulationMinority":91.61714107,"Pct_PopOver16Unemployed":7.47287606,"GlobalID":"f6456940-82b5-4a2e-8aab-4f3031755cb8"}},{"type":"Feature","id":292,"geometry":{"type":"Polygon","coordinates":[[[-104.884700198944,39.732847155326],[-104.884712932715,39.7305674901431],[-104.884780242332,39.730457379164],[-104.884855508264,39.7303503832542],[-104.884938489718,39.7302468448221],[-104.885028920979,39.7301470951536],[-104.885126512653,39.7300514535663],[-104.885230952459,39.7299602260085],[-104.885341906081,39.7298737045113],[-104.885459018541,39.7297921658923],[-104.885581914923,39.7297158711061],[-104.886408004906,39.7292320793904],[-104.886465483809,39.7291913068042],[-104.886521117344,39.729149035664],[-104.88503280807,39.7281431960728],[-104.884925284267,39.7280663018065],[-104.884823519866,39.7279848685597],[-104.884727835649,39.727899153026],[-104.882508267805,39.7255896608608],[-104.881997208404,39.7250570550744],[-104.881823591614,39.7251562165584],[-104.881681222944,39.7252336931414],[-104.881534402391,39.7253060463181],[-104.881383438931,39.7253731239231],[-104.881228650224,39.7254347846781],[-104.881070362085,39.7254908989421],[-104.880908907576,39.7255413485064],[-104.880744626482,39.725586027244],[-104.880546253584,39.7255856492947],[-104.880546251466,39.7255858597188],[-104.875332766004,39.7255755984874],[-104.875343967903,39.7192271372521],[-104.875226657361,39.7192268574484],[-104.875222031244,39.7191475619654],[-104.875208514907,39.7190685625945],[-104.875186988857,39.7189908935033],[-104.875155668372,39.7189152309185],[-104.875116331139,39.7188415848773],[-104.87506896567,39.7187713277361],[-104.875013574257,39.7187041165166],[-104.874951037514,39.7186409855821],[-104.874881350775,39.7185822772249],[-104.874805397888,39.7185286830453],[-104.874724067253,39.7184802080046],[-104.874637352554,39.7184375380702],[-104.874546142379,39.7184006776541],[-104.874450430852,39.7183703133792],[-104.874352886998,39.7183461162989],[-104.87425172429,39.7183291061493],[-104.874149614543,39.7183186114254],[-104.874047444114,39.7183149794208],[-104.870643645309,39.7183136330186],[-104.870666102058,39.7110547973546],[-104.870664756922,39.7102140364496],[-104.870665226809,39.710033245596],[-104.875373456781,39.7088980366835],[-104.878979574507,39.7080434205942],[-104.883130191439,39.707056979476],[-104.883613266441,39.7069563865937],[-104.883809539056,39.706929576579],[-104.884109519934,39.7069119822192],[-104.884425859774,39.7069152356254],[-104.884730905788,39.7069366011758],[-104.884938952624,39.7069664102825],[-104.885150720361,39.707007162654],[-104.885371801697,39.7070641304424],[-104.885555621743,39.7071205125986],[-104.885821839851,39.7072189802648],[-104.886009615219,39.7073049038998],[-104.886240996744,39.7074347388625],[-104.886509807622,39.7075963191689],[-104.886815797894,39.7077904136295],[-104.887309856569,39.7080931573525],[-104.887559676487,39.7082488360902],[-104.888675816307,39.708944359558],[-104.889291239907,39.7093278501809],[-104.889847145974,39.7096709196463],[-104.890994623489,39.7103790499076],[-104.891585285899,39.7107510007544],[-104.891860353388,39.710918668241],[-104.892126426292,39.711036536166],[-104.892370799434,39.7111203145009],[-104.892559010494,39.7111552725503],[-104.892909879488,39.7111932127983],[-104.901709273093,39.7112084419509],[-104.90335952665,39.7112112249235],[-104.903494676757,39.7112824179375],[-104.903644334021,39.7112325158399],[-104.904446024373,39.7112129665033],[-104.906473543061,39.7111969918482],[-104.908686627393,39.7112076228806],[-104.909689066993,39.7111998667618],[-104.910236800857,39.711201983284],[-104.910097472819,39.7113837873578],[-104.909977513352,39.7115397915077],[-104.909096556927,39.7126624012713],[-104.908765085808,39.7130847761381],[-104.907687465757,39.7144578698894],[-104.90746042289,39.714747160633],[-104.90745444107,39.7147547825184],[-104.90743191312,39.7147834876252],[-104.910146662208,39.7148010472167],[-104.912699153925,39.7147952686224],[-104.912697438742,39.7162508502445],[-104.912695047449,39.7182802173449],[-104.912781294402,39.7183638738903],[-104.911643452793,39.7183624960007],[-104.910691626989,39.7183629947403],[-104.909729114961,39.7183625599022],[-104.908777141655,39.7183660159084],[-104.908382758475,39.718370162537],[-104.908356097805,39.7183700284504],[-104.908329437394,39.718369894359],[-104.908276113681,39.7183699690735],[-104.908222789769,39.7183700442145],[-104.908169465533,39.7183701192794],[-104.908166915297,39.7184617307961],[-104.908165511324,39.7186281576153],[-104.908164978644,39.7187966480932],[-104.908157866986,39.7200610300805],[-104.908148309703,39.721509951999],[-104.908146847726,39.7216832413986],[-104.908146121008,39.721874722894],[-104.908145003527,39.7220071778541],[-104.90794414194,39.7220071965847],[-104.906865168321,39.7220082815827],[-104.90666075169,39.7220082804489],[-104.906521604629,39.7220084594458],[-104.906007500564,39.7220091017373],[-104.905789790528,39.7220045709245],[-104.904772727583,39.7220023912026],[-104.903734720045,39.7219956844698],[-104.903536627419,39.7219956121454],[-104.903534036598,39.722385127451],[-104.903528929062,39.7232751021166],[-104.903519999565,39.724831001571],[-104.903510703307,39.7250399806131],[-104.903493838875,39.7252547278241],[-104.903407530046,39.7256419597829],[-104.903454722485,39.7266993842101],[-104.903459580994,39.7268808333947],[-104.903464936222,39.7270188023765],[-104.903460478271,39.7280717063382],[-104.903464081865,39.728673399383],[-104.90346774415,39.7292849896942],[-104.903468825736,39.729576021645],[-104.903468066612,39.7298768563641],[-104.903467623859,39.7300455185375],[-104.903464836454,39.7307177346749],[-104.90346331452,39.7316872901669],[-104.903458717005,39.7328950518736],[-104.902039871883,39.7328725905294],[-104.900976539967,39.7328753491475],[-104.899892804304,39.7328739439452],[-104.898763546456,39.7328722961533],[-104.897759373749,39.7328690980113],[-104.897588552106,39.7328685530163],[-104.896870257101,39.7328662590601],[-104.896513183836,39.7328651170615],[-104.895981140784,39.7328634136425],[-104.89519999923,39.7328609078942],[-104.893369186899,39.7328550155453],[-104.890595364297,39.7328550490189],[-104.889422395697,39.7328505469566],[-104.888226440762,39.7328531894107],[-104.88704721658,39.7328533659964],[-104.885868189264,39.7328513351513],[-104.884708734459,39.7328472017688],[-104.884700198944,39.732847155326]]]},"properties":{"OBJECTID":292,"NBHD_NAME":"Lowry Field","NBHD_ID":42,"DIST_NUM":5,"Nmbr_Age25Plus_NoDiplomaOrGED":97,"Pct_Age25Plus_NoDiplomaOrGED":1.38058639,"Nmbr_Age25Plus_NoCollDegree":1653,"Pct_Age25Plus_NoCollDegree":23.52690009,"Nmbr_Age25Plus_LessThanBA":1969,"Pct_Age25Plus_LessThanBA":28.0244805,"Nmbr_PopulationUnder18":1418,"Pct_PopulationUnder18":15.73632227,"Nmbr_PopulationOver70":1241,"Pct_PopulationOver70":13.77205638,"Nmbr_Age25Plus":7026,"Pct_Age25Plus":77.97136833,"Nmbr_OccupiedUnitsWithRenters":2063,"Pct_OccupiedUnitsWithRenters":46.56884876,"Nmbr_OccupiedUnitsWithOwners":2367,"Pct_OccupiedUnitsWithOwners":53.43115124,"Nmbr_OccupiedUnits":4430,"Nmbr_HouseholdsCostBurdened":1322,"Pct_HouseholdsCostBurdened":29.84198646,"Nmbr_PerCapitaIncome":147530,"Nmbr_PopulationPovDetermined":8962,"Nmbr_PopulationInPoverty":771,"Pct_PopulationInPoverty":8.6029904,"Nmbr_HouseholdsNoVehAccess":503,"Pct_HouseholdsNoVehAccess":11.35440181,"Nmbr_Households":4430,"Nmbr_PopulationWithDisability":827,"Pct_PopulationWithDisability":9.20422927,"Nmbr_PopCivilianNonInstitution":8985,"Nmbr_Population":9011,"Nmbr_Under18SingleParentFam":291,"Pct_Under18InSingleParentFam":20.83035075,"Nmbr_PopUnder18InHouseholds":1397,"Nmbr_PopulationDensity":3494.2190682,"Nmbr_PopNonHispanicWhite":6658,"Pct_PopNonHispanicWhite":73.88747087,"Nmbr_PopulationMinority":2353,"Pct_PopulationMinority":26.11252913,"Pct_PopOver16Unemployed":5.11365228,"GlobalID":"3c6caca7-8002-43ea-a77e-2a8265f65bd2"}},{"type":"Feature","id":293,"geometry":{"type":"Polygon","coordinates":[[[-105.025213503221,39.7463644142577],[-105.025210094737,39.7451606048705],[-105.025218246676,39.743956499418],[-105.025219432646,39.7427307464981],[-105.025218373669,39.7423999370373],[-105.025212868402,39.7406800111519],[-105.025219960896,39.7404202694858],[-105.025221422539,39.7400729999003],[-105.025224878122,39.7398252541428],[-105.025151843701,39.7380072524709],[-105.025175469048,39.7365943677543],[-105.025292291591,39.7365755089957],[-105.025323143726,39.7365705284294],[-105.025433256554,39.736505652977],[-105.025552404883,39.7364354537749],[-105.025589628989,39.7364167396249],[-105.025660586541,39.7363810658939],[-105.025948993659,39.7362360689535],[-105.02597313729,39.7362162112773],[-105.025993550424,39.7362020381596],[-105.026036182287,39.7361794029932],[-105.026086086174,39.736173903001],[-105.026135999618,39.7361669777769],[-105.026193300692,39.7361600808243],[-105.026198562372,39.7361594871754],[-105.026254295536,39.7361531987659],[-105.026330132938,39.7361363996321],[-105.026387530216,39.7361152490255],[-105.026638602425,39.7360302240548],[-105.026912475773,39.7359515028738],[-105.027017872264,39.7359358437873],[-105.027089958198,39.7359251336816],[-105.027130637859,39.7359181695191],[-105.027186042789,39.7359183921647],[-105.027230358557,39.7359199954788],[-105.027282060103,39.7359216298537],[-105.027339293558,39.7359247102715],[-105.027391016147,39.7359234927796],[-105.027453837439,39.7359194679344],[-105.027551808183,39.7359070326469],[-105.027736190682,39.7358858343621],[-105.027782307172,39.7358805322951],[-105.027839569463,39.735879336838],[-105.027909845442,39.7358653648688],[-105.027980021698,39.7358528194131],[-105.028089095574,39.7358333200905],[-105.028089211614,39.735833299327],[-105.028089905588,39.7358332798274],[-105.02817787968,39.7358308044084],[-105.028218530409,39.7358281169068],[-105.028272146756,39.7358197789198],[-105.028316510474,39.7358142557715],[-105.028610985087,39.7356928499778],[-105.028733155434,39.735652002759],[-105.028772025286,39.7356393297843],[-105.028823832006,39.7356252818969],[-105.029018340764,39.7355789805758],[-105.029036167299,39.7355747370863],[-105.029061830875,39.7355705652107],[-105.029272022636,39.7355363962158],[-105.029335691622,39.7355260460816],[-105.029503936713,39.735499636302],[-105.029537190142,39.7354983440156],[-105.029592575631,39.7355014159501],[-105.029597518823,39.7355024544498],[-105.029675569639,39.7355188521642],[-105.029740133092,39.7355305136649],[-105.029813987424,39.7355336607114],[-105.029937784937,39.735525602387],[-105.030283441247,39.7354827943036],[-105.030340885796,39.7354769428989],[-105.030430492813,39.7354678153143],[-105.030434444489,39.735467412779],[-105.030780216519,39.7354074992041],[-105.030865237806,39.7353978614242],[-105.030915131236,39.7353937831883],[-105.030919732383,39.7353929670285],[-105.030946565335,39.7353882075033],[-105.030969134765,39.7353889196341],[-105.030998268405,39.7353898388478],[-105.031046285444,39.7353900302297],[-105.031096207377,39.7353816762331],[-105.031144340564,39.7353647635929],[-105.031176678664,39.7353455573564],[-105.031177717696,39.7353449402365],[-105.031259340417,39.7352911001355],[-105.031272080521,39.7352829410127],[-105.031415481712,39.7351911023908],[-105.031425789707,39.7351845008428],[-105.031440600967,39.7351788587777],[-105.031460974602,39.7351703870066],[-105.031488800516,39.7351519681107],[-105.031524080595,39.7351235992816],[-105.031562997243,39.7351037992253],[-105.031637148093,39.735062757862],[-105.031716590836,39.7350383634802],[-105.031790759671,39.7350155885083],[-105.031829618468,39.7350036561378],[-105.031862938215,39.7349923852585],[-105.031925815484,39.7349798067055],[-105.032010837924,39.7349701667485],[-105.032219993652,39.7349709984444],[-105.032276781322,39.7349712241932],[-105.032334014285,39.7349743021829],[-105.032367238907,39.7349772847307],[-105.032402318909,39.7349788507985],[-105.032437360984,39.734986116347],[-105.03245578215,39.7349933171972],[-105.032570375971,39.7350668849238],[-105.03282914041,39.7352028845795],[-105.032840921368,39.7352090763508],[-105.032929250264,39.735249947913],[-105.03294034879,39.7352550833981],[-105.032999342559,39.7352709967489],[-105.033039935838,39.7352768602545],[-105.033087952805,39.7352770508033],[-105.033134123748,39.7352772340079],[-105.033191867459,39.7352715807369],[-105.033232073618,39.7352676444611],[-105.033299337554,39.7352633929245],[-105.033374088894,39.7352586680728],[-105.033510765275,39.7352577847659],[-105.033651078523,39.735265468664],[-105.033686119891,39.7352689899162],[-105.033710140616,39.7352714037303],[-105.033732611201,39.7352783389799],[-105.033770963396,39.7352901758447],[-105.03382746856,39.7353129257244],[-105.033831748318,39.7353146488234],[-105.033851977785,39.7353275576634],[-105.033863999702,39.7353416308352],[-105.033884965826,39.7353661743833],[-105.033892747723,39.7353750497933],[-105.033908794342,39.7353933514149],[-105.033941640372,39.7354533491991],[-105.033959891348,39.7354862051224],[-105.033968761754,39.7355060940185],[-105.033972629213,39.7355147634607],[-105.033981739558,39.7355333306384],[-105.034018478342,39.7355634092742],[-105.034064554789,39.7355778456821],[-105.034119913949,39.7355851925318],[-105.034343230903,39.7356088834056],[-105.034372139099,39.7356215840482],[-105.034402160872,39.7356347739425],[-105.03442883569,39.7356495160562],[-105.034446323426,39.7356591808233],[-105.034484919725,39.7356878414118],[-105.034521571849,39.7357307482384],[-105.034574336166,39.7358506922488],[-105.034585247222,39.7358763927925],[-105.034588770744,39.7359020641148],[-105.034595978649,39.735929175208],[-105.034603309444,39.7359377571501],[-105.034625349203,39.7359563740072],[-105.034647474144,39.73596216396],[-105.034678842014,39.7359665637572],[-105.034716900189,39.7359667142559],[-105.034727072402,39.7359667544792],[-105.03479735322,39.7359576178122],[-105.034885791777,39.7359205299505],[-105.034912257611,39.7359072964266],[-105.034949943772,39.7358884524709],[-105.035000800238,39.7358665325222],[-105.035038383907,39.7358513659057],[-105.035060665659,39.73584145272],[-105.035064920112,39.7358395598814],[-105.035087058353,39.7358260343965],[-105.035098250598,39.735800553374],[-105.035098453621,39.7357699238528],[-105.035090182606,39.735709274319],[-105.035103703534,39.7356650858628],[-105.035177070095,39.7355734862421],[-105.035363228142,39.7354295821575],[-105.035447478412,39.7353575620736],[-105.03545635662,39.7353499726792],[-105.03550739291,39.7353008257928],[-105.035569577858,39.7352330048481],[-105.035587383654,39.7352075512838],[-105.035636800927,39.7350699127719],[-105.035650334475,39.7350240221659],[-105.035652786944,39.7349865943546],[-105.035670637646,39.7349543337442],[-105.035695047701,39.7349306069463],[-105.035707978149,39.7349238395691],[-105.035751906394,39.7349008489756],[-105.035787361835,39.7348737628862],[-105.035834023866,39.734842396115],[-105.035842727892,39.7348365451694],[-105.035875933612,39.734816255982],[-105.035917465127,39.7348000506854],[-105.036077388809,39.7347376494366],[-105.036152246903,39.7347084401649],[-105.036207488868,39.7346899398802],[-105.03624080647,39.7346826383174],[-105.036291392162,39.7346715524764],[-105.036348827359,39.7346547629477],[-105.036373615227,39.734644759465],[-105.036386410087,39.7346395958939],[-105.036421808921,39.7346210172716],[-105.036488433455,39.7345481082909],[-105.03651287675,39.7345192778269],[-105.03654176292,39.7344853584215],[-105.036581730003,39.7344429746682],[-105.036612753197,39.7344192737734],[-105.03663870403,39.7344031683101],[-105.036648174349,39.7343972909128],[-105.036703863482,39.7343685349683],[-105.036723393747,39.7343584502349],[-105.036767623635,39.7343382041491],[-105.036816262639,39.7343179754537],[-105.036904040272,39.734297244345],[-105.036939326461,39.7342956810899],[-105.036949044928,39.7342957193363],[-105.036990035129,39.7342958806421],[-105.037144444467,39.7342845772638],[-105.037204061293,39.7342711988016],[-105.037279168006,39.7342493717867],[-105.037354308334,39.7342224412803],[-105.037462709667,39.7341667133227],[-105.037498276285,39.7341226097786],[-105.037498672545,39.7341231503403],[-105.037552845023,39.7341034635258],[-105.037597325723,39.7340981477241],[-105.03763112412,39.7340951920101],[-105.037682641401,39.7341012281826],[-105.037716323997,39.734115773211],[-105.037764061933,39.7341557671634],[-105.037793243676,39.7341788734351],[-105.037830520458,39.7341875988085],[-105.037897244073,39.7341792819269],[-105.037956894664,39.734165103292],[-105.038019286625,39.7341396118383],[-105.038041639714,39.7341197960981],[-105.038079237722,39.7340797941258],[-105.038142687903,39.7340285695162],[-105.038187281475,39.7340060962401],[-105.038250487083,39.7339919314093],[-105.038295006576,39.7339807821572],[-105.038353673123,39.7339810123489],[-105.038420247505,39.7339953428952],[-105.038505325507,39.7340344535456],[-105.038605339132,39.7341003890217],[-105.03866361087,39.7341606701904],[-105.038700736802,39.7341923863304],[-105.038760010397,39.7342355138344],[-105.038837192799,39.7342588076471],[-105.038915302278,39.7342762716533],[-105.039014766314,39.7342907306897],[-105.039125801215,39.7343028331845],[-105.039226133397,39.7343203840256],[-105.039399982477,39.7343780289887],[-105.039458667449,39.7343755136946],[-105.039499556628,39.7343756737305],[-105.03958127874,39.734384572084],[-105.039636259236,39.7344046905101],[-105.039699258512,39.7344220944714],[-105.039781016399,39.7344255030151],[-105.039869944159,39.7344200170676],[-105.039955239812,39.7344261843305],[-105.040051240508,39.7344265596391],[-105.040106277486,39.73443809912],[-105.040147101981,39.7344482100258],[-105.040203007364,39.7344628409863],[-105.040261674581,39.7344630702277],[-105.040314081234,39.7344691089712],[-105.040343378638,39.7344747137888],[-105.040365506824,39.7344892131163],[-105.040399116482,39.7345150810876],[-105.040435335742,39.7345495385377],[-105.040476094892,39.734569600822],[-105.040554167173,39.7345928973287],[-105.040609204626,39.7346044361731],[-105.040687407321,39.7346078302053],[-105.040742539371,39.7346049566732],[-105.040787019952,39.734599639666],[-105.040838596214,39.7345967528137],[-105.04088298521,39.7346055047695],[-105.040931723953,39.7346286867639],[-105.040961001457,39.7346373797311],[-105.0410276124,39.7346462185249],[-105.041090706206,39.7346492100258],[-105.041145836091,39.7346466796227],[-105.041209003974,39.734638346998],[-105.04128285634,39.734627310788],[-105.041327357284,39.7346189053244],[-105.041405535352,39.7346260732656],[-105.041460590915,39.7346348669772],[-105.041615997898,39.7346584639272],[-105.041716292837,39.7346818460304],[-105.041764125613,39.7347077696061],[-105.041793217255,39.7347449436787],[-105.041808086056,39.734782062761],[-105.041826508742,39.7348195384036],[-105.041851858833,39.7348851801268],[-105.041870245447,39.7349281464331],[-105.041899373287,39.7349598308583],[-105.041969242153,39.73501432172],[-105.042002908606,39.7350316106539],[-105.042050758873,39.7350547883186],[-105.042080075363,39.7350576476202],[-105.042113871337,39.7350550339353],[-105.042146872439,39.7350380046688],[-105.042180801072,39.735015145064],[-105.042225375802,39.7349954154003],[-105.042273414746,39.7349897683489],[-105.042340100273,39.7349872825386],[-105.042406749976,39.734990286962],[-105.042444028347,39.7349990110742],[-105.042502657449,39.7350050727854],[-105.042558732395,39.7349939666525],[-105.042606732748,39.734994153253],[-105.042676891539,39.7350043773031],[-105.042747076413,39.7350104838054],[-105.042799541845,39.7350075995486],[-105.04288046792,39.7350024233587],[-105.042962284516,39.7349969074466],[-105.043054748686,39.7349945211587],[-105.043143694986,39.734986287603],[-105.04319978941,39.7349720927089],[-105.043229235197,39.7349550493368],[-105.043266586613,39.7349524489226],[-105.043314531861,39.7349612141636],[-105.043351865338,39.7349613590587],[-105.043410608999,39.7349499193002],[-105.04347025709,39.7349360814436],[-105.043507666812,39.7349245592618],[-105.04356281469,39.7349192826407],[-105.043622334938,39.7349250040751],[-105.043663259908,39.7349196722404],[-105.043696187486,39.7349139663525],[-105.043792253597,39.7349043871142],[-105.043848236242,39.7349073491617],[-105.043881052416,39.7349188011263],[-105.043914663318,39.7349446678374],[-105.043940385594,39.7349533466811],[-105.043966143575,39.7349565348958],[-105.043984866086,39.7349480287164],[-105.043999068964,39.7349317579187],[-105.044007255671,39.7349223784596],[-105.044029683943,39.734890894762],[-105.044067167159,39.7348680483893],[-105.044100147625,39.7348541068269],[-105.044156224687,39.7348426568161],[-105.044207760659,39.7348459447921],[-105.04425559421,39.7348718669008],[-105.044281354404,39.7348747120801],[-105.044315188109,39.7348662639721],[-105.044344577852,39.7348577988458],[-105.044374874106,39.7348465920172],[-105.044419394618,39.7348350971306],[-105.044470931116,39.7348383849934],[-105.044526007286,39.734844088816],[-105.044574840981,39.7348528567818],[-105.044681453112,39.734861848324],[-105.044730304658,39.7348678708883],[-105.044819157136,39.7348740483827],[-105.044903622784,39.7348712865746],[-105.04499700173,39.7348647846922],[-105.045126059304,39.7348395468578],[-105.045200802373,39.7348281683081],[-105.045289692596,39.7348285118565],[-105.04539721178,39.7348347610502],[-105.045481601491,39.7348436662079],[-105.045597121107,39.7348499459222],[-105.045708253665,39.7348472867186],[-105.045837068761,39.7348594512656],[-105.04588145822,39.7348682015344],[-105.045948107702,39.7348712039511],[-105.046051960698,39.7348945962809],[-105.046085627579,39.7349118840955],[-105.046169824628,39.7349506427965],[-105.046222231896,39.734956678505],[-105.046273752706,39.734962367546],[-105.046333382551,39.7349512735253],[-105.046366400402,39.7349314973864],[-105.046392254172,39.7349199297368],[-105.046422477091,39.7349200462455],[-105.046448217421,39.7349259792039],[-105.046485458023,39.7349405352732],[-105.046485347083,39.734957692928],[-105.046466569336,39.7349747782321],[-105.046436235701,39.7349918193902],[-105.046436144723,39.7350058881892],[-105.046458311798,39.7350145527766],[-105.046480533829,39.7350146384302],[-105.046536590666,39.7350062753383],[-105.04656244215,39.7349950510192],[-105.046574164012,39.7349693593686],[-105.046596497719,39.7349522876997],[-105.046640998235,39.7349438798261],[-105.046685498478,39.734935472336],[-105.046725481441,39.734938371573],[-105.046744093,39.7349470220084],[-105.04676259369,39.7349728304973],[-105.046803316746,39.7349987244264],[-105.046862762472,39.7350161110534],[-105.046902743206,39.7350193535476],[-105.046955281361,39.735005142971],[-105.046974041722,39.7349908026772],[-105.046981281338,39.7349709275151],[-105.046988558889,39.7349452184615],[-105.047007299021,39.734933966515],[-105.047029503819,39.7349367971533],[-105.04705878175,39.7349454888013],[-105.047092376368,39.7349741003441],[-105.047180674761,39.735066063374],[-105.047235370594,39.7351307874155],[-105.047265427224,39.7351566400878],[-105.047342485341,39.7351998312557],[-105.047372616876,39.7352140167177],[-105.047427673911,39.7352228072348],[-105.047442747798,39.7352286989475],[-105.047456766488,39.7352603234183],[-105.047471656433,39.7352946962413],[-105.047486601673,39.735320490737],[-105.047527363285,39.7353405509745],[-105.047560141922,39.7353578346956],[-105.047597438318,39.7353638116844],[-105.047626772283,39.7353639244651],[-105.047671255489,39.7353582618923],[-105.047697051407,39.7353556156997],[-105.047727384696,39.7353385745693],[-105.047753293708,39.7353184275445],[-105.047782756038,39.7352986378981],[-105.047823738428,39.7352843827234],[-105.047838885169,39.73527895012],[-105.047878978907,39.7352646917118],[-105.047897719242,39.7352534395756],[-105.047931627631,39.7352333236485],[-105.047976219094,39.7352108464727],[-105.048009146198,39.735205139227],[-105.048050109107,39.735193972429],[-105.048142592673,39.7351884938874],[-105.048217243052,39.7351915256916],[-105.048287356187,39.7352089528045],[-105.04830944842,39.7352292840229],[-105.048379433205,39.7352666136199],[-105.048423767747,39.7352839416542],[-105.048508928318,39.735311377873],[-105.048586115205,39.7353346654324],[-105.048645599196,39.7353462177669],[-105.048686471295,39.7353491201481],[-105.048708749217,39.7353406266563],[-105.048734600218,39.7353294016596],[-105.048772137586,39.7352979750657],[-105.048834544285,39.7352697321492],[-105.048871951096,39.7352585514304],[-105.048905767493,39.7352528473436],[-105.04891997203,39.7352556470033],[-105.048964159113,39.73529596588],[-105.048989698741,39.7353331249354],[-105.048985957838,39.735361935942],[-105.0489716251,39.7353790387293],[-105.04894127418,39.7353988256166],[-105.048930514828,39.735413196893],[-105.048930442005,39.7354245205553],[-105.048956127303,39.7354390318904],[-105.049004128238,39.7354392158821],[-105.049060240006,39.7354222730622],[-105.049093314665,39.7353935746189],[-105.049122776846,39.7353737842367],[-105.049149609649,39.735348150038],[-105.049171959975,39.7353283327944],[-105.049216553111,39.7353055120317],[-105.049264682115,39.7352857933271],[-105.049290515692,39.7352773133458],[-105.049353784333,39.7352531914631],[-105.049364451172,39.7352532323158],[-105.049390174756,39.7352619097684],[-105.049420397114,39.7352620255044],[-105.049453269019,39.735264896582],[-105.049501287468,39.7352623352343],[-105.049572437526,39.7352567738883],[-105.049631140692,39.7352515081848],[-105.049661383133,39.7352485356063],[-105.049690697291,39.7352517361264],[-105.049712864847,39.7352603998991],[-105.049738680737,39.735254664956],[-105.049794719494,39.7352490458498],[-105.049812422285,39.7352607808501],[-105.049827498323,39.7352663289385],[-105.049868313751,39.7352781527561],[-105.049931445678,39.7352753055223],[-105.049964462665,39.7352555287275],[-105.050002054156,39.7352155230114],[-105.050005719781,39.7351983791032],[-105.050024459756,39.7351871266782],[-105.050061903755,39.7351701121401],[-105.050128553964,39.7351731119888],[-105.050172999436,39.7351732819105],[-105.050217424582,39.7351765403182],[-105.050287575602,39.7351881325978],[-105.050346205864,39.7351941906023],[-105.0503949858,39.7352115346799],[-105.050439285876,39.7352343522297],[-105.050483546392,39.7352633466715],[-105.050505569168,39.7352946582258],[-105.050531237415,39.735311913954],[-105.050589867803,39.735317971636],[-105.050652925249,39.7353267913992],[-105.050700943436,39.735324229561],[-105.050772001154,39.7353330798087],[-105.050834189592,39.7353388076268],[-105.050871431775,39.7353533628595],[-105.050900637851,39.7353733772139],[-105.050944927207,39.735397910458],[-105.050982151612,39.7354152104397],[-105.051052392859,39.7354127328592],[-105.051078225941,39.7354042524846],[-105.051086410947,39.7353754587217],[-105.051083055256,39.7353442182979],[-105.051093886631,39.7353185230097],[-105.05111266354,39.7353014367694],[-105.051134886188,39.735301521546],[-105.051149907503,39.7353156485947],[-105.05117203793,39.7353301454829],[-105.051194243282,39.735332975386],[-105.051212111261,39.7353189739923],[-105.051261185422,39.7352903360153],[-105.051323683304,39.7352476798602],[-105.051342550202,39.7352165237778],[-105.051380103572,39.735182351614],[-105.051406120949,39.7351450466767],[-105.051421451925,39.7351107891721],[-105.051421761367,39.7350624050526],[-105.051440832258,39.7349993368085],[-105.051473802803,39.7349867657998],[-105.051555654135,39.734975753238],[-105.05164465425,39.7349589347274],[-105.051685617849,39.7349474234927],[-105.051730043249,39.7349506811301],[-105.051766416008,39.7349621437875],[-105.051777916931,39.7349707665873],[-105.051800121932,39.7349735965261],[-105.051844622095,39.734965187087],[-105.051881083988,39.7349625805514],[-105.051899696513,39.7349712304233],[-105.051925347706,39.7349912313389],[-105.051925238099,39.7350083886473],[-105.051910886353,39.7350285804001],[-105.051910759204,39.7350484829959],[-105.051932889703,39.7350629799432],[-105.051965761357,39.7350658505189],[-105.052006688226,39.7350601726163],[-105.05203609472,39.7350489602319],[-105.052066481609,39.7350233393018],[-105.052085350239,39.7349918405325],[-105.052107717673,39.7349692772421],[-105.052133587778,39.7349549631928],[-105.052170159982,39.7349351991614],[-105.052188809002,39.7349380152919],[-105.052210939783,39.7349525122387],[-105.052222423429,39.7349638800328],[-105.052258776106,39.734978430891],[-105.05229610961,39.7349785729482],[-105.052362777771,39.734978826597],[-105.0524001116,39.7349789686225],[-105.052480947164,39.7349878552355],[-105.052537057146,39.7349709107526],[-105.052607499457,39.7349368628634],[-105.052674313753,39.7349141252311],[-105.052807721375,39.7349033079909],[-105.052893075429,39.7349005442267],[-105.053004159615,39.7349054272098],[-105.053233020555,39.7348763277672],[-105.053232519873,39.7349200207297],[-105.053204098047,39.740358614891],[-105.053212133667,39.7439813544038],[-105.052642294027,39.7439760989685],[-105.052087567417,39.7439709005562],[-105.05151678388,39.7439742170452],[-105.050923774631,39.7439774459529],[-105.050321890751,39.7439782362915],[-105.04980891285,39.7439786768],[-105.04926922901,39.7439845035798],[-105.048686868124,39.7439908505208],[-105.048084132438,39.7439857922815],[-105.04751606846,39.7439808640233],[-105.046323044454,39.74397078035],[-105.045754945355,39.7439713338459],[-105.045158397421,39.7439717750473],[-105.044587631375,39.7439723130017],[-105.044023087978,39.743972872048],[-105.042837140799,39.743968270846],[-105.042510871699,39.7439670029006],[-105.039308637289,39.7439545103826],[-105.038731674926,39.7439508778815],[-105.038157307822,39.7439582333242],[-105.037566096652,39.743958313808],[-105.036985600758,39.7439512270128],[-105.036380165506,39.7439512453717],[-105.03576583782,39.7439515689118],[-105.035772043925,39.7451629371297],[-105.035771103238,39.7463794238283],[-105.035190510674,39.7463839955127],[-105.034939781417,39.7463857499474],[-105.034582300536,39.7463970337733],[-105.033803511779,39.7463915490084],[-105.033048725376,39.7463864974537],[-105.0323161677,39.7463811864747],[-105.031511596793,39.7463755842289],[-105.030698992689,39.7463747485902],[-105.029940620617,39.7463741239195],[-105.029284493346,39.7463732171198],[-105.029041776743,39.746373275667],[-105.028380315134,39.7463723426292],[-105.027778429966,39.7463699284214],[-105.027431705473,39.7463685366321],[-105.026820927498,39.7463660824192],[-105.025213503221,39.7463644142577]]]},"properties":{"OBJECTID":293,"NBHD_NAME":"West Colfax","NBHD_ID":74,"DIST_NUM":1,"Nmbr_Age25Plus_NoDiplomaOrGED":597,"Pct_Age25Plus_NoDiplomaOrGED":7.20144753,"Nmbr_Age25Plus_NoCollDegree":3542,"Pct_Age25Plus_NoCollDegree":42.72617612,"Nmbr_Age25Plus_LessThanBA":3794,"Pct_Age25Plus_LessThanBA":45.76598311,"Nmbr_PopulationUnder18":1678,"Pct_PopulationUnder18":16.15636434,"Nmbr_PopulationOver70":676,"Pct_PopulationOver70":6.50876179,"Nmbr_Age25Plus":8290,"Pct_Age25Plus":79.8189871,"Nmbr_OccupiedUnitsWithRenters":3052,"Pct_OccupiedUnitsWithRenters":59.7611122,"Nmbr_OccupiedUnitsWithOwners":2055,"Pct_OccupiedUnitsWithOwners":40.2388878,"Nmbr_OccupiedUnits":5107,"Nmbr_HouseholdsCostBurdened":1523,"Pct_HouseholdsCostBurdened":29.8218132,"Nmbr_PerCapitaIncome":241289,"Nmbr_PopulationPovDetermined":10338,"Nmbr_PopulationInPoverty":1017,"Pct_PopulationInPoverty":9.83749275,"Nmbr_HouseholdsNoVehAccess":914,"Pct_HouseholdsNoVehAccess":17.89700411,"Nmbr_Households":5107,"Nmbr_PopulationWithDisability":1166,"Pct_PopulationWithDisability":11.27877733,"Nmbr_PopCivilianNonInstitution":10338,"Nmbr_Population":10386,"Nmbr_Under18SingleParentFam":467,"Pct_Under18InSingleParentFam":27.83075089,"Nmbr_PopUnder18InHouseholds":1678,"Nmbr_PopulationDensity":10347.46530915,"Nmbr_PopNonHispanicWhite":5754,"Pct_PopNonHispanicWhite":55.40150202,"Nmbr_PopulationMinority":4632,"Pct_PopulationMinority":44.59849798,"Pct_PopOver16Unemployed":4.11664796,"GlobalID":"896bda5f-f0ee-4b77-a484-b47c1e0c44a1"}},{"type":"Feature","id":294,"geometry":{"type":"Polygon","coordinates":[[[-105.025238785725,39.7692890100272],[-105.025250470221,39.7683515621883],[-105.025288118776,39.7681569127869],[-105.025287546241,39.767437738901],[-105.025286861255,39.7665121193107],[-105.025287591584,39.7660788472278],[-105.025233456855,39.765610376542],[-105.025282949815,39.7650873672994],[-105.025281305642,39.7646656790431],[-105.025278018549,39.7637791681486],[-105.025244445216,39.7631997621625],[-105.02524248668,39.7624386351435],[-105.025241748557,39.7620223852275],[-105.025223858506,39.7608559298289],[-105.025235912961,39.7602575146916],[-105.025233743069,39.7584768746224],[-105.026094472058,39.7584827455243],[-105.026841383298,39.7584881524014],[-105.027558107781,39.7584865704694],[-105.027597235009,39.7584863843384],[-105.028173404126,39.7584934994327],[-105.029930556585,39.7584864607373],[-105.031089183671,39.7584910821717],[-105.032282489416,39.7584958300068],[-105.033434002583,39.7585004000905],[-105.034613875334,39.7585194836522],[-105.035198125343,39.7585149288789],[-105.035798383131,39.7585100916169],[-105.03697132873,39.7585009853527],[-105.03756266278,39.7585009084101],[-105.03813710187,39.7585007614508],[-105.038664410664,39.7585007704975],[-105.038700870263,39.7585005700694],[-105.039303763924,39.7585005294821],[-105.039896889258,39.7584983883853],[-105.040494463488,39.7584959188966],[-105.041075140277,39.758493722863],[-105.041654930087,39.7584911781411],[-105.042248947537,39.7584886854939],[-105.042826956405,39.7584864706437],[-105.043422689504,39.7584935872735],[-105.044005975698,39.7585003096964],[-105.045068641224,39.7584934402438],[-105.045456357125,39.7584911636883],[-105.046325990357,39.758495205261],[-105.046948521478,39.7584835336842],[-105.048423764604,39.7584799375684],[-105.048670902996,39.7584901506208],[-105.049013286732,39.7584849429862],[-105.049301425027,39.7584802127034],[-105.049861692152,39.758471375796],[-105.050894942627,39.7584753227247],[-105.051477397533,39.758473082963],[-105.05151030016,39.7584728649631],[-105.052080305967,39.7584705745819],[-105.052646730927,39.7584720426293],[-105.053239833439,39.7584736092113],[-105.053240324328,39.7584736566435],[-105.053244385016,39.7620853276708],[-105.053240954499,39.7693224289524],[-105.053240880146,39.7693340961897],[-105.052655679719,39.7693342755511],[-105.052079373258,39.7693344865969],[-105.051494999257,39.7693446152986],[-105.050916850844,39.7693547646987],[-105.050336064078,39.7693600972868],[-105.049760616128,39.7693651037056],[-105.048808992726,39.7693662647731],[-105.048598251102,39.7693606524403],[-105.047973010504,39.7693637436795],[-105.047442046957,39.7693661649982],[-105.04628578071,39.7693812738556],[-105.045717477657,39.7693814844036],[-105.045149172698,39.769382035573],[-105.044012694121,39.7693628829795],[-105.043432765315,39.769372989135],[-105.042856395861,39.7693827626831],[-105.042309244502,39.7694125499962],[-105.042264759939,39.769415122209],[-105.041674903835,39.7694471423706],[-105.041086112307,39.7694523982156],[-105.040499101254,39.7694573148945],[-105.039918425453,39.7694454383069],[-105.039337752881,39.7694332162978],[-105.038740890903,39.7694483796007],[-105.038155593843,39.7694632427306],[-105.037579125062,39.769487745728],[-105.03698664383,39.7695128695713],[-105.03641116165,39.7695226148605],[-105.035804549825,39.7695325781671],[-105.035237976712,39.769539951203],[-105.034642940131,39.7695478948925],[-105.034044551201,39.769524938675],[-105.033644439901,39.7695096280767],[-105.033072724765,39.7694878023962],[-105.032300865402,39.7694716985197],[-105.031537035755,39.7694518468979],[-105.029969417238,39.7694030472831],[-105.027610228272,39.7693603182841],[-105.025953683269,39.7693107651329],[-105.025238785725,39.7692890100272]]]},"properties":{"OBJECTID":294,"NBHD_NAME":"West Highland","NBHD_ID":75,"DIST_NUM":1,"Nmbr_Age25Plus_NoDiplomaOrGED":88,"Pct_Age25Plus_NoDiplomaOrGED":1.12517581,"Nmbr_Age25Plus_NoCollDegree":2013,"Pct_Age25Plus_NoCollDegree":25.73839662,"Nmbr_Age25Plus_LessThanBA":2696,"Pct_Age25Plus_LessThanBA":34.47129523,"Nmbr_PopulationUnder18":1477,"Pct_PopulationUnder18":15.21582363,"Nmbr_PopulationOver70":454,"Pct_PopulationOver70":4.67703719,"Nmbr_Age25Plus":7821,"Pct_Age25Plus":80.57072216,"Nmbr_OccupiedUnitsWithRenters":1812,"Pct_OccupiedUnitsWithRenters":35.66929134,"Nmbr_OccupiedUnitsWithOwners":3268,"Pct_OccupiedUnitsWithOwners":64.33070866,"Nmbr_OccupiedUnits":5080,"Nmbr_HouseholdsCostBurdened":1257,"Pct_HouseholdsCostBurdened":24.74409449,"Nmbr_PerCapitaIncome":145793,"Nmbr_PopulationPovDetermined":9610,"Nmbr_PopulationInPoverty":623,"Pct_PopulationInPoverty":6.48283039,"Nmbr_HouseholdsNoVehAccess":228,"Pct_HouseholdsNoVehAccess":4.48818898,"Nmbr_Households":5080,"Nmbr_PopulationWithDisability":595,"Pct_PopulationWithDisability":6.17668431,"Nmbr_PopCivilianNonInstitution":9633,"Nmbr_Population":9707,"Nmbr_Under18SingleParentFam":323,"Pct_Under18InSingleParentFam":22.60321903,"Nmbr_PopUnder18InHouseholds":1429,"Nmbr_PopulationDensity":8646.84625441,"Nmbr_PopNonHispanicWhite":8062,"Pct_PopNonHispanicWhite":83.05346657,"Nmbr_PopulationMinority":1645,"Pct_PopulationMinority":16.94653343,"Pct_PopOver16Unemployed":2.96033607,"GlobalID":"5f470ff9-235e-456c-bd68-bde78cf08c3c"}},{"type":"Feature","id":295,"geometry":{"type":"Polygon","coordinates":[[[-105.025233743069,39.7584768746224],[-105.025235014828,39.7578961284288],[-105.025234675303,39.7578323504922],[-105.025276998043,39.7577904028326],[-105.025275334257,39.7572522265945],[-105.025269804855,39.7560201686132],[-105.02527377124,39.755468449488],[-105.025223528027,39.7554401713394],[-105.025222817909,39.7548376658727],[-105.025215181054,39.7540466153523],[-105.02528203891,39.754023486943],[-105.025277160849,39.753624454746],[-105.025296489682,39.7524163104701],[-105.025299181578,39.7517150673532],[-105.025224920036,39.7516866816378],[-105.025228723538,39.7512074435148],[-105.025229855949,39.7507270644859],[-105.025270169561,39.7506824347528],[-105.025267991465,39.7499992394768],[-105.025272799885,39.7487861580493],[-105.025273873049,39.7481200597545],[-105.025232369079,39.7480883052226],[-105.025229296665,39.7475775373297],[-105.02522364942,39.7470977790136],[-105.025221939483,39.7469567352393],[-105.025213503221,39.7463644142577],[-105.026820927498,39.7463660824192],[-105.027431705473,39.7463685366321],[-105.027778429966,39.7463699284214],[-105.028380315134,39.7463723426292],[-105.029041776743,39.746373275667],[-105.029284493346,39.7463732171198],[-105.029940620617,39.7463741239195],[-105.030698992689,39.7463747485902],[-105.031511596793,39.7463755842289],[-105.0323161677,39.7463811864747],[-105.033048725376,39.7463864974537],[-105.033803511779,39.7463915490084],[-105.034582300536,39.7463970337733],[-105.034939781417,39.7463857499474],[-105.035190510674,39.7463839955127],[-105.035771103238,39.7463794238283],[-105.035772043925,39.7451629371297],[-105.03576583782,39.7439515689118],[-105.036380165506,39.7439512453717],[-105.036985600758,39.7439512270128],[-105.037566096652,39.743958313808],[-105.038157307822,39.7439582333242],[-105.038731674926,39.7439508778815],[-105.039308637289,39.7439545103826],[-105.042510871699,39.7439670029006],[-105.042837140799,39.743968270846],[-105.044023087978,39.743972872048],[-105.044587631375,39.7439723130017],[-105.045158397421,39.7439717750473],[-105.045754945355,39.7439713338459],[-105.046323044454,39.74397078035],[-105.04751606846,39.7439808640233],[-105.048084132438,39.7439857922815],[-105.048686868124,39.7439908505208],[-105.04926922901,39.7439845035798],[-105.04980891285,39.7439786768],[-105.050321890751,39.7439782362915],[-105.050923774631,39.7439774459529],[-105.05151678388,39.7439742170452],[-105.052087567417,39.7439709005562],[-105.052642294027,39.7439760989685],[-105.053212133667,39.7439813544038],[-105.053220172752,39.7476040836659],[-105.053240324328,39.7584736566435],[-105.053239833439,39.7584736092113],[-105.052646730927,39.7584720426293],[-105.052080305967,39.7584705745819],[-105.05151030016,39.7584728649631],[-105.051477397533,39.758473082963],[-105.050894942627,39.7584753227247],[-105.049861692152,39.758471375796],[-105.049301425027,39.7584802127034],[-105.049013286732,39.7584849429862],[-105.048670902996,39.7584901506208],[-105.048423764604,39.7584799375684],[-105.046948521478,39.7584835336842],[-105.046325990357,39.758495205261],[-105.045456357125,39.7584911636883],[-105.045068641224,39.7584934402438],[-105.044005975698,39.7585003096964],[-105.043422689504,39.7584935872735],[-105.042826956405,39.7584864706437],[-105.042248947537,39.7584886854939],[-105.041654930087,39.7584911781411],[-105.041075140277,39.758493722863],[-105.040494463488,39.7584959188966],[-105.039896889258,39.7584983883853],[-105.039303763924,39.7585005294821],[-105.038700870263,39.7585005700694],[-105.038664410664,39.7585007704975],[-105.03813710187,39.7585007614508],[-105.03756266278,39.7585009084101],[-105.03697132873,39.7585009853527],[-105.035798383131,39.7585100916169],[-105.035198125343,39.7585149288789],[-105.034613875334,39.7585194836522],[-105.033434002583,39.7585004000905],[-105.032282489416,39.7584958300068],[-105.031089183671,39.7584910821717],[-105.029930556585,39.7584864607373],[-105.028173404126,39.7584934994327],[-105.027597235009,39.7584863843384],[-105.027558107781,39.7584865704694],[-105.026841383298,39.7584881524014],[-105.026094472058,39.7584827455243],[-105.025233743069,39.7584768746224]]]},"properties":{"OBJECTID":295,"NBHD_NAME":"Sloan Lake","NBHD_ID":56,"DIST_NUM":1,"Nmbr_Age25Plus_NoDiplomaOrGED":429,"Pct_Age25Plus_NoDiplomaOrGED":6.96315533,"Nmbr_Age25Plus_NoCollDegree":1707,"Pct_Age25Plus_NoCollDegree":27.70654115,"Nmbr_Age25Plus_LessThanBA":1875,"Pct_Age25Plus_LessThanBA":30.43337121,"Nmbr_PopulationUnder18":1530,"Pct_PopulationUnder18":19.09158972,"Nmbr_PopulationOver70":506,"Pct_PopulationOver70":6.31395059,"Nmbr_Age25Plus":6161,"Pct_Age25Plus":76.87796356,"Nmbr_OccupiedUnitsWithRenters":1710,"Pct_OccupiedUnitsWithRenters":44.89367288,"Nmbr_OccupiedUnitsWithOwners":2099,"Pct_OccupiedUnitsWithOwners":55.10632712,"Nmbr_OccupiedUnits":3809,"Nmbr_HouseholdsCostBurdened":1190,"Pct_HouseholdsCostBurdened":31.24179575,"Nmbr_PerCapitaIncome":202438,"Nmbr_PopulationPovDetermined":7979,"Nmbr_PopulationInPoverty":1127,"Pct_PopulationInPoverty":14.12457701,"Nmbr_HouseholdsNoVehAccess":665,"Pct_HouseholdsNoVehAccess":17.45865056,"Nmbr_Households":3809,"Nmbr_PopulationWithDisability":1319,"Pct_PopulationWithDisability":16.47514364,"Nmbr_PopCivilianNonInstitution":8006,"Nmbr_Population":8014,"Nmbr_Under18SingleParentFam":601,"Pct_Under18InSingleParentFam":39.28104575,"Nmbr_PopUnder18InHouseholds":1530,"Nmbr_PopulationDensity":5727.35873106,"Nmbr_PopNonHispanicWhite":5849,"Pct_PopNonHispanicWhite":72.98477664,"Nmbr_PopulationMinority":2165,"Pct_PopulationMinority":27.01522336,"Pct_PopOver16Unemployed":3.29784173,"GlobalID":"77ba1da0-9b07-408a-84c8-b1c7fa59c465"}},{"type":"Feature","id":296,"geometry":{"type":"Polygon","coordinates":[[[-105.025192461689,39.7843847395042],[-105.025191418603,39.7843096956403],[-105.025185957712,39.7839167226079],[-105.025193178348,39.7829886101484],[-105.0252409525,39.782571829877],[-105.025242454299,39.7821454512755],[-105.025245024914,39.7809472953286],[-105.025188470007,39.7802628476941],[-105.025250386528,39.7798323522437],[-105.025257343875,39.7790438848325],[-105.025268284432,39.7778535473529],[-105.025222770688,39.7766437538929],[-105.025287038353,39.7757673210017],[-105.025285969381,39.774713498282],[-105.025287282688,39.7734409195425],[-105.02523008812,39.7729370433217],[-105.025291509092,39.7724340552874],[-105.025293748118,39.772045432645],[-105.025298854159,39.7711358096895],[-105.02529914182,39.7708409088822],[-105.025237798411,39.7702227288492],[-105.025238265321,39.7697594737028],[-105.025238785725,39.7692890100272],[-105.025953683269,39.7693107651329],[-105.027610228272,39.7693603182841],[-105.029969417238,39.7694030472831],[-105.031537035755,39.7694518468979],[-105.032300865402,39.7694716985197],[-105.033072724765,39.7694878023962],[-105.033644439901,39.7695096280767],[-105.034044551201,39.769524938675],[-105.034642940131,39.7695478948925],[-105.035237976712,39.769539951203],[-105.035804549825,39.7695325781671],[-105.03641116165,39.7695226148605],[-105.03698664383,39.7695128695713],[-105.037579125062,39.769487745728],[-105.038155593843,39.7694632427306],[-105.038740890903,39.7694483796007],[-105.039337752881,39.7694332162978],[-105.039918425453,39.7694454383069],[-105.040499101254,39.7694573148945],[-105.041086112307,39.7694523982156],[-105.041674903835,39.7694471423706],[-105.042264759939,39.769415122209],[-105.042309244502,39.7694125499962],[-105.042856395861,39.7693827626831],[-105.043432765315,39.769372989135],[-105.044012694121,39.7693628829795],[-105.045149172698,39.769382035573],[-105.045717477657,39.7693814844036],[-105.04628578071,39.7693812738556],[-105.047442046957,39.7693661649982],[-105.047973010504,39.7693637436795],[-105.048598251102,39.7693606524403],[-105.048808992726,39.7693662647731],[-105.049760616128,39.7693651037056],[-105.050336064078,39.7693600972868],[-105.050916850844,39.7693547646987],[-105.051494999257,39.7693446152986],[-105.052079373258,39.7693344865969],[-105.052655679719,39.7693342755511],[-105.053240880146,39.7693340961897],[-105.053242804803,39.7765681095577],[-105.053243744796,39.7836716601443],[-105.053234469242,39.7836745369218],[-105.052970516964,39.7837490387013],[-105.052613767407,39.7838849696121],[-105.052386048557,39.7839929858024],[-105.051742756758,39.7843195507931],[-105.050917829986,39.7847424662946],[-105.050708725967,39.784817412508],[-105.050315181477,39.7849484618759],[-105.049842082534,39.7850460677582],[-105.049697492963,39.7850697399023],[-105.04941825127,39.7851154564264],[-105.048862727323,39.7851488345769],[-105.04853758717,39.7851381203523],[-105.048249353767,39.7851133446505],[-105.047985786057,39.7850697275959],[-105.047709947098,39.7850260626143],[-105.047403765592,39.7849302061053],[-105.047091510363,39.7848248577634],[-105.04681604023,39.7847243841262],[-105.046485746561,39.7845621569626],[-105.046097241516,39.7843878689473],[-105.045253172507,39.7839727553908],[-105.044745011266,39.783800368132],[-105.044236451898,39.7836895188821],[-105.044034187832,39.7836555980737],[-105.043785890733,39.7836238650252],[-105.043540615621,39.7835992445878],[-105.043307519663,39.7835888726653],[-105.041009672909,39.7835823047592],[-105.03828216967,39.783597678279],[-105.037214552673,39.7835934870555],[-105.036625585037,39.7835817022768],[-105.036269712415,39.7835803012696],[-105.035561334128,39.7835325368169],[-105.03454947434,39.7834480632233],[-105.03375198818,39.7834212382203],[-105.033377804532,39.7834055543146],[-105.033132407195,39.7833998472556],[-105.032846892452,39.7834294861526],[-105.032656590357,39.783442932589],[-105.032441682118,39.7834657494973],[-105.032110005923,39.7835165057204],[-105.031702539652,39.7835848243589],[-105.030055242577,39.7838610053686],[-105.028090002228,39.7841296489007],[-105.027313028346,39.784235849688],[-105.026594694506,39.7842992397716],[-105.026017674222,39.7843347905519],[-105.025655438297,39.7843664700306],[-105.025373096114,39.7843795341443],[-105.025335730649,39.7843806099123],[-105.025192461689,39.7843847395042]]]},"properties":{"OBJECTID":296,"NBHD_NAME":"Berkeley","NBHD_ID":8,"DIST_NUM":1,"Nmbr_Age25Plus_NoDiplomaOrGED":233,"Pct_Age25Plus_NoDiplomaOrGED":3.19659761,"Nmbr_Age25Plus_NoCollDegree":2013,"Pct_Age25Plus_NoCollDegree":27.61695706,"Nmbr_Age25Plus_LessThanBA":2248,"Pct_Age25Plus_LessThanBA":30.84099328,"Nmbr_PopulationUnder18":1601,"Pct_PopulationUnder18":17.53559693,"Nmbr_PopulationOver70":672,"Pct_PopulationOver70":7.36035049,"Nmbr_Age25Plus":7289,"Pct_Age25Plus":79.83570646,"Nmbr_OccupiedUnitsWithRenters":1378,"Pct_OccupiedUnitsWithRenters":31.7804428,"Nmbr_OccupiedUnitsWithOwners":2958,"Pct_OccupiedUnitsWithOwners":68.2195572,"Nmbr_OccupiedUnits":4336,"Nmbr_HouseholdsCostBurdened":1083,"Pct_HouseholdsCostBurdened":24.97693727,"Nmbr_PerCapitaIncome":133749,"Nmbr_PopulationPovDetermined":9093,"Nmbr_PopulationInPoverty":774,"Pct_PopulationInPoverty":8.51204223,"Nmbr_HouseholdsNoVehAccess":283,"Pct_HouseholdsNoVehAccess":6.52675277,"Nmbr_Households":4336,"Nmbr_PopulationWithDisability":989,"Pct_PopulationWithDisability":10.87649841,"Nmbr_PopCivilianNonInstitution":9093,"Nmbr_Population":9130,"Nmbr_Under18SingleParentFam":420,"Pct_Under18InSingleParentFam":26.75159236,"Nmbr_PopUnder18InHouseholds":1570,"Nmbr_PopulationDensity":6094.94527477,"Nmbr_PopNonHispanicWhite":6816,"Pct_PopNonHispanicWhite":74.65498357,"Nmbr_PopulationMinority":2314,"Pct_PopulationMinority":25.34501643,"Pct_PopOver16Unemployed":4.35275362,"GlobalID":"aa17a9ac-8060-4d27-be2c-92c3d0dcc598"}},{"type":"Feature","id":297,"geometry":{"type":"Polygon","coordinates":[[[-105.029959103636,39.7920315006271],[-105.02995094598,39.7911255499763],[-105.025239548848,39.7911073362044],[-105.025191453795,39.7911153777474],[-105.025184566589,39.789243117196],[-105.025223302762,39.7874647192303],[-105.025185190597,39.7856057133765],[-105.025196124115,39.7846483635988],[-105.025192462288,39.7843847374992],[-105.025335730389,39.7843806098611],[-105.02537309618,39.7843795340943],[-105.025655438168,39.7843664697791],[-105.026017673507,39.7843347903985],[-105.026594694246,39.78429923962],[-105.027313028475,39.7842358497387],[-105.028090001183,39.7841296494987],[-105.030055242837,39.7838610053696],[-105.031702540235,39.7835848246623],[-105.032110005594,39.7835165061707],[-105.032441682377,39.7834657496991],[-105.032656590033,39.7834429324371],[-105.032846892711,39.7834294863042],[-105.033132407392,39.7833998470054],[-105.033377804664,39.7834055540642],[-105.033751987984,39.7834212382697],[-105.03454947408,39.7834480630717],[-105.034573764796,39.7834500908365],[-105.035561334194,39.7835325366666],[-105.03626971274,39.7835803013211],[-105.036625585427,39.7835817023285],[-105.037214553713,39.78359348716],[-105.038282169539,39.7835976783789],[-105.04100967265,39.7835823045073],[-105.043307519596,39.783588872916],[-105.043540615362,39.7835992443861],[-105.043785890406,39.7836238652247],[-105.043941135432,39.7836437070461],[-105.044034187507,39.7836555980724],[-105.044236451638,39.783689518831],[-105.044745011917,39.783800367984],[-105.045253172637,39.7839727554916],[-105.046097241646,39.7843878689477],[-105.046485745843,39.7845621572107],[-105.046816039971,39.7847243839244],[-105.047091510557,39.7848248579147],[-105.047403765267,39.7849302061041],[-105.047709946121,39.7850260628113],[-105.047985786254,39.7850697272956],[-105.048249353443,39.7851133444987],[-105.048537587429,39.7851381205038],[-105.048862727191,39.7851488348775],[-105.049418251401,39.7851154562261],[-105.049697492772,39.7850697392994],[-105.04984208221,39.7850460676064],[-105.050315181607,39.7849484619266],[-105.050708725968,39.7848174123073],[-105.050917830121,39.7847424655423],[-105.051742756565,39.7843195505415],[-105.052386048362,39.7839929858016],[-105.052613767537,39.7838849696628],[-105.052970517357,39.7837490383515],[-105.053184076073,39.7836887601737],[-105.053234468136,39.7836745370682],[-105.05324374395,39.7836716601411],[-105.053243745176,39.7836773969152],[-105.053243761198,39.7838141098517],[-105.062659366383,39.7838480855396],[-105.062651739721,39.7883491692115],[-105.06490504621,39.7883575164658],[-105.064900866912,39.7903203222931],[-105.064313719355,39.7903195240044],[-105.064311660597,39.7910799375339],[-105.062646276331,39.7910778821358],[-105.062647153982,39.7905096284273],[-105.061796721406,39.7905013195805],[-105.061481755962,39.7910759534272],[-105.053246475931,39.7910642154828],[-105.044037599965,39.7911037258319],[-105.03464633186,39.7911435119753],[-105.034505772834,39.7911429564468],[-105.0345184376,39.7920489245583],[-105.029959103636,39.7920315006271]]]},"properties":{"OBJECTID":297,"NBHD_NAME":"Regis","NBHD_ID":52,"DIST_NUM":1,"Nmbr_Age25Plus_NoDiplomaOrGED":182,"Pct_Age25Plus_NoDiplomaOrGED":6.1155914,"Nmbr_Age25Plus_NoCollDegree":1442,"Pct_Age25Plus_NoCollDegree":48.45430108,"Nmbr_Age25Plus_LessThanBA":1562,"Pct_Age25Plus_LessThanBA":52.48655914,"Nmbr_PopulationUnder18":648,"Pct_PopulationUnder18":13.67088608,"Nmbr_PopulationOver70":396,"Pct_PopulationOver70":8.35443038,"Nmbr_Age25Plus":2976,"Pct_Age25Plus":62.78481013,"Nmbr_OccupiedUnitsWithRenters":580,"Pct_OccupiedUnitsWithRenters":33.42939481,"Nmbr_OccupiedUnitsWithOwners":1155,"Pct_OccupiedUnitsWithOwners":66.57060519,"Nmbr_OccupiedUnits":1735,"Nmbr_HouseholdsCostBurdened":545,"Pct_HouseholdsCostBurdened":31.41210375,"Nmbr_PerCapitaIncome":40183,"Nmbr_PopulationPovDetermined":4005,"Nmbr_PopulationInPoverty":760,"Pct_PopulationInPoverty":18.97627965,"Nmbr_HouseholdsNoVehAccess":192,"Pct_HouseholdsNoVehAccess":11.06628242,"Nmbr_Households":1735,"Nmbr_PopulationWithDisability":342,"Pct_PopulationWithDisability":7.21518987,"Nmbr_PopCivilianNonInstitution":4740,"Nmbr_Population":4740,"Nmbr_Under18SingleParentFam":241,"Pct_Under18InSingleParentFam":37.19135802,"Nmbr_PopUnder18InHouseholds":648,"Nmbr_PopulationDensity":4656.48730272,"Nmbr_PopNonHispanicWhite":3145,"Pct_PopNonHispanicWhite":66.35021097,"Nmbr_PopulationMinority":1595,"Pct_PopulationMinority":33.64978903,"Pct_PopOver16Unemployed":4,"GlobalID":"ae6359ee-8355-40eb-9b78-1b3833b81ac2"}},{"type":"Feature","id":298,"geometry":{"type":"Polygon","coordinates":[[[-104.99856693318,39.7401937178919],[-104.998410530986,39.7399236797805],[-104.998379016185,39.7398552571747],[-104.998350922999,39.7398057228241],[-104.998313029211,39.7397592350155],[-104.998263657017,39.7397017170196],[-104.998196528525,39.7396410349988],[-104.998150555383,39.7396054934614],[-104.998116141664,39.739569658283],[-104.998066848353,39.7395011593525],[-104.998021131052,39.7394299308478],[-104.99799648351,39.7393958530731],[-104.997968545008,39.7393246997879],[-104.997941439517,39.7392614430989],[-104.997906272318,39.7392067308047],[-104.997870986664,39.7391684895444],[-104.997800359541,39.7390998999035],[-104.997761639002,39.7390448289698],[-104.997709777909,39.7389625929211],[-104.997660623314,39.7388748778328],[-104.997636123616,39.7388202111382],[-104.99758683156,39.738751711989],[-104.997545442135,39.7386969732082],[-104.99749251561,39.7386394396832],[-104.997464345119,39.7386008857505],[-104.997397195721,39.7385432914875],[-104.997217935622,39.7383757504586],[-104.997162881876,39.7382430564017],[-104.997064242739,39.738113950266],[-104.997040098017,39.7380850321014],[-104.996983154442,39.7380168326577],[-104.996860690078,39.7378632608747],[-104.996678387017,39.7376246722169],[-104.996482118101,39.7373503352527],[-104.996391460001,39.7372243510388],[-104.996299953266,39.7370928728944],[-104.995949657345,39.7366047738714],[-104.995879113349,39.736525202103],[-104.995808628976,39.7364373945091],[-104.995728679707,39.7363059649943],[-104.995654894045,39.7361827982244],[-104.995599521965,39.7360950553157],[-104.995497281905,39.7359731386604],[-104.995406629756,39.7358468106585],[-104.9952974269,39.7357042749646],[-104.99518220012,39.7355342598363],[-104.995048333691,39.7353603903518],[-104.994978760179,39.7352698409099],[-104.994887201284,39.7351462539893],[-104.994800005817,39.7350340097039],[-104.994719015936,39.7349241944848],[-104.994550840766,39.7347007619034],[-104.994494562577,39.7346157596871],[-104.994452387544,39.7345472898701],[-104.994407467076,39.734489789495],[-104.994305144511,39.7343798820453],[-104.994217930873,39.7342703824248],[-104.994122799604,39.7341495247107],[-104.99403570561,39.734023554223],[-104.993975932273,39.7339303008593],[-104.99392312147,39.7338576673189],[-104.993793993284,39.7336440101386],[-104.993734061818,39.7335727180247],[-104.993597469575,39.7334081002805],[-104.993537667612,39.7333189645685],[-104.993502506304,39.7332642511882],[-104.993425941964,39.7331575421823],[-104.993327377125,39.7330201973376],[-104.993249267403,39.7329080370904],[-104.993247317465,39.7329052373049],[-104.993124080483,39.7327379308627],[-104.993033364928,39.7326215523569],[-104.992948944012,39.7324952491178],[-104.992833648536,39.7323362126133],[-104.992668932007,39.7321278910777],[-104.9925809247,39.7320060330337],[-104.992462194422,39.7318305096155],[-104.992335425775,39.7316604424665],[-104.992213002499,39.7315041195047],[-104.992132007802,39.7313960180431],[-104.992083595293,39.7313302655713],[-104.992013180275,39.7312342199407],[-104.991935893401,39.7311052015294],[-104.991859374159,39.7309930011592],[-104.991806567501,39.7309203663388],[-104.991732638003,39.7308188151579],[-104.991631529658,39.7306653290266],[-104.991539860787,39.7305585536039],[-104.991403378828,39.730380206867],[-104.991323248645,39.7302758832308],[-104.991249267744,39.7301815374668],[-104.991116123711,39.7300334031079],[-104.991035184692,39.7299180944838],[-104.990919818356,39.729770036838],[-104.990845911022,39.7296657397226],[-104.990747203917,39.7295493243048],[-104.990677741384,39.729445046312],[-104.990593285971,39.72932457507],[-104.990527319242,39.7292285475214],[-104.990463919729,39.7291462577503],[-104.990414541498,39.7290914816223],[-104.990221347738,39.7288898962049],[-104.990171912773,39.7288430124056],[-104.990105747845,39.7287744368951],[-104.990035098867,39.7287113323494],[-104.989985681359,39.7286620462499],[-104.989926649572,39.7285904132061],[-104.989863328184,39.7284974852698],[-104.989799790342,39.7284344116084],[-104.989708818699,39.7283547472513],[-104.989648718969,39.7283078167628],[-104.98959932251,39.728255785362],[-104.989547172082,39.7282157527079],[-104.989465778527,39.7281635824199],[-104.9893676174,39.7280948676241],[-104.989250851274,39.7280178359634],[-104.989064366722,39.7278722130282],[-104.988952215571,39.72777186597],[-104.988892014009,39.7277390044245],[-104.988792727743,39.7277028844774],[-104.988736833219,39.7276889151384],[-104.9886872175,39.7276670805239],[-104.988543119708,39.7275597311659],[-104.988313935681,39.7274194120167],[-104.988077564487,39.7272896985963],[-104.987774711591,39.7271353311402],[-104.987531438615,39.7270028086074],[-104.987423599543,39.7269440636269],[-104.987429702101,39.7266685034999],[-104.987429989742,39.7266169701484],[-104.987435451655,39.7256383616786],[-104.988371307915,39.7256465532525],[-104.988877895693,39.7256511573137],[-104.989189875159,39.7256501102018],[-104.990281280589,39.7256572459602],[-104.990890066593,39.7256640000337],[-104.991529100231,39.7256667636547],[-104.992157468508,39.7256694777664],[-104.992823165777,39.725672349452],[-104.993420427327,39.7256749227135],[-104.994007911425,39.7256774508912],[-104.994602491942,39.7256820653366],[-104.995192628135,39.7256866580583],[-104.995793437482,39.7256902639783],[-104.996378250382,39.7256934551763],[-104.996963916488,39.725701794582],[-104.997547009322,39.7256970799264],[-104.998043818692,39.7257019458811],[-104.998077592415,39.7257020899749],[-104.998572624329,39.7257069463138],[-104.999337885207,39.7257074600197],[-104.999449874651,39.7257075933701],[-105.00014847492,39.725708161546],[-105.000869422006,39.7257561718882],[-105.00459590016,39.7257719225201],[-105.006362422928,39.7257827038949],[-105.007003208886,39.7258155925994],[-105.00707556558,39.7258200364984],[-105.007355073459,39.7258372014475],[-105.007776493445,39.7258557440276],[-105.008050229151,39.7258636006161],[-105.008289292753,39.7258578883882],[-105.008545762457,39.7258488929953],[-105.009007222779,39.7258257124371],[-105.009039194051,39.725824106436],[-105.009430499184,39.7257988926082],[-105.009484208352,39.7257956033235],[-105.009687015438,39.7257831830361],[-105.010725743369,39.7257740842533],[-105.011323330635,39.7257698563413],[-105.011645009979,39.725757768594],[-105.011953651566,39.7257456264852],[-105.012436262785,39.7257140695648],[-105.012990985802,39.725688888529],[-105.013044560069,39.7256864564606],[-105.013455691619,39.72567053224],[-105.013655663799,39.7256587124456],[-105.014321255073,39.7256093204972],[-105.014812258186,39.7255728815641],[-105.015676368156,39.7255098218452],[-105.015768559304,39.7255030935259],[-105.015743978981,39.7256925902762],[-105.015743602995,39.7256954897776],[-105.015716615458,39.7258710762084],[-105.015700676734,39.7259911166256],[-105.015676801039,39.7262901328787],[-105.015676352977,39.7262957421199],[-105.015659320061,39.7265743175182],[-105.015639648584,39.7268487644479],[-105.015642165844,39.7269990782915],[-105.015637388167,39.7271761288676],[-105.015650403143,39.7273508510446],[-105.015675074042,39.7275108645211],[-105.015682073542,39.7275354514351],[-105.015722802687,39.7276785229946],[-105.015824127936,39.7279363094208],[-105.015919606513,39.7281398527989],[-105.015985537992,39.7282458167936],[-105.016091267892,39.7283807703696],[-105.016399810621,39.7287509352569],[-105.016539990958,39.7289172571512],[-105.016675588162,39.7291038067292],[-105.016734480362,39.7291997899608],[-105.016832572942,39.7294115788685],[-105.016898171725,39.7295662697449],[-105.016934753672,39.7296752016194],[-105.016956442548,39.7297525014118],[-105.016966558534,39.7298324991514],[-105.01698316745,39.7306475698363],[-105.016994557978,39.7311877487459],[-105.017014226716,39.7320748952634],[-105.017003361362,39.7329410245385],[-105.016998463165,39.7333314777626],[-105.017005634712,39.7338390389182],[-105.01699560908,39.7347785656933],[-105.017025815044,39.735297545294],[-105.017085871911,39.7356124681665],[-105.017155054486,39.7358931123584],[-105.017212640825,39.7360505154458],[-105.017428381423,39.7364776028745],[-105.017680782376,39.7370033265525],[-105.017855835734,39.7374014212687],[-105.017953509803,39.7376763477873],[-105.01799365303,39.7377852933741],[-105.018043932856,39.7379714911692],[-105.018061737889,39.7380971597366],[-105.018060478751,39.7382804007956],[-105.018043992383,39.7384803944375],[-105.01801312428,39.7387033207782],[-105.017982373899,39.7389090896912],[-105.017963194095,39.7389834764471],[-105.01791434615,39.7391061269243],[-105.01786917906,39.7392106049476],[-105.017838454674,39.7392832285959],[-105.017552274108,39.7400483270909],[-105.017465231169,39.7402953870568],[-105.017461143065,39.7403066295438],[-105.017385186303,39.7405155357056],[-105.01532281791,39.7404664362379],[-105.014577891668,39.7404483442178],[-105.010866674241,39.7403728869412],[-105.009346658439,39.7403350115877],[-105.006433308958,39.7402623633053],[-105.005886946988,39.7402383848613],[-105.005234368496,39.7402097421598],[-105.004777404987,39.7401896832034],[-105.004417590418,39.7401656347594],[-105.00412582612,39.7401493833242],[-105.003546923537,39.7401506979641],[-105.00282160754,39.7401588464055],[-105.00172496505,39.740171164177],[-105.001569573801,39.7401746795014],[-105.000145847328,39.7402068795971],[-105.000116937001,39.7402075330237],[-105.000049587937,39.7402079691361],[-104.999969994775,39.7402084845199],[-104.999066122729,39.7402143313403],[-104.998911720187,39.7402079190998],[-104.99856693318,39.7401937178919]]]},"properties":{"OBJECTID":298,"NBHD_NAME":"Lincoln Park","NBHD_ID":41,"DIST_NUM":3,"Nmbr_Age25Plus_NoDiplomaOrGED":611,"Pct_Age25Plus_NoDiplomaOrGED":12.20779221,"Nmbr_Age25Plus_NoCollDegree":2601,"Pct_Age25Plus_NoCollDegree":51.96803197,"Nmbr_Age25Plus_LessThanBA":2826,"Pct_Age25Plus_LessThanBA":56.46353646,"Nmbr_PopulationUnder18":1060,"Pct_PopulationUnder18":16.14377094,"Nmbr_PopulationOver70":309,"Pct_PopulationOver70":4.70606153,"Nmbr_Age25Plus":5005,"Pct_Age25Plus":76.22601279,"Nmbr_OccupiedUnitsWithRenters":2277,"Pct_OccupiedUnitsWithRenters":67.94986571,"Nmbr_OccupiedUnitsWithOwners":1074,"Pct_OccupiedUnitsWithOwners":32.05013429,"Nmbr_OccupiedUnits":3351,"Nmbr_HouseholdsCostBurdened":1284,"Pct_HouseholdsCostBurdened":38.31692032,"Nmbr_PerCapitaIncome":84247,"Nmbr_PopulationPovDetermined":6505,"Nmbr_PopulationInPoverty":1639,"Pct_PopulationInPoverty":25.19600307,"Nmbr_HouseholdsNoVehAccess":833,"Pct_HouseholdsNoVehAccess":24.85825127,"Nmbr_Households":3351,"Nmbr_PopulationWithDisability":991,"Pct_PopulationWithDisability":15.1621787,"Nmbr_PopCivilianNonInstitution":6536,"Nmbr_Population":6566,"Nmbr_Under18SingleParentFam":410,"Pct_Under18InSingleParentFam":39.84450923,"Nmbr_PopUnder18InHouseholds":1029,"Nmbr_PopulationDensity":5145.59090599,"Nmbr_PopNonHispanicWhite":2775,"Pct_PopNonHispanicWhite":42.26317393,"Nmbr_PopulationMinority":3791,"Pct_PopulationMinority":57.73682607,"Pct_PopOver16Unemployed":6.18970588,"GlobalID":"6bab0095-b3e8-4810-a0a9-9f81c740201f"}},{"type":"Feature","id":299,"geometry":{"type":"Polygon","coordinates":[[[-104.95978160542,39.7399891160668],[-104.960402124872,39.7399888751642],[-104.961013751417,39.7399889330824],[-104.961632468756,39.7399917654267],[-104.962237850967,39.7399945335769],[-104.962851258336,39.7399942468554],[-104.963466440248,39.7399943078029],[-104.964124271857,39.7399973053819],[-104.964766102034,39.7400002265016],[-104.965381263332,39.7400030229593],[-104.965990202014,39.740005787962],[-104.966605358188,39.7400092645007],[-104.967232068792,39.7400131331131],[-104.96784814528,39.7400124893014],[-104.968461560065,39.7400111437373],[-104.96968825263,39.7400266302086],[-104.970140755013,39.7400259234076],[-104.970311443352,39.7400256624349],[-104.970787947843,39.7400250611854],[-104.971290219203,39.7400262897647],[-104.971876947523,39.7400272085249],[-104.972136532023,39.7400273438439],[-104.972755205964,39.7400359512583],[-104.97299165463,39.7400390691632],[-104.973412216403,39.7400299708927],[-104.973392020902,39.741654050283],[-104.973388730365,39.7426841971539],[-104.973387156355,39.7432490286936],[-104.973383172756,39.7437795337828],[-104.973390360207,39.7448351204009],[-104.973384908124,39.7450873172116],[-104.973365886318,39.7459432495881],[-104.973338951913,39.7469641021223],[-104.973335064284,39.747529103641],[-104.973334341687,39.7481191250987],[-104.973356768382,39.7483609174289],[-104.973359056075,39.7494772196137],[-104.97335769536,39.750723904462],[-104.972733525231,39.7507241981522],[-104.972113803335,39.7507241654595],[-104.971500291997,39.7507258730179],[-104.970877892754,39.7507271941945],[-104.970272427396,39.7507230981486],[-104.969650069419,39.7507189225144],[-104.9690356825,39.7507188974534],[-104.968425737853,39.7507192326758],[-104.967807814995,39.7507164400826],[-104.967178333644,39.7507135919166],[-104.966566614267,39.7507135662938],[-104.965942444466,39.7507138237184],[-104.965329811682,39.7507168758497],[-104.964710066283,39.7507198922417],[-104.964093011406,39.7507198294949],[-104.963451951412,39.7507196538762],[-104.962838439905,39.7507213164323],[-104.96222670711,39.7507229839682],[-104.961610572839,39.7507187942069],[-104.960995330942,39.750714262332],[-104.960378263371,39.7507158957774],[-104.959766530048,39.7507175501221],[-104.959761133234,39.7494560778137],[-104.959767250061,39.7482004907531],[-104.959784100856,39.7469363738369],[-104.959790138596,39.7447676411143],[-104.959783083735,39.7432597702404],[-104.959777057461,39.741618414209],[-104.95978160542,39.7399891160668]]]},"properties":{"OBJECTID":299,"NBHD_NAME":"City Park West","NBHD_ID":15,"DIST_NUM":9,"Nmbr_Age25Plus_NoDiplomaOrGED":229,"Pct_Age25Plus_NoDiplomaOrGED":5.12763099,"Nmbr_Age25Plus_NoCollDegree":1489,"Pct_Age25Plus_NoCollDegree":33.34079713,"Nmbr_Age25Plus_LessThanBA":1705,"Pct_Age25Plus_LessThanBA":38.1773399,"Nmbr_PopulationUnder18":713,"Pct_PopulationUnder18":13.14043494,"Nmbr_PopulationOver70":368,"Pct_PopulationOver70":6.78215997,"Nmbr_Age25Plus":4466,"Pct_Age25Plus":82.30740877,"Nmbr_OccupiedUnitsWithRenters":2047,"Pct_OccupiedUnitsWithRenters":69.06207827,"Nmbr_OccupiedUnitsWithOwners":917,"Pct_OccupiedUnitsWithOwners":30.93792173,"Nmbr_OccupiedUnits":2964,"Nmbr_HouseholdsCostBurdened":1004,"Pct_HouseholdsCostBurdened":33.8731444,"Nmbr_PerCapitaIncome":108455,"Nmbr_PopulationPovDetermined":5172,"Nmbr_PopulationInPoverty":769,"Pct_PopulationInPoverty":14.86852282,"Nmbr_HouseholdsNoVehAccess":579,"Pct_HouseholdsNoVehAccess":19.53441296,"Nmbr_Households":2964,"Nmbr_PopulationWithDisability":582,"Pct_PopulationWithDisability":11.1643967,"Nmbr_PopCivilianNonInstitution":5213,"Nmbr_Population":5426,"Nmbr_Under18SingleParentFam":326,"Pct_Under18InSingleParentFam":45.72230014,"Nmbr_PopUnder18InHouseholds":713,"Nmbr_PopulationDensity":10143.04599759,"Nmbr_PopNonHispanicWhite":3518,"Pct_PopNonHispanicWhite":64.83597494,"Nmbr_PopulationMinority":1908,"Pct_PopulationMinority":35.16402506,"Pct_PopOver16Unemployed":3.15975944,"GlobalID":"59c6f5fc-77a1-49a1-8d92-5f908e1ffab9"}},{"type":"Feature","id":300,"geometry":{"type":"Polygon","coordinates":[[[-104.959766530048,39.7507175501221],[-104.960378263371,39.7507158957774],[-104.960995330942,39.750714262332],[-104.961610572839,39.7507187942069],[-104.96222670711,39.7507229839682],[-104.962838439905,39.7507213164323],[-104.963451951412,39.7507196538762],[-104.964093011406,39.7507198294949],[-104.964710066283,39.7507198922417],[-104.965329811682,39.7507168758497],[-104.965942444466,39.7507138237184],[-104.966566614267,39.7507135662938],[-104.967178333644,39.7507135919166],[-104.967807814995,39.7507164400826],[-104.968425737853,39.7507192326758],[-104.9690356825,39.7507188974534],[-104.969650069419,39.7507189225144],[-104.970272427396,39.7507230981486],[-104.970877892754,39.7507271941945],[-104.971500291997,39.7507258730179],[-104.972113803335,39.7507241654595],[-104.972733525231,39.7507241981522],[-104.97335769536,39.750723904462],[-104.973363359538,39.7519822876681],[-104.973364687062,39.7532262380375],[-104.973359202677,39.7545483976736],[-104.973360774958,39.7549310243075],[-104.973361190118,39.7551125561695],[-104.973367671702,39.7553150479111],[-104.973360919412,39.7557405317495],[-104.973361473351,39.756377090134],[-104.973363130443,39.7569851712337],[-104.973354898718,39.7577260092818],[-104.973349251691,39.7582410615944],[-104.973324616117,39.7595082279808],[-104.973337317627,39.7604217666696],[-104.973341897516,39.7607591095757],[-104.973350509764,39.7611517177092],[-104.973343124397,39.7617796610458],[-104.973340221549,39.762047652868],[-104.972887840539,39.7620133712289],[-104.972712682758,39.7620094982207],[-104.972115979018,39.7620099122688],[-104.971489971615,39.7620047009941],[-104.970879967904,39.7619999016535],[-104.968419384335,39.7619960214585],[-104.967809331418,39.761997726436],[-104.967179715143,39.7619993388462],[-104.966573252997,39.7619965921096],[-104.965955231083,39.7619937898029],[-104.965340742489,39.7619940886146],[-104.96471914202,39.7619940089548],[-104.964104656105,39.761993958403],[-104.963449262406,39.7619940609056],[-104.962833918754,39.7619898818229],[-104.962217685758,39.7619856956607],[-104.961593404727,39.761987302616],[-104.960981576245,39.7619886204612],[-104.960365298409,39.7619902577523],[-104.959752576191,39.7619919084872],[-104.959758608571,39.7607476511896],[-104.959753284643,39.7594765751954],[-104.959762892819,39.7582295879457],[-104.959765414153,39.7569791362938],[-104.959759019343,39.7557317310558],[-104.959758089645,39.7544675360515],[-104.95977043814,39.7532109510543],[-104.959768484026,39.7519642509519],[-104.959766530048,39.7507175501221]]]},"properties":{"OBJECTID":300,"NBHD_NAME":"Whittier","NBHD_ID":77,"DIST_NUM":9,"Nmbr_Age25Plus_NoDiplomaOrGED":228,"Pct_Age25Plus_NoDiplomaOrGED":6.42615558,"Nmbr_Age25Plus_NoCollDegree":1070,"Pct_Age25Plus_NoCollDegree":30.1578354,"Nmbr_Age25Plus_LessThanBA":1204,"Pct_Age25Plus_LessThanBA":33.93461105,"Nmbr_PopulationUnder18":1004,"Pct_PopulationUnder18":20.94721469,"Nmbr_PopulationOver70":201,"Pct_PopulationOver70":4.19361569,"Nmbr_Age25Plus":3548,"Pct_Age25Plus":74.02461924,"Nmbr_OccupiedUnitsWithRenters":881,"Pct_OccupiedUnitsWithRenters":41.07226107,"Nmbr_OccupiedUnitsWithOwners":1264,"Pct_OccupiedUnitsWithOwners":58.92773893,"Nmbr_OccupiedUnits":2145,"Nmbr_HouseholdsCostBurdened":417,"Pct_HouseholdsCostBurdened":19.44055944,"Nmbr_PerCapitaIncome":58190,"Nmbr_PopulationPovDetermined":4705,"Nmbr_PopulationInPoverty":477,"Pct_PopulationInPoverty":10.1381509,"Nmbr_HouseholdsNoVehAccess":323,"Pct_HouseholdsNoVehAccess":15.05827506,"Nmbr_Households":2145,"Nmbr_PopulationWithDisability":307,"Pct_PopulationWithDisability":6.46996839,"Nmbr_PopCivilianNonInstitution":4745,"Nmbr_Population":4793,"Nmbr_Under18SingleParentFam":544,"Pct_Under18InSingleParentFam":56.90376569,"Nmbr_PopUnder18InHouseholds":956,"Nmbr_PopulationDensity":8511.99753589,"Nmbr_PopNonHispanicWhite":2685,"Pct_PopNonHispanicWhite":56.01919466,"Nmbr_PopulationMinority":2108,"Pct_PopulationMinority":43.98080534,"Pct_PopOver16Unemployed":2.3,"GlobalID":"50417586-9ab6-49c1-afd2-08f8da2ee92d"}},{"type":"Feature","id":301,"geometry":{"type":"Polygon","coordinates":[[[-104.940621034984,39.751036810207],[-104.942402083422,39.7511341409665],[-104.943243108146,39.7511463581803],[-104.945730023154,39.7511457433955],[-104.949061484076,39.7511533076277],[-104.949863610947,39.7511551153883],[-104.954504738514,39.7511654650411],[-104.954944972181,39.7511510331076],[-104.955296338359,39.7511306976545],[-104.956662208464,39.7509952871766],[-104.957259312556,39.7509311265088],[-104.957868040178,39.750858437422],[-104.958378966287,39.7507852947412],[-104.958786527897,39.7507411867998],[-104.959222362907,39.7507201986194],[-104.959766530048,39.7507175501221],[-104.959768484026,39.7519642509519],[-104.95977043814,39.7532109510543],[-104.959758089645,39.7544675360515],[-104.959759019343,39.7557317310558],[-104.959765414153,39.7569791362938],[-104.959762892819,39.7582295879457],[-104.959753284643,39.7594765751954],[-104.959758608571,39.7607476511896],[-104.959752576191,39.7619919084872],[-104.95917456349,39.7619902836213],[-104.958564537229,39.7619885087178],[-104.957953629412,39.7619856971212],[-104.957336496902,39.7619828536571],[-104.956721110912,39.7619841328066],[-104.956104833276,39.7619857479438],[-104.955500187697,39.7619781482612],[-104.955019458155,39.7619800250662],[-104.954874478105,39.7619874493493],[-104.953646556715,39.7619794848081],[-104.952415028086,39.7619715466835],[-104.951183402977,39.7619635952734],[-104.950075878443,39.7619564334467],[-104.949914348945,39.7619544065205],[-104.949699319282,39.7619517079544],[-104.94892319395,39.7619362137702],[-104.948723397945,39.7619366229203],[-104.947601245203,39.7619389146428],[-104.947493233267,39.7619390489882],[-104.947101674647,39.7619395349743],[-104.94626195896,39.7619355887388],[-104.945888102915,39.7619338290304],[-104.945276405778,39.761930947318],[-104.945026632742,39.7619297701669],[-104.944838435621,39.7619170195095],[-104.944561951441,39.7618919887788],[-104.944239566974,39.7618400491681],[-104.943978642092,39.761791364665],[-104.943725308957,39.7617545782635],[-104.943502599211,39.7617327656206],[-104.943287528076,39.7617169195588],[-104.943110766157,39.7617160834239],[-104.942910947616,39.761715137905],[-104.942711106028,39.7617171578024],[-104.942534202372,39.7617341148168],[-104.942322713708,39.7617509079671],[-104.942072657389,39.7617853120734],[-104.941660902525,39.7618575040552],[-104.941349292294,39.7619005119825],[-104.941149331676,39.7619173577388],[-104.940715808318,39.7619438043222],[-104.940578188696,39.7619582011063],[-104.94057847481,39.7618009513033],[-104.940585468111,39.7601759556293],[-104.940593357474,39.7582954925609],[-104.940600529479,39.7565049322522],[-104.940602160097,39.7559661828896],[-104.940606243855,39.7550084498409],[-104.940608095259,39.7546649576682],[-104.940608274072,39.7544196008691],[-104.940614647834,39.752840419012],[-104.940621034984,39.751036810207]]]},"properties":{"OBJECTID":301,"NBHD_NAME":"Skyland","NBHD_ID":55,"DIST_NUM":9,"Nmbr_Age25Plus_NoDiplomaOrGED":119,"Pct_Age25Plus_NoDiplomaOrGED":4.22435215,"Nmbr_Age25Plus_NoCollDegree":924,"Pct_Age25Plus_NoCollDegree":32.80085197,"Nmbr_Age25Plus_LessThanBA":1221,"Pct_Age25Plus_LessThanBA":43.34398296,"Nmbr_PopulationUnder18":427,"Pct_PopulationUnder18":12.48173049,"Nmbr_PopulationOver70":342,"Pct_PopulationOver70":9.99707688,"Nmbr_Age25Plus":2817,"Pct_Age25Plus":82.34434376,"Nmbr_OccupiedUnitsWithRenters":532,"Pct_OccupiedUnitsWithRenters":34.08071749,"Nmbr_OccupiedUnitsWithOwners":1029,"Pct_OccupiedUnitsWithOwners":65.91928251,"Nmbr_OccupiedUnits":1561,"Nmbr_HouseholdsCostBurdened":584,"Pct_HouseholdsCostBurdened":37.41191544,"Nmbr_PerCapitaIncome":52932,"Nmbr_PopulationPovDetermined":3421,"Nmbr_PopulationInPoverty":365,"Pct_PopulationInPoverty":10.66939491,"Nmbr_HouseholdsNoVehAccess":77,"Pct_HouseholdsNoVehAccess":4.93273543,"Nmbr_Households":1561,"Nmbr_PopulationWithDisability":476,"Pct_PopulationWithDisability":13.91406022,"Nmbr_PopCivilianNonInstitution":3421,"Nmbr_Population":3421,"Nmbr_Under18SingleParentFam":55,"Pct_Under18InSingleParentFam":12.88056206,"Nmbr_PopUnder18InHouseholds":427,"Nmbr_PopulationDensity":4481.48162394,"Nmbr_PopNonHispanicWhite":1891,"Pct_PopNonHispanicWhite":55.27623502,"Nmbr_PopulationMinority":1530,"Pct_PopulationMinority":44.72376498,"Pct_PopOver16Unemployed":3,"GlobalID":"2e37bdc5-e369-4c7a-aed6-2047c9c4f4d7"}},{"type":"Feature","id":302,"geometry":{"type":"Polygon","coordinates":[[[-104.959752576191,39.7619919084872],[-104.960365298409,39.7619902577523],[-104.960981576245,39.7619886204612],[-104.961593404727,39.761987302616],[-104.962217685758,39.7619856956607],[-104.962833918754,39.7619898818229],[-104.963449262406,39.7619940609056],[-104.964104656105,39.761993958403],[-104.96471914202,39.7619940089548],[-104.965340742489,39.7619940886146],[-104.965955231083,39.7619937898029],[-104.966573252997,39.7619965921096],[-104.967179715143,39.7619993388462],[-104.967809331418,39.761997726436],[-104.968419384335,39.7619960214585],[-104.970879967904,39.7619999016535],[-104.971489971615,39.7620047009941],[-104.972115979018,39.7620099122688],[-104.972712682758,39.7620094982207],[-104.972887840539,39.7620133712289],[-104.973340221549,39.762047652868],[-104.973344513388,39.7624234276265],[-104.973336473571,39.763256917335],[-104.973330660987,39.7637939300959],[-104.973335556266,39.7642077974563],[-104.973340378437,39.7645128845718],[-104.97332850354,39.7651466398753],[-104.973319406305,39.7657656517578],[-104.973322360171,39.7658459632522],[-104.973328760473,39.7660594344559],[-104.973352176024,39.7664939740094],[-104.973348559461,39.7669754047104],[-104.973346066285,39.7671888360338],[-104.973337902783,39.7679204064427],[-104.973343187107,39.7681640702508],[-104.973347056101,39.7691880623325],[-104.971915695062,39.7703010200567],[-104.969723996185,39.7719832664745],[-104.968476249539,39.7729113635644],[-104.965937174393,39.7728864896348],[-104.964705243625,39.7728994256092],[-104.959400845284,39.7728940609724],[-104.95965605321,39.7722085795969],[-104.959730353131,39.7719155230901],[-104.959739550517,39.7714145589405],[-104.95974158151,39.7711510250547],[-104.959742600663,39.7692876972636],[-104.959745991363,39.768155300262],[-104.959745437953,39.766957685041],[-104.959746773706,39.7657456653635],[-104.959760011456,39.7644894325047],[-104.959754457763,39.7632482117108],[-104.959752576191,39.7619919084872]]]},"properties":{"OBJECTID":302,"NBHD_NAME":"Cole","NBHD_ID":18,"DIST_NUM":9,"Nmbr_Age25Plus_NoDiplomaOrGED":527,"Pct_Age25Plus_NoDiplomaOrGED":17.13821138,"Nmbr_Age25Plus_NoCollDegree":1628,"Pct_Age25Plus_NoCollDegree":52.94308943,"Nmbr_Age25Plus_LessThanBA":1804,"Pct_Age25Plus_LessThanBA":58.66666667,"Nmbr_PopulationUnder18":924,"Pct_PopulationUnder18":20.54246332,"Nmbr_PopulationOver70":129,"Pct_PopulationOver70":2.86794131,"Nmbr_Age25Plus":3075,"Pct_Age25Plus":68.36371721,"Nmbr_OccupiedUnitsWithRenters":867,"Pct_OccupiedUnitsWithRenters":50.94007051,"Nmbr_OccupiedUnitsWithOwners":835,"Pct_OccupiedUnitsWithOwners":49.05992949,"Nmbr_OccupiedUnits":1702,"Nmbr_HouseholdsCostBurdened":632,"Pct_HouseholdsCostBurdened":37.13278496,"Nmbr_PerCapitaIncome":37709,"Nmbr_PopulationPovDetermined":4425,"Nmbr_PopulationInPoverty":663,"Pct_PopulationInPoverty":14.98305085,"Nmbr_HouseholdsNoVehAccess":306,"Pct_HouseholdsNoVehAccess":17.97884841,"Nmbr_Households":1702,"Nmbr_PopulationWithDisability":420,"Pct_PopulationWithDisability":9.33748333,"Nmbr_PopCivilianNonInstitution":4498,"Nmbr_Population":4498,"Nmbr_Under18SingleParentFam":282,"Pct_Under18InSingleParentFam":30.55254605,"Nmbr_PopUnder18InHouseholds":923,"Nmbr_PopulationDensity":8783.85159332,"Nmbr_PopNonHispanicWhite":1784,"Pct_PopNonHispanicWhite":39.66207203,"Nmbr_PopulationMinority":2714,"Pct_PopulationMinority":60.33792797,"Pct_PopOver16Unemployed":5.8,"GlobalID":"31e46605-6c9c-49a8-97c5-123709953666"}},{"type":"Feature","id":303,"geometry":{"type":"Polygon","coordinates":[[[-105.065074073717,39.6185179990874],[-105.065090739475,39.6200452211786],[-105.065661765364,39.6206004754072],[-105.073646115204,39.6232779756636],[-105.076115666987,39.6242247981399],[-105.074517225667,39.624227255904],[-105.076272837172,39.6250946162755],[-105.08023177076,39.629460570059],[-105.080952007593,39.6313272397154],[-105.081564616031,39.6313009401485],[-105.081564452502,39.6313283929111],[-105.081670079905,39.6313280829384],[-105.083712476674,39.6313274445669],[-105.083733185678,39.6302293747793],[-105.081690818792,39.6302303566414],[-105.081747210687,39.6273184170292],[-105.083812568963,39.6273175159388],[-105.083789424495,39.628527451523],[-105.085579667633,39.6285269168496],[-105.085625896389,39.6261067013541],[-105.087390690085,39.6260463379278],[-105.087383671279,39.6270902365914],[-105.09116383236,39.6270808037511],[-105.091185914289,39.6242013395536],[-105.100644984412,39.6242228952086],[-105.10753666664,39.6242073430572],[-105.107517012623,39.6270899046354],[-105.109966698933,39.627084336329],[-105.109938032205,39.6314479840737],[-105.109914363881,39.6350707405536],[-105.100534386891,39.6350886402075],[-105.091116376738,39.635081636856],[-105.091102400534,39.6387023631955],[-105.081527577935,39.6387098329115],[-105.081421053645,39.6387101398006],[-105.081418160859,39.6385883628681],[-105.081430883486,39.6380622059482],[-105.081441997184,39.6376024357958],[-105.08145327624,39.6371358279196],[-105.081460197682,39.6368494610284],[-105.081463196174,39.6366395662992],[-105.081470404991,39.6362368796831],[-105.081280303774,39.6361630537084],[-105.080857299075,39.6361410451439],[-105.080596397417,39.6361594592767],[-105.080305657252,39.6362048197029],[-105.079966549934,39.636631990004],[-105.079481986214,39.63672592374],[-105.07904640711,39.6367049440169],[-105.078249925559,39.6365542855357],[-105.078135411968,39.6365327894126],[-105.077724010507,39.6364527863357],[-105.077673839031,39.6364439424702],[-105.07765688065,39.6364414285646],[-105.07762281176,39.6364370883801],[-105.077605706162,39.6364352657323],[-105.077588562325,39.6364336709997],[-105.077563120482,39.6364317398309],[-105.077246321233,39.6363971473436],[-105.077059444618,39.6364018406758],[-105.076649202437,39.6364121393463],[-105.076436324153,39.6364366321041],[-105.075923710581,39.6364956066428],[-105.075811627888,39.6365085004202],[-105.075246603756,39.6364956386487],[-105.074900999344,39.6366066094102],[-105.074799315426,39.6366718958911],[-105.074763336046,39.636646436642],[-105.074172295722,39.6367674938462],[-105.07403773764,39.6367066081989],[-105.073897797547,39.6366549685763],[-105.07375158379,39.6366132578981],[-105.073600871338,39.6365814827841],[-105.073448323376,39.636559652484],[-105.073293045557,39.6365487936559],[-105.073264646907,39.6365476610565],[-105.073204844101,39.6386469525333],[-105.073196114881,39.6387413087426],[-105.072254605993,39.6387430655571],[-105.067444399224,39.6387500390297],[-105.065486009043,39.6387356871103],[-105.060868558472,39.6387434612804],[-105.060011366744,39.6387545060513],[-105.059800335834,39.6386747112928],[-105.059058208293,39.6386757034385],[-105.059839503624,39.6346910036913],[-105.057060856819,39.631499032672],[-105.053433852961,39.6292982781185],[-105.053449304352,39.6277053392185],[-105.055780199921,39.625997979505],[-105.055808994406,39.6242513486628],[-105.053483666186,39.6242542008836],[-105.053516731897,39.620866883653],[-105.054329946533,39.6208222710797],[-105.055349079339,39.6210543421102],[-105.056272633896,39.6211041622063],[-105.057243858394,39.6209129058641],[-105.05738584632,39.6204916834065],[-105.05648868097,39.6199179486012],[-105.057120475951,39.6193678261855],[-105.057086653718,39.6193834845668],[-105.058160417986,39.617375366247],[-105.058098048125,39.6144088087618],[-105.097009657098,39.6143114092702],[-105.097029540285,39.6184304429039],[-105.065074073717,39.6185179990874]],[[-105.080874170807,39.6350005917128],[-105.080870077601,39.6356865723205],[-105.081483442076,39.6356887587431],[-105.081487529293,39.6350027781145],[-105.080874170807,39.6350005917128]]]},"properties":{"OBJECTID":303,"NBHD_NAME":"Marston","NBHD_ID":44,"DIST_NUM":2,"Nmbr_Age25Plus_NoDiplomaOrGED":369,"Pct_Age25Plus_NoDiplomaOrGED":3.9900519,"Nmbr_Age25Plus_NoCollDegree":3999,"Pct_Age25Plus_NoCollDegree":43.24178201,"Nmbr_Age25Plus_LessThanBA":4866,"Pct_Age25Plus_LessThanBA":52.61678201,"Nmbr_PopulationUnder18":2405,"Pct_PopulationUnder18":19.84978541,"Nmbr_PopulationOver70":1144,"Pct_PopulationOver70":9.44206009,"Nmbr_Age25Plus":9248,"Pct_Age25Plus":76.32882139,"Nmbr_OccupiedUnitsWithRenters":1913,"Pct_OccupiedUnitsWithRenters":34.46846847,"Nmbr_OccupiedUnitsWithOwners":3637,"Pct_OccupiedUnitsWithOwners":65.53153153,"Nmbr_OccupiedUnits":5550,"Nmbr_HouseholdsCostBurdened":1614,"Pct_HouseholdsCostBurdened":29.08108108,"Nmbr_PerCapitaIncome":133412,"Nmbr_PopulationPovDetermined":12116,"Nmbr_PopulationInPoverty":778,"Pct_PopulationInPoverty":6.42126114,"Nmbr_HouseholdsNoVehAccess":68,"Pct_HouseholdsNoVehAccess":1.22522523,"Nmbr_Households":5550,"Nmbr_PopulationWithDisability":898,"Pct_PopulationWithDisability":7.4227145,"Nmbr_PopCivilianNonInstitution":12098,"Nmbr_Population":12116,"Nmbr_Under18SingleParentFam":636,"Pct_Under18InSingleParentFam":26.63316583,"Nmbr_PopUnder18InHouseholds":2388,"Nmbr_PopulationDensity":3822.70424822,"Nmbr_PopNonHispanicWhite":8448,"Pct_PopNonHispanicWhite":69.72598217,"Nmbr_PopulationMinority":3668,"Pct_PopulationMinority":30.27401783,"Pct_PopOver16Unemployed":4.63131374,"GlobalID":"cab47968-2e38-43c9-9c9f-56de80a7e1dc"}},{"type":"Feature","id":304,"geometry":{"type":"Polygon","coordinates":[[[-104.928282151538,39.7066874325702],[-104.928287514091,39.7066920847147],[-104.928287381545,39.7067857557172],[-104.929118068952,39.7067872868015],[-104.92911989107,39.7064109457996],[-104.929537125257,39.7064131631618],[-104.929546477087,39.7085113944945],[-104.926982267477,39.7080525117611],[-104.926983104746,39.7081125646382],[-104.929546788824,39.7085812913017],[-104.930243657715,39.7087229801843],[-104.930802350894,39.7088615781893],[-104.930959256686,39.7089079782732],[-104.931682583411,39.7091266389318],[-104.931673749135,39.7110949817361],[-104.931565521268,39.7112092614639],[-104.9293194058,39.7111878062893],[-104.928148488695,39.7111821260416],[-104.92697832522,39.7111798408127],[-104.925802914235,39.711180967001],[-104.924624551981,39.7111751882251],[-104.923454572877,39.7112001995828],[-104.922285899032,39.7112149344184],[-104.921121768697,39.7111989927782],[-104.919952119895,39.7111967622894],[-104.918786635579,39.7111909441685],[-104.917622530872,39.7111985479136],[-104.916455650522,39.711196498618],[-104.915284127948,39.7111863991382],[-104.914125689801,39.7112077241083],[-104.912918209828,39.7112129308202],[-104.912791852741,39.7112117557422],[-104.911812684266,39.7112026437004],[-104.911124434298,39.7112054081364],[-104.910236800857,39.711201983284],[-104.909689066993,39.7111998667618],[-104.908686627393,39.7112076228806],[-104.906473543061,39.7111969918482],[-104.904446024373,39.7112129665033],[-104.903644334021,39.7112325158399],[-104.903494676757,39.7112824179375],[-104.903511057634,39.711125743474],[-104.903511730977,39.7108374892309],[-104.903511219426,39.7096432752768],[-104.903510721998,39.7085520108985],[-104.903510897027,39.7085314218135],[-104.903511193238,39.7080784462393],[-104.903510710557,39.7075081045448],[-104.903502017867,39.7038825035251],[-104.903524086047,39.7003253776381],[-104.903526208275,39.7001342659686],[-104.903530918115,39.6997102187106],[-104.903544625034,39.6985359762641],[-104.90350892918,39.6985192326789],[-104.903508131983,39.6966270134463],[-104.90010389149,39.6929556646279],[-104.903509733952,39.6929891191843],[-104.903512227164,39.6893508816369],[-104.903538591927,39.6873770494152],[-104.903466378634,39.6863836286957],[-104.903425621653,39.6857441019815],[-104.90343149141,39.6854576246223],[-104.903513931859,39.6854831322156],[-104.903581339329,39.6855039886179],[-104.903649639898,39.6855156595031],[-104.903710694111,39.6855437656213],[-104.903750429861,39.6855717638023],[-104.903778641778,39.6855969580556],[-104.90381837467,39.6856252993331],[-104.903854604206,39.6856477887915],[-104.903897124833,39.6856617309131],[-104.903947613247,39.6856788022757],[-104.904016685748,39.6857042036014],[-104.904055650332,39.6857184703732],[-104.904088303607,39.6857436875124],[-104.904116489494,39.6857719701638],[-104.904170248755,39.6858223447785],[-104.904217137476,39.6858448883381],[-104.904249957409,39.6858505453414],[-104.904293397814,39.6858607170451],[-104.904365205267,39.6858778962356],[-104.904452043388,39.685903387298],[-104.904494561116,39.6859176725718],[-104.904570597707,39.6859599238411],[-104.904692495163,39.686041185592],[-104.904717151675,39.6860667045459],[-104.904800131657,39.6861282083114],[-104.904853888962,39.6861789261798],[-104.904900565755,39.6862265193224],[-104.904947216427,39.6862772009762],[-104.90501161303,39.6863303745039],[-104.905065347115,39.6863838374302],[-104.905118918479,39.6864565167994],[-104.905146753177,39.6865263200098],[-104.905161533924,39.6865641432508],[-104.905186004672,39.6866116241799],[-104.905236232122,39.6866595785269],[-104.905329965659,39.6867101551869],[-104.905416033238,39.68672191489],[-104.90547014877,39.6867304245616],[-104.905481684778,39.6867318552789],[-104.905596949546,39.6867574894608],[-104.905654476066,39.6867828312369],[-104.905715412993,39.6868250058197],[-104.905812627537,39.6868841788482],[-104.905884151759,39.6869349854058],[-104.905992121646,39.6869828881851],[-104.906075220172,39.6870306648849],[-104.906143194363,39.6870811105655],[-104.906204178295,39.6871177941709],[-104.906290475818,39.6872074533877],[-104.906354917565,39.6872554792136],[-104.906433717306,39.6872864185552],[-104.90651707447,39.687303654516],[-104.906653682487,39.6873266500502],[-104.906736970208,39.6873521212819],[-104.90677668235,39.6873832063011],[-104.906811909201,39.6874194166983],[-104.906858516166,39.6874755880937],[-104.906894512947,39.6875258720128],[-104.906929548818,39.6875847304363],[-104.906961966311,39.6876380849398],[-104.906997962993,39.6876883684215],[-104.907040340268,39.6877194671889],[-104.907094337916,39.6877420454247],[-104.907184662625,39.6877757880442],[-104.90724229514,39.6877887758217],[-104.907325702102,39.6878001773663],[-104.907415278368,39.6878174441809],[-104.907542208786,39.6878294084461],[-104.907631785145,39.6878466747443],[-104.907671688833,39.6878551117448],[-104.907755000972,39.6878778373443],[-104.907830199365,39.6879145918843],[-104.907934642128,39.6879597292082],[-104.908039085283,39.688004866691],[-104.908103624391,39.6880415673892],[-104.908215009047,39.6881063002673],[-104.908265454242,39.6881288600294],[-104.908333642239,39.6881542543761],[-104.908394605369,39.6881936819412],[-104.908448534408,39.6882244949767],[-104.908488342974,39.6882442557035],[-104.90854942463,39.6882696143244],[-104.908613869094,39.6883176386946],[-104.908653631762,39.6883428896328],[-104.908736921154,39.6883683596382],[-104.908761675341,39.6883825540201],[-104.908822638389,39.6884219816085],[-104.908855225859,39.688455432627],[-104.908883226644,39.6885060188447],[-104.908908707362,39.6885394341198],[-104.908962399873,39.6885983854899],[-104.909048071659,39.6886574976095],[-104.909127715902,39.6886939302606],[-104.909221686098,39.6887170514984],[-104.909333543319,39.6887258494739],[-104.909409026487,39.6887289739028],[-104.909445329164,39.6887432260917],[-104.909513307111,39.6887936698422],[-104.909559775702,39.6888666543584],[-104.909595564214,39.6889419877196],[-104.909605753482,39.6889979749161],[-104.909622861434,39.6890763026753],[-104.909629523538,39.6891291839502],[-104.909661782103,39.6892017538849],[-104.909682749289,39.6892437254763],[-104.909729570437,39.6892748455565],[-104.909776368542,39.6893087108256],[-104.909826792019,39.689334015066],[-104.909889398476,39.6893528700629],[-104.909902111153,39.689356698751],[-104.909974976286,39.6893543191268],[-104.909986165939,39.6893528966409],[-104.910039895508,39.6893460657089],[-104.91006833303,39.6893448357484],[-104.910094892677,39.6893529261243],[-104.910115295736,39.6893591412569],[-104.910151459743,39.6893898643679],[-104.910191128409,39.6894264389283],[-104.910248586688,39.6894603574269],[-104.910352869172,39.6895250528058],[-104.910413764989,39.6895727150263],[-104.910485321478,39.6896204308124],[-104.910556946712,39.6896599107277],[-104.910633013798,39.6896994128622],[-104.91069750998,39.6897416026318],[-104.910769112409,39.6897838277242],[-104.91085930089,39.6898343819646],[-104.910927327316,39.6898793345149],[-104.910991915477,39.6899105429364],[-104.911092905298,39.6899443356764],[-104.911136383967,39.6899503875539],[-104.911179797213,39.6899643314705],[-104.911270986791,39.690001506571],[-104.911294692313,39.6900349126158],[-104.911319262881,39.6900710682585],[-104.911348085062,39.690129893778],[-104.911383968687,39.6901942455838],[-104.911426162173,39.6902476477208],[-104.911465938456,39.6902715251122],[-104.911545583233,39.6903082992764],[-104.911631472092,39.6903420162232],[-104.911699522711,39.690384222962],[-104.911807475994,39.6904352082683],[-104.91193408732,39.690485944054],[-104.912012821207,39.6905254589642],[-104.912103034338,39.6905732668788],[-104.912171085204,39.6906154735909],[-104.912228476378,39.6906576267287],[-104.912289325863,39.6907111213933],[-104.912350342279,39.6907447134891],[-104.912415820769,39.6907759257119],[-104.912516789215,39.6908124626247],[-104.912588580511,39.6908323818684],[-104.912671101094,39.6908441184934],[-104.912718194288,39.6908429808694],[-104.912889226872,39.6909313496896],[-104.913045478244,39.6910120801233],[-104.913146188924,39.6910795002064],[-104.913210733595,39.6911161980621],[-104.913268149012,39.6911556055798],[-104.913311445038,39.6911836180035],[-104.913408766409,39.6912314605125],[-104.913466345561,39.6912513079643],[-104.913499073422,39.6912682865187],[-104.913591882006,39.6913246853614],[-104.913638663013,39.6913609510544],[-104.913699328044,39.6914367503014],[-104.913767896676,39.69152356995],[-104.913788961594,39.6915542168295],[-104.913806527748,39.6915783258189],[-104.913860344457,39.6916232058393],[-104.91392917117,39.6916791418783],[-104.913979434463,39.6917240039307],[-104.914087251353,39.691791801328],[-104.914165919235,39.6918395506987],[-104.914259665866,39.6918901199456],[-104.914334754626,39.6919409391736],[-104.914409914812,39.6919831799146],[-104.914525847927,39.6920366047504],[-104.914615199214,39.6920816608822],[-104.914733772152,39.6921381874561],[-104.914813374722,39.692180449643],[-104.914914426341,39.6922073762819],[-104.91501546419,39.6922360186838],[-104.915076646319,39.6922500495345],[-104.915169829457,39.6922618376283],[-104.915311031717,39.6922680305479],[-104.915398090184,39.6922684633933],[-104.915455670163,39.6922883100114],[-104.915520148762,39.6923332422531],[-104.915591662444,39.6923867881633],[-104.915670965822,39.6924650810649],[-104.915745941952,39.6925296255114],[-104.915789203198,39.6925620982662],[-104.915828971177,39.6925873467417],[-104.915907732202,39.6926241137072],[-104.915958182857,39.6926466701819],[-104.916012209749,39.6926664988754],[-104.916080405152,39.6926918886397],[-104.916149466109,39.6927200279307],[-104.916245971707,39.6927596278368],[-104.916282091631,39.6927961826567],[-104.916325273382,39.6928382634564],[-104.91637189156,39.6928944309734],[-104.916422134524,39.692942037068],[-104.916493581038,39.6930038184364],[-104.916558155103,39.6930374255538],[-104.916659171543,39.6930688120896],[-104.91677431107,39.6931112494593],[-104.916861094282,39.6931449669591],[-104.916915039331,39.6931747465989],[-104.916972435511,39.6932168974337],[-104.917019310741,39.6932421809356],[-104.91708397622,39.693264807139],[-104.91713085126,39.6932900908456],[-104.917173285178,39.6933153522705],[-104.917252728075,39.6933771723955],[-104.917360089156,39.6935005577998],[-104.917409985438,39.6935900282297],[-104.917437764233,39.693668407743],[-104.917459440874,39.6937326871944],[-104.917480425473,39.6937732843493],[-104.917523699421,39.6938043837224],[-104.917559963654,39.6938237807716],[-104.917621167088,39.6938354082524],[-104.917703646487,39.6938526318437],[-104.917830382039,39.6938896348427],[-104.917935025374,39.693912458481],[-104.918043176868,39.6939407903237],[-104.918092740798,39.6939633414758],[-104.918136086069,39.6939858615852],[-104.918200658714,39.6940198115091],[-104.918297663888,39.6941067689345],[-104.918347930997,39.6941516292281],[-104.918427331155,39.6942189392558],[-104.918656598193,39.6944266585066],[-104.918696322195,39.694457396904],[-104.91876423017,39.6945177863152],[-104.918825159544,39.6945626989451],[-104.918868457047,39.6945910526088],[-104.918983648704,39.6946276541638],[-104.919073917562,39.6946699665545],[-104.919210220296,39.6947320661902],[-104.919307573583,39.6947771586041],[-104.919408341623,39.6948390827779],[-104.919483369076,39.6948981344786],[-104.919584091517,39.6949655489553],[-104.919677775808,39.6950246928123],[-104.919792596503,39.6951062461418],[-104.919882798582,39.6951567935179],[-104.919990787773,39.6952050260711],[-104.920097869213,39.6952556565814],[-104.920202399088,39.6952925474811],[-104.920343216758,39.6953460891095],[-104.920573760034,39.6954004158378],[-104.92063489761,39.6954202776581],[-104.920711047618,39.6954511946128],[-104.920808264098,39.6955131000157],[-104.920846778518,39.695582952243],[-104.920919003904,39.6956588043284],[-104.920954126837,39.6957090794242],[-104.921022982962,39.6957626092456],[-104.921134114211,39.6958609583406],[-104.921241718165,39.6959562015682],[-104.921284038894,39.6959955309732],[-104.921356542458,39.6960377536963],[-104.92148218952,39.6960997982631],[-104.92154688176,39.6961196770371],[-104.921633831857,39.6961338313832],[-104.921756292903,39.6961512487313],[-104.921839619127,39.6961739642328],[-104.921907842466,39.6961966052813],[-104.921944058011,39.6962221775057],[-104.922188833448,39.6962748554245],[-104.922275826905,39.6963020350583],[-104.922279222374,39.6963030958431],[-104.92237220514,39.6963399284605],[-104.922422638473,39.6963652268865],[-104.922476348127,39.6964241721221],[-104.922537258621,39.696471827699],[-104.922587482656,39.696522519621],[-104.922620057602,39.6965587120813],[-104.922663380455,39.6965843189739],[-104.922710271794,39.6966082276533],[-104.922743249325,39.6966167829173],[-104.922774989994,39.6966250172739],[-104.922904421234,39.6966592826982],[-104.92299845427,39.696676559434],[-104.923081759279,39.6967020190052],[-104.923196885829,39.6967471951332],[-104.923250757434,39.696786580266],[-104.923304674218,39.6968204748668],[-104.92331220366,39.6968250704339],[-104.923757477293,39.6968050860896],[-104.923871313827,39.6967719450075],[-104.92396568667,39.6967573439488],[-104.924053522123,39.6967477318692],[-104.92415433251,39.6967406913365],[-104.924346125586,39.6967366096698],[-104.925308166886,39.6967362936056],[-104.925961459708,39.6967344633125],[-104.926526999667,39.696732201491],[-104.927271291861,39.6967308077007],[-104.927394833096,39.6967263856295],[-104.927489126536,39.6967218236527],[-104.927573729157,39.6967096826721],[-104.927694160538,39.6966876713006],[-104.927850407124,39.696658302407],[-104.927931780607,39.6966436345215],[-104.928029342078,39.6966365769223],[-104.92817561239,39.6966347775235],[-104.928194773575,39.6966348706941],[-104.928213260458,39.6966349089901],[-104.928209167249,39.6984240125942],[-104.92879559713,39.6984189696324],[-104.92877999432,39.7002266861711],[-104.929313978693,39.700226533143],[-104.931720122097,39.7002127904647],[-104.931720154646,39.70031848519],[-104.932883311231,39.700303509789],[-104.932883084897,39.7013209916832],[-104.934053321432,39.7013115298943],[-104.934052785041,39.702039036098],[-104.934045130731,39.7037592812246],[-104.933292446095,39.7037710990314],[-104.932856551594,39.7036145742382],[-104.932882539149,39.7020481545597],[-104.931712293273,39.7020572619306],[-104.931707464783,39.7032020345579],[-104.931707442549,39.7032047799071],[-104.931704814136,39.7038584950539],[-104.930172978825,39.703858289529],[-104.92699202313,39.7038575906919],[-104.926985697296,39.7066996450299],[-104.928282157282,39.7066956592734],[-104.928282151538,39.7066874325702]],[[-104.92931080488,39.7020370538958],[-104.929312583063,39.7012721488823],[-104.928298786892,39.7012737451791],[-104.928642543328,39.7016127464814],[-104.929023817496,39.7019275639359],[-104.929181922399,39.7020429488344],[-104.92931080488,39.7020370538958]]]},"properties":{"OBJECTID":304,"NBHD_NAME":"Washington Virginia Vale","NBHD_ID":72,"DIST_NUM":5,"Nmbr_Age25Plus_NoDiplomaOrGED":541,"Pct_Age25Plus_NoDiplomaOrGED":5.05135387,"Nmbr_Age25Plus_NoCollDegree":4389,"Pct_Age25Plus_NoCollDegree":40.98039216,"Nmbr_Age25Plus_LessThanBA":5014,"Pct_Age25Plus_LessThanBA":46.81605976,"Nmbr_PopulationUnder18":2899,"Pct_PopulationUnder18":19.62098139,"Nmbr_PopulationOver70":1426,"Pct_PopulationOver70":9.65143824,"Nmbr_Age25Plus":10710,"Pct_Age25Plus":72.48730964,"Nmbr_OccupiedUnitsWithRenters":3859,"Pct_OccupiedUnitsWithRenters":57.28068873,"Nmbr_OccupiedUnitsWithOwners":2878,"Pct_OccupiedUnitsWithOwners":42.71931127,"Nmbr_OccupiedUnits":6737,"Nmbr_HouseholdsCostBurdened":3052,"Pct_HouseholdsCostBurdened":45.30206323,"Nmbr_PerCapitaIncome":153701,"Nmbr_PopulationPovDetermined":14617,"Nmbr_PopulationInPoverty":2001,"Pct_PopulationInPoverty":13.68953958,"Nmbr_HouseholdsNoVehAccess":539,"Pct_HouseholdsNoVehAccess":8.00059374,"Nmbr_Households":6737,"Nmbr_PopulationWithDisability":1841,"Pct_PopulationWithDisability":12.57685476,"Nmbr_PopCivilianNonInstitution":14638,"Nmbr_Population":14775,"Nmbr_Under18SingleParentFam":770,"Pct_Under18InSingleParentFam":26.56088306,"Nmbr_PopUnder18InHouseholds":2899,"Nmbr_PopulationDensity":8079.21036144,"Nmbr_PopNonHispanicWhite":8098,"Pct_PopNonHispanicWhite":54.80879865,"Nmbr_PopulationMinority":6677,"Pct_PopulationMinority":45.19120135,"Pct_PopOver16Unemployed":6.58908851,"GlobalID":"67ab9a8c-8a7d-493b-9427-975fe6d62cdb"}},{"type":"Feature","id":305,"geometry":{"type":"Polygon","coordinates":[[[-105.025136108953,39.7255426045166],[-105.025136261487,39.7254849215862],[-105.025137448465,39.7250340787972],[-105.025133683647,39.7245399139638],[-105.025127434503,39.7234935948545],[-105.025116093256,39.7229369439474],[-105.025115448432,39.722900909652],[-105.025113110912,39.7220646193419],[-105.02510821547,39.7213436206794],[-105.025104069445,39.7211682493592],[-105.025102149978,39.7202701916947],[-105.025108321791,39.7197523876396],[-105.025095868636,39.7193601051987],[-105.025109154777,39.7184476957021],[-105.025113760315,39.7181611754115],[-105.025105539229,39.7175376197707],[-105.0250778346,39.7166415158985],[-105.025094714179,39.7157232860839],[-105.02509442415,39.7149786262423],[-105.02508746269,39.7148252064818],[-105.025082079414,39.7133890554237],[-105.025082066436,39.7129968212496],[-105.025092622513,39.7111746778025],[-105.02632078516,39.7111624744981],[-105.026930448245,39.7111522298109],[-105.02753478174,39.7111419617613],[-105.028159466958,39.7111444693207],[-105.028767268475,39.7111469059226],[-105.029388339614,39.7111583150797],[-105.029940107175,39.7111684141295],[-105.030611842505,39.7111779597086],[-105.031224935657,39.7111865814954],[-105.031835341826,39.7111982781524],[-105.032455520766,39.7112103534654],[-105.033677275627,39.7112258412564],[-105.034287751396,39.7112272306449],[-105.034883120778,39.7112285569803],[-105.035495391934,39.7112272017696],[-105.036082781797,39.7112257450897],[-105.036717215472,39.7112323634893],[-105.037280561651,39.711238699037],[-105.038485540633,39.7112379422819],[-105.039697539228,39.711250928758],[-105.0396940558,39.7117817838865],[-105.039686275597,39.713374019399],[-105.039700724999,39.7149642823221],[-105.039681322091,39.7165671087027],[-105.039702055769,39.7181477857051],[-105.039701411839,39.7197359275112],[-105.039715828862,39.7213313341134],[-105.039717628442,39.7229534563998],[-105.039450130754,39.722950007465],[-105.039455654955,39.7245453772484],[-105.039455626873,39.725497301266],[-105.039454676845,39.7256420072815],[-105.039454241717,39.7257082847092],[-105.039124543953,39.7257075363315],[-105.0391177645,39.7257075208145],[-105.037016593191,39.7256992709939],[-105.034715606846,39.7256767705181],[-105.033811623798,39.7256832591634],[-105.033364100964,39.7256680617199],[-105.032932255609,39.7256469705559],[-105.03284059487,39.7256424938175],[-105.032705576164,39.7256350044287],[-105.032232551388,39.7256087649325],[-105.032123792984,39.7256027320175],[-105.031698066641,39.725577547246],[-105.030913704718,39.7255677108216],[-105.028935618408,39.7255662318678],[-105.028847259894,39.725566165164],[-105.026833054035,39.7255513698609],[-105.025385351279,39.7255438933771],[-105.025136108953,39.7255426045166]]]},"properties":{"OBJECTID":305,"NBHD_NAME":"Barnum","NBHD_ID":4,"DIST_NUM":3,"Nmbr_Age25Plus_NoDiplomaOrGED":1162,"Pct_Age25Plus_NoDiplomaOrGED":30.11923276,"Nmbr_Age25Plus_NoCollDegree":3113,"Pct_Age25Plus_NoCollDegree":80.68947641,"Nmbr_Age25Plus_LessThanBA":3209,"Pct_Age25Plus_LessThanBA":83.17781234,"Nmbr_PopulationUnder18":1687,"Pct_PopulationUnder18":28.56417203,"Nmbr_PopulationOver70":401,"Pct_PopulationOver70":6.78970538,"Nmbr_Age25Plus":3858,"Pct_Age25Plus":65.32339993,"Nmbr_OccupiedUnitsWithRenters":868,"Pct_OccupiedUnitsWithRenters":44.92753623,"Nmbr_OccupiedUnitsWithOwners":1064,"Pct_OccupiedUnitsWithOwners":55.07246377,"Nmbr_OccupiedUnits":1932,"Nmbr_HouseholdsCostBurdened":974,"Pct_HouseholdsCostBurdened":50.41407867,"Nmbr_PerCapitaIncome":19851,"Nmbr_PopulationPovDetermined":5893,"Nmbr_PopulationInPoverty":1297,"Pct_PopulationInPoverty":22.00916341,"Nmbr_HouseholdsNoVehAccess":117,"Pct_HouseholdsNoVehAccess":6.05590062,"Nmbr_Households":1932,"Nmbr_PopulationWithDisability":686,"Pct_PopulationWithDisability":11.61530647,"Nmbr_PopCivilianNonInstitution":5906,"Nmbr_Population":5906,"Nmbr_Under18SingleParentFam":516,"Pct_Under18InSingleParentFam":30.58684055,"Nmbr_PopUnder18InHouseholds":1687,"Nmbr_PopulationDensity":7655.76430415,"Nmbr_PopNonHispanicWhite":1280,"Pct_PopNonHispanicWhite":21.67287504,"Nmbr_PopulationMinority":4626,"Pct_PopulationMinority":78.32712496,"Pct_PopOver16Unemployed":5.7,"GlobalID":"41d8aeb7-223b-42eb-9832-b3f728a83f37"}},{"type":"Feature","id":306,"geometry":{"type":"Polygon","coordinates":[[[-105.039454241717,39.7257082847092],[-105.039454676845,39.7256420072815],[-105.039455626873,39.725497301266],[-105.039455654955,39.7245453772484],[-105.039450130754,39.722950007465],[-105.039717628442,39.7229534563998],[-105.039715828862,39.7213313341134],[-105.039701411839,39.7197359275112],[-105.039702055769,39.7181477857051],[-105.039681322091,39.7165671087027],[-105.039700724999,39.7149642823221],[-105.039686275597,39.713374019399],[-105.0396940558,39.7117817838865],[-105.039697539228,39.711250928758],[-105.040877619151,39.711252794532],[-105.042075399896,39.7112656994],[-105.043259035234,39.7112675562769],[-105.045010447046,39.7112777756445],[-105.046087419267,39.7112839959686],[-105.047040889422,39.711287671576],[-105.048500809814,39.7113015202448],[-105.05003164148,39.7113433509422],[-105.050871462574,39.7113322151298],[-105.051045611442,39.7113356255925],[-105.052052416306,39.7113367185033],[-105.05325023568,39.7113440197073],[-105.053264436518,39.7113443705994],[-105.053264440116,39.7113461323765],[-105.053280447287,39.7186019734525],[-105.053254027351,39.7258008836296],[-105.051420255516,39.7258087640391],[-105.048897842593,39.7258149415972],[-105.048745331559,39.7258153134813],[-105.048154437778,39.7257929106898],[-105.047741806257,39.7257577677413],[-105.04741163747,39.7257397187789],[-105.04714441663,39.7257319792671],[-105.043194125025,39.7257167075528],[-105.039795086649,39.7257090570484],[-105.039454241717,39.7257082847092]]]},"properties":{"OBJECTID":306,"NBHD_NAME":"Barnum West","NBHD_ID":5,"DIST_NUM":3,"Nmbr_Age25Plus_NoDiplomaOrGED":1118,"Pct_Age25Plus_NoDiplomaOrGED":29.65517241,"Nmbr_Age25Plus_NoCollDegree":2810,"Pct_Age25Plus_NoCollDegree":74.53580902,"Nmbr_Age25Plus_LessThanBA":3030,"Pct_Age25Plus_LessThanBA":80.37135279,"Nmbr_PopulationUnder18":1024,"Pct_PopulationUnder18":19.38659599,"Nmbr_PopulationOver70":318,"Pct_PopulationOver70":6.0204468,"Nmbr_Age25Plus":3770,"Pct_Age25Plus":71.37447936,"Nmbr_OccupiedUnitsWithRenters":553,"Pct_OccupiedUnitsWithRenters":28.43187661,"Nmbr_OccupiedUnitsWithOwners":1392,"Pct_OccupiedUnitsWithOwners":71.56812339,"Nmbr_OccupiedUnits":1945,"Nmbr_HouseholdsCostBurdened":784,"Pct_HouseholdsCostBurdened":40.30848329,"Nmbr_PerCapitaIncome":28903,"Nmbr_PopulationPovDetermined":5273,"Nmbr_PopulationInPoverty":193,"Pct_PopulationInPoverty":3.66015551,"Nmbr_HouseholdsNoVehAccess":59,"Pct_HouseholdsNoVehAccess":3.03341902,"Nmbr_Households":1945,"Nmbr_PopulationWithDisability":447,"Pct_PopulationWithDisability":8.46270352,"Nmbr_PopCivilianNonInstitution":5282,"Nmbr_Population":5282,"Nmbr_Under18SingleParentFam":397,"Pct_Under18InSingleParentFam":38.76953125,"Nmbr_PopUnder18InHouseholds":1024,"Nmbr_PopulationDensity":7297.7125953,"Nmbr_PopNonHispanicWhite":1278,"Pct_PopNonHispanicWhite":24.19538054,"Nmbr_PopulationMinority":4004,"Pct_PopulationMinority":75.80461946,"Pct_PopOver16Unemployed":4,"GlobalID":"f919f9f1-51d7-440a-9e2f-5830259fa937"}},{"type":"Feature","id":307,"geometry":{"type":"Polygon","coordinates":[[[-105.037498672545,39.7341231503403],[-105.037498276285,39.7341226097786],[-105.037462709667,39.7341667133227],[-105.037354308334,39.7342224412803],[-105.037279168006,39.7342493717867],[-105.037204061293,39.7342711988016],[-105.037144444467,39.7342845772638],[-105.036990035129,39.7342958806421],[-105.036949044928,39.7342957193363],[-105.036939326461,39.7342956810899],[-105.036904040272,39.734297244345],[-105.036816262639,39.7343179754537],[-105.036767623635,39.7343382041491],[-105.036723393747,39.7343584502349],[-105.036703863547,39.7343685349686],[-105.036648174349,39.7343972909128],[-105.03663870403,39.7344031683101],[-105.036612753197,39.7344192737734],[-105.036581730003,39.7344429746682],[-105.03654176292,39.7344853584215],[-105.03651287675,39.7345192778269],[-105.036488433455,39.7345481082909],[-105.036421808921,39.7346210172716],[-105.036386410087,39.7346395958939],[-105.036373615227,39.734644759465],[-105.036348827359,39.7346547629477],[-105.036291392162,39.7346715524764],[-105.03624080647,39.7346826383174],[-105.036207488868,39.7346899398802],[-105.036152246903,39.7347084401649],[-105.036077388809,39.7347376494366],[-105.035917465127,39.7348000506854],[-105.035875933612,39.734816255982],[-105.035842727892,39.7348365451694],[-105.035834023866,39.734842396115],[-105.035787361835,39.7348737628862],[-105.035751906394,39.7349008489756],[-105.035707978149,39.7349238395691],[-105.035695047701,39.7349306069463],[-105.035670637646,39.7349543337442],[-105.035652786944,39.7349865943546],[-105.035650334475,39.7350240221659],[-105.035636800927,39.7350699127719],[-105.035587383654,39.7352075512838],[-105.035569577858,39.7352330048481],[-105.03550739291,39.7353008257928],[-105.03545635662,39.7353499726792],[-105.035447478543,39.7353575619738],[-105.035363228142,39.7354295821575],[-105.035177070095,39.7355734862421],[-105.035103703534,39.7356650858628],[-105.035090182606,39.735709274319],[-105.035098453621,39.7357699238528],[-105.035098250598,39.735800553374],[-105.035087058353,39.7358260343965],[-105.035064920112,39.7358395598814],[-105.035060665659,39.73584145272],[-105.035038383907,39.7358513659057],[-105.035000800238,39.7358665325222],[-105.034949943772,39.7358884524709],[-105.034912257611,39.7359072964266],[-105.034885791777,39.7359205299505],[-105.03479735322,39.7359576178122],[-105.034727072402,39.7359667544792],[-105.034716900189,39.7359667142559],[-105.034678842014,39.7359665637572],[-105.034647474144,39.73596216396],[-105.034625349203,39.7359563740072],[-105.034603309444,39.7359377571501],[-105.034595978649,39.735929175208],[-105.034588770744,39.7359020641148],[-105.034585247222,39.7358763927925],[-105.034574336166,39.7358506922488],[-105.034521571849,39.7357307482384],[-105.034484919725,39.7356878414118],[-105.034446323426,39.7356591808233],[-105.03442883569,39.7356495160562],[-105.034402160872,39.7356347739425],[-105.034372139099,39.7356215840482],[-105.034343230903,39.7356088834056],[-105.034119913949,39.7355851925318],[-105.034064554789,39.7355778456821],[-105.034018478342,39.7355634092742],[-105.033981739558,39.7355333306384],[-105.033972629213,39.7355147634607],[-105.033968761754,39.7355060940185],[-105.033959891348,39.7354862051224],[-105.033941640372,39.7354533491991],[-105.033908794342,39.7353933514149],[-105.033892747723,39.7353750497933],[-105.033884965826,39.7353661743833],[-105.033863999702,39.7353416308352],[-105.033851977785,39.7353275576634],[-105.033831748318,39.7353146488234],[-105.03382746856,39.7353129257244],[-105.033770963396,39.7352901758447],[-105.033732611201,39.7352783389799],[-105.033710140616,39.7352714037303],[-105.033686119891,39.7352689899162],[-105.033651078523,39.735265468664],[-105.033510765275,39.7352577847659],[-105.033374088894,39.7352586680728],[-105.033299337554,39.7352633929245],[-105.033232073618,39.7352676444611],[-105.033191867459,39.7352715807369],[-105.033134123748,39.7352772340079],[-105.033087952805,39.7352770508033],[-105.033039935838,39.7352768602545],[-105.032999342559,39.7352709967489],[-105.03294034879,39.7352550833981],[-105.032929250264,39.735249947913],[-105.032840921368,39.7352090763508],[-105.03282914041,39.7352028845795],[-105.032570375971,39.7350668849238],[-105.03245578215,39.7349933171972],[-105.032437360984,39.734986116347],[-105.032402318909,39.7349788507985],[-105.032367238907,39.7349772847307],[-105.032334014285,39.7349743021829],[-105.032276781322,39.7349712241932],[-105.032219993652,39.7349709984444],[-105.032010837924,39.7349701667485],[-105.031925815484,39.7349798067055],[-105.031862938215,39.7349923852585],[-105.031829618468,39.7350036561378],[-105.031790759671,39.7350155885083],[-105.031716590902,39.7350383634302],[-105.031637148093,39.735062757862],[-105.031562997243,39.7351037992253],[-105.031524080595,39.7351235992816],[-105.031488800516,39.7351519681107],[-105.031460974602,39.7351703870066],[-105.031440600967,39.7351788587777],[-105.031425789707,39.7351845008428],[-105.031415481777,39.735191102391],[-105.031272080586,39.735282941013],[-105.031259340417,39.7352911001355],[-105.031177717696,39.7353449402365],[-105.031176678664,39.7353455573564],[-105.031144340564,39.7353647635929],[-105.031096207377,39.7353816762331],[-105.031046285444,39.7353900302297],[-105.030998268405,39.7353898388478],[-105.030969134765,39.7353889196341],[-105.030946565335,39.7353882075033],[-105.030919732383,39.7353929670285],[-105.030915131236,39.7353937831883],[-105.030865237806,39.7353978614242],[-105.030780216519,39.7354074992041],[-105.030434444489,39.735467412779],[-105.030430492813,39.7354678153143],[-105.030340885796,39.7354769428989],[-105.030283441247,39.7354827943036],[-105.029937784937,39.735525602387],[-105.029813987424,39.7355336607114],[-105.029740133092,39.7355305136649],[-105.029675569639,39.7355188521642],[-105.029597518823,39.7355024544498],[-105.029592575631,39.7355014159501],[-105.029537190142,39.7354983440156],[-105.029503936713,39.735499636302],[-105.029335691622,39.7355260460816],[-105.029272022766,39.7355363962163],[-105.02906183094,39.7355705652109],[-105.029036167299,39.7355747370863],[-105.029018340764,39.7355789805758],[-105.028823832006,39.7356252818969],[-105.028772025286,39.7356393297843],[-105.028733155434,39.735652002759],[-105.028610985087,39.7356928499778],[-105.028316510474,39.7358142557715],[-105.028272146756,39.7358197789198],[-105.028218530409,39.7358281169068],[-105.02817787968,39.7358308044084],[-105.028089905588,39.7358332798274],[-105.028089211614,39.735833299327],[-105.028089095574,39.7358333200905],[-105.027980021698,39.7358528194131],[-105.027909845442,39.7358653648688],[-105.027839569463,39.735879336838],[-105.027782307172,39.7358805322951],[-105.027736190682,39.7358858343621],[-105.027551808183,39.7359070326469],[-105.027453837439,39.7359194679344],[-105.027391016147,39.7359234927796],[-105.027339293558,39.7359247102715],[-105.027282060103,39.7359216298537],[-105.027230358557,39.7359199954788],[-105.027186042789,39.7359183921647],[-105.027130637859,39.7359181695191],[-105.027089958198,39.7359251336816],[-105.027017872264,39.7359358437873],[-105.026912475773,39.7359515028738],[-105.026638602425,39.7360302240548],[-105.026387530216,39.7361152490255],[-105.026330132938,39.7361363996321],[-105.026254295536,39.7361531987659],[-105.026198562372,39.7361594871754],[-105.026193300692,39.7361600808243],[-105.026135999618,39.7361669777769],[-105.026086086174,39.736173903001],[-105.026036182287,39.7361794029932],[-105.025993550424,39.7362020381596],[-105.02597313729,39.7362162112773],[-105.025948993659,39.7362360689535],[-105.025660586541,39.7363810658939],[-105.025589628989,39.7364167396249],[-105.025552404883,39.7364354537749],[-105.025433256554,39.736505652977],[-105.025323143726,39.7365705284294],[-105.025292291591,39.7365755089957],[-105.025175469048,39.7365943677543],[-105.025175679084,39.7365818071993],[-105.025190673846,39.735685601799],[-105.025164062224,39.7347582796724],[-105.025156667717,39.7338807949322],[-105.025162703,39.7329892933754],[-105.025156181914,39.7311952339146],[-105.025157798215,39.7302999390077],[-105.025154962554,39.7294233675706],[-105.025154636722,39.7293226094333],[-105.025152759183,39.7292175455328],[-105.025137876262,39.728384688416],[-105.025134904705,39.7275106497968],[-105.025146423167,39.7259403991872],[-105.025135755192,39.7256781824053],[-105.025136108953,39.7255426045166],[-105.025385351279,39.7255438933771],[-105.026833054035,39.7255513698609],[-105.028847259894,39.725566165164],[-105.028935618408,39.7255662318678],[-105.030913704718,39.7255677108216],[-105.031698066641,39.725577547246],[-105.032123792984,39.7256027320175],[-105.032232551388,39.7256087649325],[-105.032705576164,39.7256350044287],[-105.03284059487,39.7256424938175],[-105.032932255609,39.7256469705559],[-105.033364100964,39.7256680617199],[-105.033811623798,39.7256832591634],[-105.034715606846,39.7256767705181],[-105.037016593191,39.7256992709939],[-105.0391177645,39.7257075208145],[-105.039124543953,39.7257075363315],[-105.039454241717,39.7257082847092],[-105.039795086649,39.7257090570484],[-105.043194125025,39.7257167075528],[-105.04714441663,39.7257319792671],[-105.04741163747,39.7257397187789],[-105.047741806257,39.7257577677413],[-105.048154437778,39.7257929106898],[-105.048745331559,39.7258153134813],[-105.048897842593,39.7258149415972],[-105.051420255516,39.7258087640391],[-105.053254027351,39.7258008836296],[-105.053253845929,39.7258497408562],[-105.053242289272,39.7331071548925],[-105.054419217202,39.7331033822246],[-105.054422030149,39.7336400916971],[-105.054674484486,39.7336393316763],[-105.054674861368,39.733719975128],[-105.055012653541,39.7337188510335],[-105.055009460987,39.7331011546052],[-105.055596147182,39.7330992542155],[-105.055586436512,39.7349124635207],[-105.053232519873,39.7349200207297],[-105.053233020555,39.7348763277672],[-105.053004159615,39.7349054272098],[-105.052893075429,39.7349005442267],[-105.052807721375,39.7349033079909],[-105.052674313753,39.7349141252311],[-105.052607499457,39.7349368628634],[-105.052537057146,39.7349709107526],[-105.052480947164,39.7349878552355],[-105.0524001116,39.7349789686225],[-105.052362777771,39.734978826597],[-105.05229610961,39.7349785729482],[-105.052258776106,39.734978430891],[-105.052222423429,39.7349638800328],[-105.052210939783,39.7349525122387],[-105.052188809002,39.7349380152919],[-105.052170159982,39.7349351991614],[-105.052133587778,39.7349549631928],[-105.052107717673,39.7349692772421],[-105.052085350239,39.7349918405325],[-105.052066481609,39.7350233393018],[-105.05203609472,39.7350489602319],[-105.052006688226,39.7350601726163],[-105.051965761357,39.7350658505189],[-105.051932889703,39.7350629799432],[-105.051910759204,39.7350484829959],[-105.051910886353,39.7350285804001],[-105.051925238099,39.7350083886473],[-105.051925347706,39.7349912313389],[-105.051899696513,39.7349712304233],[-105.051881083988,39.7349625805514],[-105.051844622095,39.734965187087],[-105.051800121932,39.7349735965261],[-105.051777916931,39.7349707665873],[-105.051766416008,39.7349621437875],[-105.051730043249,39.7349506811301],[-105.051685617849,39.7349474234927],[-105.05164465425,39.7349589347274],[-105.051555654135,39.734975753238],[-105.051473802803,39.7349867657998],[-105.051440832258,39.7349993368085],[-105.051421761367,39.7350624050526],[-105.051421451925,39.7351107891721],[-105.051406120949,39.7351450466767],[-105.051380103572,39.735182351614],[-105.051342550202,39.7352165237778],[-105.051323683304,39.7352476798602],[-105.051261185422,39.7352903360153],[-105.051212111261,39.7353189739923],[-105.051194243282,39.735332975386],[-105.05117203793,39.7353301454829],[-105.051149907503,39.7353156485947],[-105.051134886188,39.735301521546],[-105.05111266354,39.7353014367694],[-105.051093886631,39.7353185230097],[-105.051083055256,39.7353442182979],[-105.051086410947,39.7353754587217],[-105.051078225941,39.7354042524846],[-105.051052392859,39.7354127328592],[-105.050982151612,39.7354152104397],[-105.050944927207,39.735397910458],[-105.050900637851,39.7353733772139],[-105.050871431775,39.7353533628595],[-105.050834189592,39.7353388076268],[-105.050772001154,39.7353330798087],[-105.050700943436,39.735324229561],[-105.050652925249,39.7353267913992],[-105.050589867803,39.735317971636],[-105.050531237415,39.735311913954],[-105.050505569168,39.7352946582258],[-105.050483546392,39.7352633466715],[-105.050439285876,39.7352343522297],[-105.0503949858,39.7352115346799],[-105.050346205864,39.7351941906023],[-105.050287575602,39.7351881325978],[-105.050217424582,39.7351765403182],[-105.050172999436,39.7351732819105],[-105.050128553964,39.7351731119888],[-105.050061903755,39.7351701121401],[-105.050024459756,39.7351871266782],[-105.050005719781,39.7351983791032],[-105.050002054156,39.7352155230114],[-105.049964462665,39.7352555287275],[-105.049931445678,39.7352753055223],[-105.049868313751,39.7352781527561],[-105.049827498323,39.7352663289385],[-105.049812422285,39.7352607808501],[-105.049794719494,39.7352490458498],[-105.049738680737,39.735254664956],[-105.049712864847,39.7352603998991],[-105.049690697291,39.7352517361264],[-105.049661383133,39.7352485356063],[-105.049631140692,39.7352515081848],[-105.049572437526,39.7352567738883],[-105.049501287468,39.7352623352343],[-105.049453269019,39.735264896582],[-105.049420397114,39.7352620255044],[-105.049390174756,39.7352619097684],[-105.049364451172,39.7352532323158],[-105.049353784333,39.7352531914631],[-105.049290515692,39.7352773133458],[-105.049264682115,39.7352857933271],[-105.049216553111,39.7353055120317],[-105.049171959975,39.7353283327944],[-105.049149609649,39.735348150038],[-105.049122776846,39.7353737842367],[-105.049093314665,39.7353935746189],[-105.049060240006,39.7354222730622],[-105.049004128238,39.7354392158821],[-105.048956127303,39.7354390318904],[-105.048930442005,39.7354245205553],[-105.048930514828,39.735413196893],[-105.04894127418,39.7353988256166],[-105.0489716251,39.7353790387293],[-105.048985957838,39.735361935942],[-105.048989698741,39.7353331249354],[-105.048964159113,39.73529596588],[-105.04891997203,39.7352556470033],[-105.048905767493,39.7352528473436],[-105.048871951096,39.7352585514304],[-105.048834544285,39.7352697321492],[-105.048772137586,39.7352979750657],[-105.048734600218,39.7353294016596],[-105.048708749217,39.7353406266563],[-105.048686471295,39.7353491201481],[-105.048645599196,39.7353462177669],[-105.048586115205,39.7353346654324],[-105.048508928318,39.735311377873],[-105.048423767747,39.7352839416542],[-105.048379433205,39.7352666136199],[-105.04830944842,39.7352292840229],[-105.048287356187,39.7352089528045],[-105.048217243052,39.7351915256916],[-105.048142592673,39.7351884938874],[-105.048050109107,39.735193972429],[-105.048009146198,39.735205139227],[-105.047976219094,39.7352108464727],[-105.047931627631,39.7352333236485],[-105.047897719242,39.7352534395756],[-105.047878978907,39.7352646917118],[-105.047838885169,39.73527895012],[-105.047823738428,39.7352843827234],[-105.047782756038,39.7352986378981],[-105.047753293708,39.7353184275445],[-105.047727384696,39.7353385745693],[-105.047697051407,39.7353556156997],[-105.047671255489,39.7353582618923],[-105.047626772283,39.7353639244651],[-105.047597438318,39.7353638116844],[-105.047560141922,39.7353578346956],[-105.047527363285,39.7353405509745],[-105.047486601673,39.735320490737],[-105.047471656433,39.7352946962413],[-105.047456766488,39.7352603234183],[-105.047442747798,39.7352286989475],[-105.047427673911,39.7352228072348],[-105.047372616876,39.7352140167177],[-105.047342485341,39.7351998312557],[-105.047265427224,39.7351566400878],[-105.047235370594,39.7351307874155],[-105.047180674761,39.735066063374],[-105.047092376368,39.7349741003441],[-105.04705878175,39.7349454888013],[-105.047029503819,39.7349367971533],[-105.047007299021,39.734933966515],[-105.046988558889,39.7349452184615],[-105.046981281338,39.7349709275151],[-105.046974041722,39.7349908026772],[-105.046955281361,39.735005142971],[-105.046902743206,39.7350193535476],[-105.046862762472,39.7350161110534],[-105.046803316746,39.7349987244264],[-105.04676259369,39.7349728304973],[-105.046744093,39.7349470220084],[-105.046725481441,39.734938371573],[-105.046685498478,39.734935472336],[-105.046640998235,39.7349438798261],[-105.046596497719,39.7349522876997],[-105.046574164012,39.7349693593686],[-105.04656244215,39.7349950510192],[-105.046536590666,39.7350062753383],[-105.046480533829,39.7350146384302],[-105.046458311798,39.7350145527766],[-105.046436144723,39.7350058881892],[-105.046436235701,39.7349918193902],[-105.046466569336,39.7349747782321],[-105.046485347083,39.734957692928],[-105.046485458023,39.7349405352732],[-105.046448217421,39.7349259792039],[-105.046422477091,39.7349200462455],[-105.046392254172,39.7349199297368],[-105.046366400402,39.7349314973864],[-105.046333382551,39.7349512735253],[-105.046273752706,39.734962367546],[-105.046222231896,39.734956678505],[-105.046169824628,39.7349506427965],[-105.046085627579,39.7349118840955],[-105.046051960698,39.7348945962809],[-105.045948107702,39.7348712039511],[-105.04588145822,39.7348682015344],[-105.045837068761,39.7348594512656],[-105.045708253665,39.7348472867186],[-105.045597121107,39.7348499459222],[-105.045481601491,39.7348436662079],[-105.04539721178,39.7348347610502],[-105.045289692596,39.7348285118565],[-105.045200802373,39.7348281683081],[-105.045126059304,39.7348395468578],[-105.04499700173,39.7348647846922],[-105.044903622784,39.7348712865746],[-105.044819157136,39.7348740483827],[-105.044730304658,39.7348678708883],[-105.044681453112,39.734861848324],[-105.044574840981,39.7348528567818],[-105.044526007286,39.734844088816],[-105.044470931116,39.7348383849934],[-105.044419394618,39.7348350971306],[-105.044374874106,39.7348465920172],[-105.044344577852,39.7348577988458],[-105.044315188109,39.7348662639721],[-105.044281354404,39.7348747120801],[-105.04425559421,39.7348718669008],[-105.044207760659,39.7348459447921],[-105.044156224687,39.7348426568161],[-105.044100147625,39.7348541068269],[-105.044067167159,39.7348680483893],[-105.044029683943,39.734890894762],[-105.044007255671,39.7349223784596],[-105.043999068964,39.7349317579187],[-105.043984866086,39.7349480287164],[-105.043966143575,39.7349565348958],[-105.043940385594,39.7349533466811],[-105.043914663318,39.7349446678374],[-105.043881052416,39.7349188011263],[-105.043848236242,39.7349073491617],[-105.043792253597,39.7349043871142],[-105.043696187486,39.7349139663525],[-105.043663259908,39.7349196722404],[-105.043622334938,39.7349250040751],[-105.04356281469,39.7349192826407],[-105.043507666812,39.7349245592618],[-105.04347025709,39.7349360814436],[-105.043410608999,39.7349499193002],[-105.043351865338,39.7349613590587],[-105.043314531861,39.7349612141636],[-105.043266586613,39.7349524489226],[-105.043229235197,39.7349550493368],[-105.04319978941,39.7349720927089],[-105.043143694986,39.734986287603],[-105.043054748686,39.7349945211587],[-105.042962284516,39.7349969074466],[-105.04288046792,39.7350024233587],[-105.042799541845,39.7350075995486],[-105.042747076413,39.7350104838054],[-105.042676891539,39.7350043773031],[-105.042606732748,39.734994153253],[-105.042558732395,39.7349939666525],[-105.042502657449,39.7350050727854],[-105.042444028347,39.7349990110742],[-105.042406749976,39.734990286962],[-105.042340100273,39.7349872825386],[-105.042273414746,39.7349897683489],[-105.042225375802,39.7349954154003],[-105.042180801072,39.735015145064],[-105.042146872439,39.7350380046688],[-105.042113871337,39.7350550339353],[-105.042080075363,39.7350576476202],[-105.042050758873,39.7350547883186],[-105.042002908606,39.7350316106539],[-105.041969242153,39.73501432172],[-105.041899373287,39.7349598308583],[-105.041870245447,39.7349281464331],[-105.041851858833,39.7348851801268],[-105.041826508742,39.7348195384036],[-105.041808086056,39.734782062761],[-105.041793217255,39.7347449436787],[-105.041764125613,39.7347077696061],[-105.041716292837,39.7346818460304],[-105.041615997898,39.7346584639272],[-105.041460590915,39.7346348669772],[-105.041405535352,39.7346260732656],[-105.041327357284,39.7346189053244],[-105.04128285634,39.734627310788],[-105.041209003974,39.734638346998],[-105.041145836091,39.7346466796227],[-105.041090706206,39.7346492100258],[-105.0410276124,39.7346462185249],[-105.040961001457,39.7346373797311],[-105.040931723953,39.7346286867639],[-105.04088298521,39.7346055047695],[-105.040838596214,39.7345967528137],[-105.040787019952,39.734599639666],[-105.040742539371,39.7346049566732],[-105.040687407321,39.7346078302053],[-105.040609204626,39.7346044361731],[-105.040554167173,39.7345928973287],[-105.040476094892,39.734569600822],[-105.040435335742,39.7345495385377],[-105.040399116482,39.7345150810876],[-105.040365506824,39.7344892131163],[-105.040343378638,39.7344747137888],[-105.040314081234,39.7344691089712],[-105.040261674581,39.7344630702277],[-105.040203007364,39.7344628409863],[-105.040147101981,39.7344482100258],[-105.040106277486,39.73443809912],[-105.040051240508,39.7344265596391],[-105.039955239812,39.7344261843305],[-105.039869944159,39.7344200170676],[-105.039781016399,39.7344255030151],[-105.039699258512,39.7344220944714],[-105.039636259236,39.7344046905101],[-105.03958127874,39.734384572084],[-105.039499556628,39.7343756737305],[-105.039458667449,39.7343755136946],[-105.039399982477,39.7343780289887],[-105.039226133397,39.7343203840256],[-105.039125801215,39.7343028331845],[-105.039014766314,39.7342907306897],[-105.038915302278,39.7342762716533],[-105.038837192799,39.7342588076471],[-105.038760010397,39.7342355138344],[-105.038700736802,39.7341923863304],[-105.03866361087,39.7341606701904],[-105.038605339132,39.7341003890217],[-105.038505325507,39.7340344535456],[-105.038420247505,39.7339953428952],[-105.038353673123,39.7339810123489],[-105.038295006576,39.7339807821572],[-105.038250487083,39.7339919314093],[-105.038187281475,39.7340060962401],[-105.038142687903,39.7340285695162],[-105.038079237722,39.7340797941258],[-105.038041639714,39.7341197960981],[-105.038019286625,39.7341396118383],[-105.037956894664,39.734165103292],[-105.037897244073,39.7341792819269],[-105.037830520458,39.7341875988085],[-105.037793243676,39.7341788734351],[-105.037764061933,39.7341557671634],[-105.037716323997,39.734115773211],[-105.037682641401,39.7341012281826],[-105.03763112412,39.7340951920101],[-105.037597325723,39.7340981477241],[-105.037552845023,39.7341034635258],[-105.037498672545,39.7341231503403]]]},"properties":{"OBJECTID":307,"NBHD_NAME":"Villa Park","NBHD_ID":68,"DIST_NUM":3,"Nmbr_Age25Plus_NoDiplomaOrGED":1653,"Pct_Age25Plus_NoDiplomaOrGED":27.702363,"Nmbr_Age25Plus_NoCollDegree":4257,"Pct_Age25Plus_NoCollDegree":71.34238311,"Nmbr_Age25Plus_LessThanBA":4498,"Pct_Age25Plus_LessThanBA":75.38126362,"Nmbr_PopulationUnder18":2256,"Pct_PopulationUnder18":25.46562817,"Nmbr_PopulationOver70":395,"Pct_PopulationOver70":4.45874252,"Nmbr_Age25Plus":5967,"Pct_Age25Plus":67.35523197,"Nmbr_OccupiedUnitsWithRenters":1727,"Pct_OccupiedUnitsWithRenters":53.15481687,"Nmbr_OccupiedUnitsWithOwners":1522,"Pct_OccupiedUnitsWithOwners":46.84518313,"Nmbr_OccupiedUnits":3249,"Nmbr_HouseholdsCostBurdened":1548,"Pct_HouseholdsCostBurdened":47.64542936,"Nmbr_PerCapitaIncome":61164,"Nmbr_PopulationPovDetermined":8843,"Nmbr_PopulationInPoverty":2419,"Pct_PopulationInPoverty":27.35497003,"Nmbr_HouseholdsNoVehAccess":537,"Pct_HouseholdsNoVehAccess":16.52816251,"Nmbr_Households":3249,"Nmbr_PopulationWithDisability":1528,"Pct_PopulationWithDisability":17.24799639,"Nmbr_PopCivilianNonInstitution":8859,"Nmbr_Population":8859,"Nmbr_Under18SingleParentFam":1234,"Pct_Under18InSingleParentFam":54.69858156,"Nmbr_PopUnder18InHouseholds":2256,"Nmbr_PopulationDensity":8959.60099989,"Nmbr_PopNonHispanicWhite":2346,"Pct_PopNonHispanicWhite":26.48154419,"Nmbr_PopulationMinority":6513,"Pct_PopulationMinority":73.51845581,"Pct_PopOver16Unemployed":8.9705951,"GlobalID":"7e22332d-335c-4f8c-83c4-652ecedc8608"}},{"type":"Feature","id":308,"geometry":{"type":"Polygon","coordinates":[[[-104.940578188696,39.7619582011063],[-104.940715808318,39.7619438043222],[-104.941149331676,39.7619173577388],[-104.941349292294,39.7619005119825],[-104.941660902525,39.7618575040552],[-104.942072657389,39.7617853120734],[-104.942322713708,39.7617509079671],[-104.942534202372,39.7617341148168],[-104.942711106028,39.7617171578024],[-104.942910947616,39.761715137905],[-104.943110766157,39.7617160834239],[-104.943287528076,39.7617169195588],[-104.943502599211,39.7617327656206],[-104.943725308957,39.7617545782635],[-104.943978642092,39.761791364665],[-104.944239566974,39.7618400491681],[-104.944561951441,39.7618919887788],[-104.944838435621,39.7619170195095],[-104.945026632742,39.7619297701669],[-104.945276405778,39.761930947318],[-104.945888102915,39.7619338290304],[-104.94626195896,39.7619355887388],[-104.947101674647,39.7619395349743],[-104.947493233267,39.7619390489882],[-104.947601245203,39.7619389146428],[-104.948723397945,39.7619366229203],[-104.94892319395,39.7619362137702],[-104.949699319282,39.7619517079544],[-104.949914348945,39.7619544065205],[-104.950075878443,39.7619564334467],[-104.951183402977,39.7619635952734],[-104.952415028086,39.7619715466835],[-104.953646556715,39.7619794848081],[-104.954874478105,39.7619874493493],[-104.955019458155,39.7619800250662],[-104.955500187697,39.7619781482612],[-104.956104833276,39.7619857479438],[-104.956721110912,39.7619841328066],[-104.957336496902,39.7619828536571],[-104.957953629412,39.7619856971212],[-104.958564537229,39.7619885087178],[-104.95917456349,39.7619902836213],[-104.959752576191,39.7619919084872],[-104.959754457763,39.7632482117108],[-104.959760011456,39.7644894325047],[-104.959746773706,39.7657456653635],[-104.959745437953,39.766957685041],[-104.959745991363,39.768155300262],[-104.959742600663,39.7692876972636],[-104.95974158151,39.7711510250547],[-104.959739550517,39.7714145589405],[-104.959730353131,39.7719155230901],[-104.95965605321,39.7722085795969],[-104.959400845284,39.7728940609724],[-104.958261365973,39.7729128439749],[-104.957170045515,39.772914680031],[-104.954153194182,39.7729110259881],[-104.953610686766,39.7729067934564],[-104.953053060111,39.7729024884354],[-104.952504246978,39.7729085161417],[-104.951944760655,39.7729144920059],[-104.950844653486,39.7729025022626],[-104.950290541871,39.772903691318],[-104.949824483345,39.7729046025439],[-104.949276615822,39.7729034137468],[-104.949187675666,39.7729033405829],[-104.948640694629,39.7729024959461],[-104.947540561364,39.7728939070825],[-104.946978450753,39.7728943564658],[-104.946401217092,39.7728950750251],[-104.942933507808,39.7728821495715],[-104.941688379341,39.7728762511226],[-104.940992850913,39.7728774115286],[-104.94061724378,39.7728776562268],[-104.940607070612,39.7691825395928],[-104.940618395088,39.7680960717866],[-104.940630533491,39.766908600669],[-104.940625753669,39.7657964343447],[-104.94057007319,39.7656710464316],[-104.940569837975,39.7644752910951],[-104.940571935111,39.7637666829277],[-104.940578188696,39.7619582011063]]]},"properties":{"OBJECTID":308,"NBHD_NAME":"Clayton","NBHD_ID":17,"DIST_NUM":9,"Nmbr_Age25Plus_NoDiplomaOrGED":718,"Pct_Age25Plus_NoDiplomaOrGED":24.75862069,"Nmbr_Age25Plus_NoCollDegree":1480,"Pct_Age25Plus_NoCollDegree":51.03448276,"Nmbr_Age25Plus_LessThanBA":1667,"Pct_Age25Plus_LessThanBA":57.48275862,"Nmbr_PopulationUnder18":1124,"Pct_PopulationUnder18":25.32101825,"Nmbr_PopulationOver70":176,"Pct_PopulationOver70":3.96485695,"Nmbr_Age25Plus":2900,"Pct_Age25Plus":65.33002929,"Nmbr_OccupiedUnitsWithRenters":790,"Pct_OccupiedUnitsWithRenters":45.90354445,"Nmbr_OccupiedUnitsWithOwners":931,"Pct_OccupiedUnitsWithOwners":54.09645555,"Nmbr_OccupiedUnits":1721,"Nmbr_HouseholdsCostBurdened":621,"Pct_HouseholdsCostBurdened":36.08367228,"Nmbr_PerCapitaIncome":32015,"Nmbr_PopulationPovDetermined":4439,"Nmbr_PopulationInPoverty":1084,"Pct_PopulationInPoverty":24.4199144,"Nmbr_HouseholdsNoVehAccess":137,"Pct_HouseholdsNoVehAccess":7.96048809,"Nmbr_Households":1721,"Nmbr_PopulationWithDisability":288,"Pct_PopulationWithDisability":6.49672908,"Nmbr_PopCivilianNonInstitution":4433,"Nmbr_Population":4439,"Nmbr_Under18SingleParentFam":356,"Pct_Under18InSingleParentFam":31.67259786,"Nmbr_PopUnder18InHouseholds":1124,"Nmbr_PopulationDensity":5759.78942944,"Nmbr_PopNonHispanicWhite":1431,"Pct_PopNonHispanicWhite":32.23699031,"Nmbr_PopulationMinority":3008,"Pct_PopulationMinority":67.76300969,"Pct_PopOver16Unemployed":7.3,"GlobalID":"4eccedc0-f93c-405e-b0a3-8d5582869797"}},{"type":"Feature","id":309,"geometry":{"type":"Polygon","coordinates":[[[-104.809897981937,39.7728315437287],[-104.809879307823,39.7731883492844],[-104.809897919818,39.7750489014607],[-104.809904610154,39.7765951661345],[-104.80990215947,39.7767604858132],[-104.809876782115,39.7784721865896],[-104.809849005738,39.7803456044267],[-104.809797351864,39.7837554990995],[-104.809769770458,39.7878684438915],[-104.809753888013,39.7902647115845],[-104.809752718576,39.7904311749861],[-104.809721905415,39.7947913592038],[-104.80970988139,39.7967362906219],[-104.809690925165,39.7969845380518],[-104.809632058852,39.79830680313],[-104.80026922103,39.7983056107598],[-104.790820162424,39.7983039956203],[-104.790818519844,39.7982543357496],[-104.790578062204,39.7982584253044],[-104.790254610967,39.7982664536689],[-104.78994389122,39.7982945128712],[-104.789631804,39.7983211215566],[-104.78900084517,39.7983790590228],[-104.788630432962,39.7983984336975],[-104.787927665345,39.7984018680876],[-104.787439485856,39.798394966742],[-104.787301626879,39.7983930163748],[-104.786413543185,39.7983851685106],[-104.786376898471,39.7983873372471],[-104.786315111831,39.7983842980016],[-104.786270473679,39.7983844691806],[-104.785761953787,39.7983864162883],[-104.782743373798,39.7983596382662],[-104.780508120703,39.7983537229819],[-104.779885718416,39.7983576356565],[-104.779261483226,39.7983445571486],[-104.778336586684,39.7983790268496],[-104.777715773883,39.7984133932694],[-104.77625662074,39.7984511625214],[-104.775133951345,39.7984519757957],[-104.774227483379,39.7984456216925],[-104.772117040907,39.7983921458339],[-104.77185545248,39.798370291666],[-104.771316156804,39.7983781367103],[-104.771214721771,39.7983752720564],[-104.771119224278,39.798359026941],[-104.771020827701,39.7983427646563],[-104.770887901236,39.7983016918388],[-104.770763484305,39.7982785600361],[-104.770551941848,39.7982705422276],[-104.770346077902,39.7982737373787],[-104.769780241677,39.7983006203842],[-104.765936217243,39.7983201276918],[-104.765296159602,39.7983298331301],[-104.765008385459,39.7983344674162],[-104.764628407432,39.7983544567273],[-104.76428026779,39.7983791162726],[-104.763662442104,39.7984110348822],[-104.762977379717,39.7984333281794],[-104.762698184962,39.7984339509368],[-104.762683205145,39.7984340226204],[-104.762683430888,39.7983357269089],[-104.753263329988,39.7983686841289],[-104.743815463005,39.7983348234042],[-104.734371967286,39.7983081261638],[-104.734456574803,39.7910522548846],[-104.73452989811,39.7837691807686],[-104.734539421389,39.7815939534806],[-104.734563081068,39.7764950906449],[-104.734596298609,39.7692172060691],[-104.744005516726,39.7692550152198],[-104.753434404945,39.7692832749173],[-104.762816421368,39.7692017039059],[-104.76457310171,39.7691862679778],[-104.764548129584,39.7715666153688],[-104.77218437812,39.7714994571262],[-104.772156522138,39.7764095561288],[-104.781560586852,39.77643574693],[-104.781576548101,39.7727956106038],[-104.790980079627,39.7728261957871],[-104.800403452227,39.7728293817542],[-104.808161009374,39.7728312054386],[-104.809897981937,39.7728315437287]]]},"properties":{"OBJECTID":309,"NBHD_NAME":"Gateway - Green Valley Ranch","NBHD_ID":28,"DIST_NUM":11,"Nmbr_Age25Plus_NoDiplomaOrGED":3916,"Pct_Age25Plus_NoDiplomaOrGED":14.423572739999999,"Nmbr_Age25Plus_NoCollDegree":16966,"Pct_Age25Plus_NoCollDegree":62.48987109,"Nmbr_Age25Plus_LessThanBA":19505,"Pct_Age25Plus_LessThanBA":71.84162063,"Nmbr_PopulationUnder18":12389,"Pct_PopulationUnder18":28.27957726,"Nmbr_PopulationOver70":1586,"Pct_PopulationOver70":3.62026068,"Nmbr_Age25Plus":27150,"Pct_Age25Plus":61.97356708,"Nmbr_OccupiedUnitsWithRenters":3883,"Pct_OccupiedUnitsWithRenters":26.9148125,"Nmbr_OccupiedUnitsWithOwners":10544,"Pct_OccupiedUnitsWithOwners":73.0851875,"Nmbr_OccupiedUnits":14427,"Nmbr_HouseholdsCostBurdened":5555,"Pct_HouseholdsCostBurdened":38.50419353,"Nmbr_PerCapitaIncome":125694,"Nmbr_PopulationPovDetermined":43738,"Nmbr_PopulationInPoverty":3620,"Pct_PopulationInPoverty":8.27655586,"Nmbr_HouseholdsNoVehAccess":458,"Pct_HouseholdsNoVehAccess":3.17460317,"Nmbr_Households":14427,"Nmbr_PopulationWithDisability":3631,"Pct_PopulationWithDisability":8.30588343,"Nmbr_PopCivilianNonInstitution":43716,"Nmbr_Population":43809,"Nmbr_Under18SingleParentFam":2398,"Pct_Under18InSingleParentFam":19.39188096,"Nmbr_PopUnder18InHouseholds":12366,"Nmbr_PopulationDensity":5950.87868549,"Nmbr_PopNonHispanicWhite":8378,"Pct_PopNonHispanicWhite":19.12392431,"Nmbr_PopulationMinority":35431,"Pct_PopulationMinority":80.87607569,"Pct_PopOver16Unemployed":6.1538075,"GlobalID":"71552201-c991-4f1c-99e9-b44a3c4b47c8"}},{"type":"Feature","id":310,"geometry":{"type":"Polygon","coordinates":[[[-104.903513964483,39.6847562288149],[-104.903442921297,39.6848583748968],[-104.90343149141,39.6854576246223],[-104.903425621653,39.6857441019815],[-104.903466378634,39.6863836286957],[-104.903538591927,39.6873770494152],[-104.903512227164,39.6893508816369],[-104.898811155857,39.689338950722],[-104.898822392142,39.6907236856564],[-104.898181851052,39.6907265861474],[-104.898827906299,39.6914282347781],[-104.898838794065,39.692957439896],[-104.894195841504,39.6929771941635],[-104.894082845085,39.69289390884],[-104.894071003751,39.6893262872857],[-104.894058835003,39.6856938011336],[-104.889328667714,39.6856847716234],[-104.889308718137,39.682056013393],[-104.894045778986,39.682061305721],[-104.894057424961,39.6784484935002],[-104.896337448205,39.6784519867353],[-104.90353091866,39.6784753190068],[-104.903515406722,39.6820778150183],[-104.903513964483,39.6847562288149]],[[-104.902670828033,39.6857124731968],[-104.901149759668,39.6848087265651],[-104.898782948579,39.6834020157866],[-104.898786323722,39.6857043425755],[-104.902670828033,39.6857124731968]]]},"properties":{"OBJECTID":310,"NBHD_NAME":"Indian Creek","NBHD_ID":38,"DIST_NUM":6,"Nmbr_Age25Plus_NoDiplomaOrGED":97,"Pct_Age25Plus_NoDiplomaOrGED":3.03314572,"Nmbr_Age25Plus_NoCollDegree":1035,"Pct_Age25Plus_NoCollDegree":32.36397749,"Nmbr_Age25Plus_LessThanBA":1386,"Pct_Age25Plus_LessThanBA":43.33958724,"Nmbr_PopulationUnder18":656,"Pct_PopulationUnder18":16.4,"Nmbr_PopulationOver70":377,"Pct_PopulationOver70":9.425,"Nmbr_Age25Plus":3198,"Pct_Age25Plus":79.95,"Nmbr_OccupiedUnitsWithRenters":572,"Pct_OccupiedUnitsWithRenters":29.28827445,"Nmbr_OccupiedUnitsWithOwners":1381,"Pct_OccupiedUnitsWithOwners":70.71172555,"Nmbr_OccupiedUnits":1953,"Nmbr_HouseholdsCostBurdened":464,"Pct_HouseholdsCostBurdened":23.75832053,"Nmbr_PerCapitaIncome":47314,"Nmbr_PopulationPovDetermined":4000,"Nmbr_PopulationInPoverty":449,"Pct_PopulationInPoverty":11.225,"Nmbr_HouseholdsNoVehAccess":11,"Pct_HouseholdsNoVehAccess":0.56323605,"Nmbr_Households":1953,"Nmbr_PopulationWithDisability":372,"Pct_PopulationWithDisability":9.3,"Nmbr_PopCivilianNonInstitution":4000,"Nmbr_Population":4000,"Nmbr_Under18SingleParentFam":311,"Pct_Under18InSingleParentFam":47.40853659,"Nmbr_PopUnder18InHouseholds":656,"Nmbr_PopulationDensity":8206.29132875,"Nmbr_PopNonHispanicWhite":2552,"Pct_PopNonHispanicWhite":63.8,"Nmbr_PopulationMinority":1448,"Pct_PopulationMinority":36.2,"Pct_PopOver16Unemployed":2,"GlobalID":"1798ec6d-d1e7-4fb9-ac59-00c33096361e"}},{"type":"Feature","id":311,"geometry":{"type":"Polygon","coordinates":[[[-104.971915695062,39.7703010200567],[-104.973347056101,39.7691880623325],[-104.973343187107,39.7681640702508],[-104.973337902783,39.7679204064427],[-104.973346066285,39.7671888360338],[-104.973348559461,39.7669754047104],[-104.973352176024,39.7664939740094],[-104.973328760473,39.7660594344559],[-104.973322360171,39.7658459632522],[-104.973319406305,39.7657656517578],[-104.97332850354,39.7651466398753],[-104.973340378437,39.7645128845718],[-104.973335556266,39.7642077974563],[-104.973330660987,39.7637939300959],[-104.973336473571,39.763256917335],[-104.973344513388,39.7624234276265],[-104.973340221549,39.762047652868],[-104.973343124397,39.7617796610458],[-104.973350509764,39.7611517177092],[-104.973341897516,39.7607591095757],[-104.973337317627,39.7604217666696],[-104.973324616117,39.7595082279808],[-104.973349251691,39.7582410615944],[-104.973354898718,39.7577260092818],[-104.973363130443,39.7569851712337],[-104.973361473351,39.756377090134],[-104.973360919412,39.7557405317495],[-104.973367671702,39.7553150479111],[-104.973361190118,39.7551125561695],[-104.973360774958,39.7549310243075],[-104.973359202677,39.7545483976736],[-104.973364687062,39.7532262380375],[-104.973363359538,39.7519822876681],[-104.97335769536,39.750723904462],[-104.973359056075,39.7494772196137],[-104.973356770265,39.7483609176381],[-104.973334341687,39.7481191250987],[-104.973335064284,39.747529103641],[-104.973338951913,39.7469641021223],[-104.973365886318,39.7459432495881],[-104.973384908124,39.7450873172116],[-104.973390360207,39.7448351204009],[-104.973383172756,39.7437795337828],[-104.973980769166,39.7442320868221],[-104.974777280235,39.7448354848149],[-104.976141770741,39.7459084861863],[-104.97648667457,39.7461797017145],[-104.976993304866,39.7465559967287],[-104.977544156362,39.746964399134],[-104.978177634981,39.7475008200884],[-104.978206051738,39.7475054070163],[-104.978364135068,39.7475287562991],[-104.978721536316,39.7475303399224],[-104.979885313327,39.7475354890264],[-104.98107483221,39.7475462308876],[-104.981687393223,39.7475489303341],[-104.982310622952,39.7475516735232],[-104.982948098059,39.7475517304461],[-104.983123861139,39.7475517509375],[-104.983590018427,39.7475518037733],[-104.98393671077,39.7475588153218],[-104.984217665951,39.7475583308763],[-104.984760331915,39.747547990564],[-104.984851652271,39.7475491725959],[-104.984938785924,39.7475457683076],[-104.985091068569,39.7475482721162],[-104.985218626544,39.7475558248453],[-104.985376371059,39.7475658408057],[-104.985479753424,39.7475769778966],[-104.985574129952,39.7475968682567],[-104.985675993508,39.747527652147],[-104.98610542858,39.7475267831338],[-104.987201831828,39.7475234758522],[-104.987307427566,39.7474214162398],[-104.98740027988,39.747358465168],[-104.98739847203,39.7482139330102],[-104.987396921799,39.7489125945654],[-104.987525738607,39.7490483597403],[-104.988226867915,39.7495870792343],[-104.988670733982,39.7499256455063],[-104.989101339942,39.7502542012116],[-104.989975676103,39.7509422485252],[-104.990830758177,39.7515903997388],[-104.991690824998,39.7522890101521],[-104.992143693171,39.752616964111],[-104.992597448944,39.752945606244],[-104.992992432935,39.7532870333838],[-104.993418351848,39.7536546726414],[-104.993827678443,39.7539810596671],[-104.994272374385,39.7543353930582],[-104.994701297971,39.7546580863159],[-104.99514791645,39.7549935509497],[-104.996118952422,39.7557289781813],[-104.997019222016,39.7564696613377],[-104.997377530667,39.7567644475048],[-104.998574674099,39.7577493309749],[-104.999547640587,39.758473755867],[-104.999830776618,39.7586722740557],[-105.000104374849,39.7588367786565],[-105.000825549723,39.7592101040804],[-105.001330647518,39.7594582878537],[-105.00177819667,39.7596715668845],[-105.001893606772,39.7597612722438],[-105.003168867383,39.7604060402373],[-105.003019847392,39.7605113701502],[-105.002967977999,39.7605526732024],[-105.002882186693,39.7606123628766],[-105.002837562451,39.7606351658633],[-105.002785865635,39.7606521054633],[-105.002648703514,39.7606827530073],[-105.002518713172,39.7607051949449],[-105.002462570189,39.7607221156619],[-105.002269990786,39.7607926777287],[-105.002136158459,39.7608552520151],[-105.001976521216,39.760920119837],[-105.001857018086,39.7609683421068],[-105.001726905481,39.7610079408156],[-105.001620036631,39.761030136512],[-105.001482084147,39.7610467101],[-105.001353104185,39.7610519976719],[-105.001208159699,39.7610513835582],[-105.001030171773,39.7610705321454],[-105.000848482834,39.7611099108389],[-105.000462570587,39.7612311232849],[-105.000023906089,39.7613922598253],[-104.999811633732,39.761480235105],[-104.999596615402,39.7615791794701],[-104.999451157572,39.7616502806106],[-104.999332460339,39.761709827758],[-104.999198484186,39.7617919585123],[-104.999042212124,39.7618829160782],[-104.998971697125,39.7619196766559],[-104.998826299797,39.7619821983997],[-104.99875228902,39.762010365083],[-104.998707514934,39.7620236440866],[-104.998666737447,39.7620357371819],[-104.998558955203,39.7620610149207],[-104.998440543461,39.762080413576],[-104.998314126178,39.7621001209151],[-104.998246599334,39.7621195862809],[-104.998128775695,39.7621535492568],[-104.997909591326,39.7622126669391],[-104.997813287632,39.7622493170197],[-104.997705196937,39.7623174866512],[-104.997608767591,39.7623716369573],[-104.997485704527,39.7624194965697],[-104.99734135864,39.7624590293168],[-104.997270095648,39.7624758827389],[-104.997136605129,39.7624897251134],[-104.997046580855,39.7624920644006],[-104.996955158668,39.762494440002],[-104.99677716404,39.7625139252629],[-104.996599048258,39.7625502247714],[-104.996387761177,39.7626237857653],[-104.996209440263,39.7626885654245],[-104.995990015793,39.7627806211744],[-104.995670676254,39.7629165155066],[-104.995506517769,39.7629902765763],[-104.995420798881,39.7630386374984],[-104.995324339349,39.7630965604042],[-104.995175092504,39.7631988671566],[-104.99467254714,39.7635827605899],[-104.994187430475,39.7640154546013],[-104.994053112066,39.7641435605296],[-104.993930476443,39.764254558729],[-104.993799919953,39.7643541985289],[-104.993628292125,39.7644763099776],[-104.993382336674,39.7646698210492],[-104.993199768089,39.7648289453007],[-104.993087926134,39.7649228315307],[-104.992957428725,39.7650138917641],[-104.992816281972,39.7651018176129],[-104.992529558205,39.7652752478909],[-104.992392101808,39.7653446590031],[-104.992143121448,39.7654636895505],[-104.991971799359,39.7655429051213],[-104.991786287594,39.7656165692692],[-104.991652563856,39.7656616312079],[-104.991377151148,39.7657462306523],[-104.990976253585,39.7658433265226],[-104.990850636425,39.7658740102465],[-104.99072776752,39.7658937245955],[-104.990620090387,39.7659032105726],[-104.989618806524,39.7660131439087],[-104.989414970688,39.7660379964327],[-104.989103217895,39.766105275196],[-104.988851024905,39.7661758999225],[-104.988717360448,39.7662123803187],[-104.987633655682,39.7665156707626],[-104.987540156216,39.7665418374855],[-104.986552696367,39.7668264711584],[-104.985442003405,39.7671788457378],[-104.985330597975,39.7672113018113],[-104.984605174221,39.7675368703194],[-104.984438115682,39.767639085414],[-104.984355793945,39.7677073557964],[-104.984207009159,39.7678642121612],[-104.984105655437,39.7679807837237],[-104.984022994615,39.7680950354716],[-104.983887808263,39.7683373963578],[-104.983752704428,39.7685684333865],[-104.983539236922,39.7689336433328],[-104.983411435199,39.7691389755725],[-104.983319727481,39.7692756070791],[-104.983262161902,39.7693613711911],[-104.983160677953,39.7694950991952],[-104.982835804083,39.7698913885242],[-104.98241671432,39.7703998177798],[-104.982222035516,39.7706278459945],[-104.981714179961,39.7712319656086],[-104.981583171416,39.7713885534427],[-104.981253772176,39.771793054409],[-104.981096650203,39.7719927642125],[-104.980483543341,39.7727549512731],[-104.980378427884,39.7728972398316],[-104.980176322635,39.7731653804147],[-104.980108865413,39.7732666562346],[-104.979951759721,39.7734632762017],[-104.979846662559,39.7736028189105],[-104.979772153136,39.7736954845158],[-104.979678765035,39.773815175727],[-104.979604245235,39.7739092137626],[-104.979428459077,39.7741057502227],[-104.979241173286,39.774293656896],[-104.979166769412,39.774371909794],[-104.979066412231,39.7744716668439],[-104.978939076713,39.7746111105035],[-104.97885294946,39.7747109301428],[-104.978725505977,39.7748647854044],[-104.978609667492,39.7750128582938],[-104.978523444892,39.7751253738179],[-104.978414635684,39.7753058873622],[-104.978302399377,39.7751878781789],[-104.978046077979,39.7749708982682],[-104.977180304038,39.7743027103886],[-104.976300342843,39.773631020769],[-104.975859926516,39.7732948286148],[-104.975425709064,39.7729627799382],[-104.974985275366,39.7726300157347],[-104.974550148267,39.7723017346488],[-104.973680130698,39.7716153135793],[-104.972810022108,39.7709432982171],[-104.972366834204,39.7706252670396],[-104.971915695062,39.7703010200567]]]},"properties":{"OBJECTID":311,"NBHD_NAME":"Five Points","NBHD_ID":26,"DIST_NUM":9,"Nmbr_Age25Plus_NoDiplomaOrGED":804,"Pct_Age25Plus_NoDiplomaOrGED":5.00217756,"Nmbr_Age25Plus_NoCollDegree":5630,"Pct_Age25Plus_NoCollDegree":35.02768618,"Nmbr_Age25Plus_LessThanBA":6371,"Pct_Age25Plus_LessThanBA":39.63790207,"Nmbr_PopulationUnder18":2187,"Pct_PopulationUnder18":10.81548885,"Nmbr_PopulationOver70":641,"Pct_PopulationOver70":3.16997181,"Nmbr_Age25Plus":16073,"Pct_Age25Plus":79.48667227,"Nmbr_OccupiedUnitsWithRenters":8822,"Pct_OccupiedUnitsWithRenters":80.28028028,"Nmbr_OccupiedUnitsWithOwners":2167,"Pct_OccupiedUnitsWithOwners":19.71971972,"Nmbr_OccupiedUnits":10989,"Nmbr_HouseholdsCostBurdened":3652,"Pct_HouseholdsCostBurdened":33.23323323,"Nmbr_PerCapitaIncome":344189,"Nmbr_PopulationPovDetermined":20029,"Nmbr_PopulationInPoverty":3138,"Pct_PopulationInPoverty":15.66728244,"Nmbr_HouseholdsNoVehAccess":1954,"Pct_HouseholdsNoVehAccess":17.78141778,"Nmbr_Households":10989,"Nmbr_PopulationWithDisability":2180,"Pct_PopulationWithDisability":10.85062964,"Nmbr_PopCivilianNonInstitution":20091,"Nmbr_Population":20221,"Nmbr_Under18SingleParentFam":1284,"Pct_Under18InSingleParentFam":59.63771482,"Nmbr_PopUnder18InHouseholds":2153,"Nmbr_PopulationDensity":11501.43244898,"Nmbr_PopNonHispanicWhite":12562,"Pct_PopNonHispanicWhite":62.12353494,"Nmbr_PopulationMinority":7659,"Pct_PopulationMinority":37.87646506,"Pct_PopOver16Unemployed":5.96103245,"GlobalID":"83ddba69-1e06-42b3-b3e4-e13047dbcd11"}},{"type":"Feature","id":312,"geometry":{"type":"Polygon","coordinates":[[[-104.903510614306,39.7838233737774],[-104.903534610222,39.7828358882414],[-104.903542103622,39.7814672238429],[-104.90353135311,39.7793356928983],[-104.903539269894,39.779284500285],[-104.903549703148,39.7791539419768],[-104.903571493216,39.7786601089436],[-104.903569520023,39.778489841509],[-104.903568839809,39.7784311494643],[-104.903567439453,39.7783097134356],[-104.903568052717,39.7782376407184],[-104.903568499366,39.7781851489103],[-104.903560570455,39.7774409537162],[-104.903496844312,39.7773932610475],[-104.903565413619,39.7773110902317],[-104.90358677517,39.7765274370442],[-104.903583955848,39.7752325323951],[-104.903660106327,39.7748202653129],[-104.90365740119,39.774733637632],[-104.903654965377,39.7746134796034],[-104.903642237047,39.7744825915002],[-104.903619246012,39.7743383022031],[-104.903556824491,39.7739481826834],[-104.903540748827,39.7738039283743],[-104.903531121922,39.7737157733489],[-104.903511611327,39.7735688313074],[-104.903505825373,39.7734353096029],[-104.903499951203,39.7733124632247],[-104.903497518669,39.7727333974808],[-104.903492028448,39.7717692487285],[-104.903493164134,39.771101628357],[-104.903495186934,39.7692772720204],[-104.903513298545,39.768475581388],[-104.903516910233,39.7681918610163],[-104.9034582834,39.7680471543856],[-104.903452079069,39.7674606385782],[-104.903447094583,39.7667264312796],[-104.903449261707,39.7656435790182],[-104.903429001385,39.7638359291653],[-104.903439419912,39.7619838090708],[-104.905791681027,39.7619746935142],[-104.906948392762,39.7619749667316],[-104.908180357663,39.7619774676774],[-104.909408871172,39.7619762499056],[-104.910573369546,39.7619765217515],[-104.911729986482,39.7619767677823],[-104.912431040101,39.7619741693292],[-104.912851305663,39.7619958343642],[-104.914052641046,39.7619992036837],[-104.915212829066,39.7619984618577],[-104.916376204858,39.7619977081419],[-104.917586829431,39.7619932492761],[-104.918812642671,39.7619915133888],[-104.919974246394,39.7619959320953],[-104.921134989304,39.7619938011803],[-104.92197352876,39.7619953128014],[-104.922135840456,39.7619961097364],[-104.922291588995,39.7620073122647],[-104.922445107517,39.7620145917119],[-104.924034459422,39.7620184640796],[-104.925815625864,39.7620109299853],[-104.927593969233,39.7620058417495],[-104.929355750574,39.7619978797321],[-104.931852991731,39.762000331497],[-104.933167048858,39.7620025256397],[-104.934391973527,39.762001544458],[-104.935015078501,39.761999658917],[-104.935621026818,39.7619978225192],[-104.936852573316,39.7619954665028],[-104.93808285394,39.7619903422981],[-104.939314516118,39.761994837867],[-104.939526601428,39.7619985991136],[-104.939679923531,39.7619952028278],[-104.940578188696,39.7619582011063],[-104.940571935111,39.7637666829277],[-104.940569837975,39.7644752910951],[-104.94057007319,39.7656710464316],[-104.940625753669,39.7657964343447],[-104.940630533491,39.766908600669],[-104.940618395088,39.7680960717866],[-104.940607070612,39.7691825395928],[-104.94061724378,39.7728776562268],[-104.940617164245,39.7728876558967],[-104.940609537538,39.7738476056525],[-104.940650608225,39.7750801444043],[-104.940657249977,39.7775697866339],[-104.940666159677,39.7780899829367],[-104.940680943974,39.7790238928909],[-104.940676223278,39.7797316817388],[-104.94066848932,39.780029866089],[-104.940642042134,39.7805809493567],[-104.940637244675,39.7810681696594],[-104.94061130643,39.7813573435952],[-104.940596156433,39.7814987240666],[-104.940556792378,39.7822698854397],[-104.940518986662,39.7837744358918],[-104.940562449154,39.7872449552179],[-104.940568522285,39.7879330067928],[-104.940551335318,39.7884299903558],[-104.94054954318,39.7886544977114],[-104.940547848789,39.7888667586534],[-104.94052967763,39.789154460943],[-104.94049542129,39.789468619538],[-104.940435181225,39.7897234650178],[-104.940391116812,39.7899294234364],[-104.940380215307,39.7899803755633],[-104.940325412491,39.7902168770031],[-104.940249378445,39.7904614414624],[-104.940162305304,39.7907631027981],[-104.940088427907,39.7909752659433],[-104.931660842407,39.7910164786542],[-104.926950001514,39.7910392870968],[-104.92698092177,39.7837759030472],[-104.922274114237,39.7837999155021],[-104.912898974918,39.783819772619],[-104.903510614306,39.7838233737774]]]},"properties":{"OBJECTID":312,"NBHD_NAME":"Northeast Park Hill","NBHD_ID":49,"DIST_NUM":8,"Nmbr_Age25Plus_NoDiplomaOrGED":840,"Pct_Age25Plus_NoDiplomaOrGED":13.68746945,"Nmbr_Age25Plus_NoCollDegree":3642,"Pct_Age25Plus_NoCollDegree":59.34495682,"Nmbr_Age25Plus_LessThanBA":4103,"Pct_Age25Plus_LessThanBA":66.85677041,"Nmbr_PopulationUnder18":2162,"Pct_PopulationUnder18":23.998224,"Nmbr_PopulationOver70":654,"Pct_PopulationOver70":7.25940726,"Nmbr_Age25Plus":6137,"Pct_Age25Plus":68.12076812,"Nmbr_OccupiedUnitsWithRenters":1644,"Pct_OccupiedUnitsWithRenters":48.08423516,"Nmbr_OccupiedUnitsWithOwners":1775,"Pct_OccupiedUnitsWithOwners":51.91576484,"Nmbr_OccupiedUnits":3419,"Nmbr_HouseholdsCostBurdened":1359,"Pct_HouseholdsCostBurdened":39.74846446,"Nmbr_PerCapitaIncome":62526,"Nmbr_PopulationPovDetermined":8580,"Nmbr_PopulationInPoverty":1513,"Pct_PopulationInPoverty":17.63403263,"Nmbr_HouseholdsNoVehAccess":394,"Pct_HouseholdsNoVehAccess":11.52383738,"Nmbr_Households":3419,"Nmbr_PopulationWithDisability":1163,"Pct_PopulationWithDisability":13.36167279,"Nmbr_PopCivilianNonInstitution":8704,"Nmbr_Population":9009,"Nmbr_Under18SingleParentFam":912,"Pct_Under18InSingleParentFam":42.39888424,"Nmbr_PopUnder18InHouseholds":2151,"Nmbr_PopulationDensity":2705.11611325,"Nmbr_PopNonHispanicWhite":2322,"Pct_PopNonHispanicWhite":25.77422577,"Nmbr_PopulationMinority":6687,"Pct_PopulationMinority":74.22577423,"Pct_PopOver16Unemployed":6.67663923,"GlobalID":"84ec9b46-590b-4e2a-a9ef-6b179c872514"}}]}